Rk,Player,Age,Team,Pos,G,GS,MP,FG,FGA,FG%,3P,3PA,3P%,2P,2PA,2P%,eFG%,FT,FTA,FT%,ORB,DRB,TRB,AST,STL,BLK,TOV,PF,PTS,Awards,Player-additional
1,Mikal Bridges,25,PHO,SF,82,82,2854,5.8,10.8,.534,1.5,3.9,.369,4.3,6.9,.628,.601,1.7,2.0,.834,0.9,3.4,4.4,2.3,1.2,0.5,0.9,1.9,14.7,DPOY-2DEF1,bridgmi01
2,Miles Bridges,23,CHO,PF,80,80,2837,7.6,15.4,.491,2.0,5.9,.331,5.6,9.5,.590,.554,3.4,4.2,.802,1.1,6.0,7.1,3.8,0.9,0.9,1.9,2.4,20.5,,bridgmi02
3,DeMar DeRozan,32,CHI,PF,76,76,2743,10.2,20.1,.504,0.7,1.9,.352,9.5,18.3,.520,.521,6.8,7.8,.877,0.7,4.4,5.1,4.9,0.9,0.3,2.4,2.3,27.8,MVP-10ASNBA2,derozde01
4,Jayson Tatum,23,BOS,SF,76,76,2731,9.3,20.6,.453,3.0,8.6,.353,6.3,12.0,.524,.526,5.3,6.2,.853,1.1,6.9,8.0,4.4,1.0,0.6,2.9,2.3,27.0,MVP-6ASNBA1,tatumja01
5,Saddiq Bey,22,DET,SF,82,82,2704,6.0,15.1,.396,2.8,8.1,.346,3.2,7.0,.454,.489,2.8,3.4,.827,1.4,4.4,5.9,3.1,1.0,0.2,1.3,1.7,17.6,,beysa01
6,Tyrese Haliburton,21,2TM,PG,77,77,2695,5.7,12.1,.473,2.2,5.2,.414,3.6,6.9,.517,.562,2.1,2.5,.842,0.8,3.3,4.2,8.4,1.8,0.7,2.7,1.6,15.8,,halibty01
6,Tyrese Haliburton,21,SAC,SG,51,51,1757,5.5,12.0,.457,2.1,5.2,.413,3.4,6.8,.491,.546,1.8,2.1,.837,0.8,3.3,4.1,7.8,1.8,0.7,2.4,1.5,14.9,,halibty01
6,Tyrese Haliburton,21,IND,PG,26,26,938,6.2,12.4,.502,2.2,5.3,.416,4.0,7.1,.565,.590,2.8,3.3,.849,0.8,3.5,4.3,9.6,1.8,0.6,3.2,1.9,17.4,,halibty01
7,Russell Westbrook,33,LAL,PG,78,78,2678,7.4,16.6,.444,1.1,3.6,.298,6.3,13.0,.485,.476,3.6,5.4,.667,1.5,6.3,7.8,7.4,1.0,0.3,4.0,3.2,19.4,,westbru01
8,Trae Young,23,ATL,PG,76,76,2652,9.7,21.0,.460,3.2,8.3,.382,6.5,12.7,.512,.536,6.8,7.5,.904,0.7,3.2,3.9,10.0,1.0,0.1,4.1,1.7,29.3,ASNBA3,youngtr01
9,Tyrese Maxey,21,PHI,PG,75,74,2650,6.6,13.5,.485,1.8,4.2,.427,4.8,9.3,.512,.552,2.9,3.3,.866,0.4,2.9,3.3,4.4,0.7,0.4,1.2,2.1,17.8,,maxeyty01
10,Dorian Finney-Smith,28,DAL,PF,80,80,2644,4.4,9.4,.471,2.3,5.9,.395,2.1,3.5,.599,.595,0.8,1.1,.675,1.7,3.4,5.1,2.0,1.2,0.5,1.1,2.5,12.0,,finnedo01
11,Scottie Barnes,20,TOR,PF,74,74,2617,6.3,12.8,.492,0.8,2.7,.301,5.5,10.2,.543,.524,2.2,3.0,.735,2.7,5.0,7.7,3.5,1.1,0.8,1.9,2.6,15.6,ROY-1,barnesc01
12,Harrison Barnes,29,SAC,PF,77,77,2580,5.5,11.6,.469,2.0,5.0,.394,3.5,6.6,.525,.554,4.8,5.8,.826,1.1,4.9,6.0,2.6,0.7,0.2,1.6,1.3,17.7,,barneha02
13,Pascal Siakam,27,TOR,PF,68,68,2578,8.3,16.9,.494,1.0,3.0,.344,7.3,13.8,.527,.525,4.0,5.3,.749,1.8,6.3,8.1,5.0,1.2,0.6,2.5,3.1,21.7,NBA3,siakapa01
14,Julius Randle,27,NYK,PF,72,72,2544,7.2,17.6,.411,1.7,5.5,.308,5.5,12.1,.458,.459,4.3,5.7,.756,1.8,8.4,10.1,5.2,0.7,0.6,3.5,2.9,20.5,,randlju01
15,Tobias Harris,29,PHI,PF,73,73,2543,7.0,14.5,.482,1.4,3.9,.367,5.5,10.6,.525,.532,2.4,2.9,.842,1.1,5.9,7.0,3.6,0.7,0.6,1.6,2.3,17.8,,harrito02
16,Jalen Brunson,25,DAL,SG,79,61,2524,7.2,14.4,.502,1.3,3.6,.373,5.9,10.8,.545,.549,2.6,3.0,.840,0.6,3.8,4.4,5.4,0.9,0.0,1.8,2.2,18.3,,brunsja01
17,Buddy Hield,29,2TM,SG,81,32,2499,6.4,15.8,.406,3.8,10.3,.366,2.7,5.5,.482,.526,1.6,1.8,.874,1.0,4.1,5.1,3.3,1.1,0.4,2.2,2.7,18.2,,hieldbu01
17,Buddy Hield,29,SAC,SG,55,6,1574,6.1,15.9,.382,4.2,11.3,.368,1.9,4.5,.419,.514,1.8,2.1,.870,1.0,4.1,5.1,2.4,1.1,0.3,2.1,2.6,18.1,,hieldbu01
17,Buddy Hield,29,IND,SG,26,26,925,7.0,15.8,.447,3.1,8.6,.362,3.9,7.2,.549,.546,1.2,1.4,.886,0.9,4.2,5.1,4.8,1.0,0.4,2.5,2.8,18.4,,hieldbu01
18,Nikola Jokić,26,DEN,C,74,74,2476,11.1,19.1,.583,1.4,4.2,.337,9.7,14.9,.652,.620,5.5,6.8,.810,3.0,11.8,14.8,8.5,1.6,0.9,4.1,2.8,29.1,MVP-1ASNBA1,jokicni01
19,Karl-Anthony Towns,26,MIN,C,74,74,2476,9.3,17.7,.529,2.2,5.3,.410,7.2,12.3,.580,.591,5.6,6.8,.822,2.8,7.7,10.6,3.9,1.0,1.2,3.3,3.9,26.4,ASNBA3,townska01
20,Anthony Edwards,20,MIN,SG,72,72,2466,8.0,18.2,.441,3.1,8.8,.357,4.9,9.4,.519,.527,3.2,4.1,.786,0.9,4.1,5.0,4.0,1.5,0.7,2.8,2.4,22.4,,edwaran01
21,Fred VanVleet,27,TOR,PG,65,65,2462,6.5,16.0,.403,3.5,9.4,.377,2.9,6.7,.440,.513,2.8,3.2,.874,0.6,3.6,4.2,6.3,1.6,0.5,2.5,2.4,19.3,AS,vanvlfr01
22,Terry Rozier,27,CHO,SG,73,73,2458,7.6,17.1,.444,3.3,8.7,.374,4.3,8.4,.516,.539,2.2,2.6,.852,0.8,3.8,4.6,4.8,1.4,0.4,1.4,1.7,20.6,,roziete01
23,Gary Trent Jr.,23,TOR,SG,70,69,2448,6.6,16.0,.414,3.1,8.0,.383,3.5,8.0,.445,.511,2.6,3.0,.853,0.4,2.4,2.8,2.1,1.8,0.3,1.1,2.1,18.9,,trentga02
24,Darius Garland,22,CLE,PG,68,68,2430,8.0,17.4,.462,2.6,6.7,.383,5.5,10.7,.512,.536,3.2,3.6,.892,0.6,2.7,3.3,8.6,1.3,0.1,3.7,1.7,21.8,AS,garlada01
25,Franz Wagner,20,ORL,SF,79,79,2429,6.8,14.5,.468,1.4,4.0,.354,5.3,10.4,.511,.517,2.8,3.2,.863,1.2,4.0,5.3,3.4,1.0,0.5,1.8,2.4,17.7,ROY-5,wagnefr01
26,LaMelo Ball,20,CHO,PG,75,75,2422,8.0,18.6,.429,3.3,8.4,.389,4.7,10.2,.462,.517,3.2,3.6,.872,1.6,5.8,7.4,8.5,1.8,0.4,3.6,3.5,22.4,AS,ballla01
27,James Harden,32,2TM,PG,65,65,2419,6.1,14.8,.410,2.2,6.7,.330,3.9,8.1,.476,.485,7.0,8.0,.877,0.8,6.6,7.4,9.9,1.2,0.5,4.2,2.3,21.3,AS,hardeja01
27,James Harden,32,BRK,PG,44,44,1627,6.5,15.6,.414,2.3,6.8,.332,4.2,8.8,.476,.486,6.7,7.7,.869,0.9,6.8,7.8,9.9,1.2,0.7,4.7,2.3,21.9,,hardeja01
27,James Harden,32,PHI,PG,21,21,792,5.2,13.0,.402,2.1,6.4,.326,3.1,6.6,.476,.483,7.5,8.5,.892,0.6,6.2,6.8,10.0,1.2,0.2,3.3,2.2,20.1,,hardeja01
28,Nikola Vučević,31,CHI,C,73,73,2418,8.1,17.2,.473,1.5,4.9,.314,6.6,12.3,.537,.518,1.4,1.8,.760,2.1,9.9,12.0,3.5,1.0,1.1,2.0,2.7,19.2,,vucevni01
29,RJ Barrett,21,NYK,SF,70,70,2417,7.3,17.8,.408,2.1,6.0,.342,5.2,11.8,.442,.466,4.3,6.0,.714,1.0,5.1,6.1,3.1,0.6,0.2,2.2,2.1,20.9,,barrerj01
30,Royce O'Neale,28,UTA,SF,77,77,2406,3.0,6.6,.457,1.8,4.6,.389,1.3,2.1,.609,.591,0.7,0.8,.804,1.0,4.5,5.5,2.9,1.3,0.5,1.2,2.7,8.5,,onealro01
31,Keldon Johnson,22,SAS,SF,75,74,2392,7.1,15.2,.466,2.4,6.0,.398,4.7,9.2,.510,.545,2.7,3.5,.756,1.2,5.7,6.9,2.4,0.9,0.2,1.4,2.2,19.2,,johnske04
32,Aaron Gordon,26,DEN,PF,75,75,2376,6.6,12.6,.520,1.3,3.9,.335,5.3,8.7,.605,.573,2.6,3.5,.743,1.9,4.8,6.7,2.8,0.7,0.7,2.0,2.2,17.1,,gordoaa01
33,Dejounte Murray,25,SAS,PG,68,68,2366,8.7,18.9,.462,1.5,4.5,.327,7.3,14.4,.504,.500,3.0,3.8,.794,1.2,7.3,8.6,9.5,2.1,0.3,2.7,2.1,21.9,AS,murrade01
34,Evan Fournier,29,NYK,SG,80,80,2358,6.1,14.7,.417,3.7,9.5,.389,2.5,5.3,.465,.541,1.2,1.7,.708,0.5,2.7,3.2,2.6,1.2,0.3,1.6,2.7,17.2,,fournev01
35,Patty Mills,33,BRK,SG,81,48,2346,5.0,12.2,.408,3.5,8.7,.400,1.5,3.5,.429,.551,0.7,0.9,.814,0.3,2.1,2.4,2.8,0.8,0.3,1.1,1.7,14.2,,millspa02
36,Devin Booker,25,PHO,SG,68,68,2345,10.2,21.8,.466,2.8,7.3,.383,7.4,14.5,.508,.530,4.8,5.6,.868,0.7,4.6,5.3,5.1,1.2,0.4,2.5,2.8,28.0,MVP-4ASNBA1,bookede01
37,Reggie Jackson,31,LAC,SG,75,75,2337,7.4,18.8,.392,2.6,7.9,.326,4.8,10.9,.439,.460,2.1,2.5,.847,0.6,3.6,4.2,5.5,0.8,0.2,2.7,2.4,19.5,,jacksre01
38,Herbert Jones,23,NOP,PF,78,69,2335,4.2,8.9,.476,0.9,2.6,.337,3.3,6.3,.533,.525,2.1,2.5,.840,1.5,3.1,4.6,2.6,2.0,0.9,1.5,3.7,11.4,ROY-6,joneshe01
39,Evan Mobley,20,CLE,PF,69,69,2331,6.5,12.8,.508,0.4,1.4,.250,6.2,11.4,.541,.522,2.6,3.9,.663,2.2,6.6,8.8,2.7,0.9,1.8,2.1,2.3,16.0,ROY-2,mobleev01
40,Andrew Wiggins,26,GSW,SF,73,73,2330,7.3,15.7,.466,2.4,6.2,.393,4.9,9.6,.513,.543,2.3,3.6,.634,1.3,3.7,5.0,2.5,1.2,0.8,1.7,2.4,19.4,AS,wiggian01
41,Kentavious Caldwell-Pope,28,WAS,SG,77,77,2329,5.6,12.8,.435,2.5,6.3,.390,3.1,6.5,.480,.531,2.1,2.4,.890,0.6,3.4,4.0,2.2,1.3,0.4,1.5,2.1,15.7,,caldwke01
42,Zach LaVine,26,CHI,SG,67,67,2328,8.7,18.3,.476,2.9,7.3,.389,5.9,11.0,.534,.554,4.9,5.8,.853,0.3,4.4,4.8,4.7,0.6,0.4,2.6,1.9,25.3,AS,lavinza01
43,Alec Burks,30,NYK,SG,81,44,2318,4.4,11.3,.391,2.4,6.0,.404,2.0,5.3,.378,.499,3.4,4.1,.822,0.7,5.4,6.2,3.7,1.3,0.4,1.4,3.3,14.7,,burksal01
44,Terance Mann,25,LAC,SF,81,33,2317,5.2,10.7,.484,1.2,3.2,.365,4.0,7.5,.535,.539,2.0,2.5,.780,1.6,5.0,6.6,3.2,0.9,0.3,1.3,2.8,13.5,,mannte01
45,Luka Dončić,22,DAL,PG,65,65,2301,10.0,22.0,.457,3.1,8.9,.353,6.9,13.0,.528,.529,5.7,7.7,.744,0.9,8.4,9.3,8.9,1.2,0.6,4.6,2.3,28.9,MVP-5ASNBA1,doncilu01
46,Joel Embiid,27,PHI,C,68,68,2297,10.4,20.9,.499,1.5,3.9,.371,9.0,17.0,.529,.534,10.2,12.6,.814,2.3,10.2,12.5,4.5,1.2,1.6,3.4,2.8,32.6,MVP-2ASNBA2,embiijo01
47,Marcus Smart,27,BOS,PG,71,71,2296,4.7,11.3,.418,1.9,5.6,.331,2.8,5.6,.506,.501,2.2,2.8,.793,0.7,3.6,4.2,6.5,1.9,0.3,2.5,2.5,13.5,DPOY-1DEF1,smartma01
48,Jordan Poole,22,GSW,SG,76,51,2283,7.5,16.7,.448,3.3,9.1,.364,4.1,7.5,.550,.548,3.9,4.2,.925,0.5,3.6,4.1,4.8,0.9,0.4,2.9,3.2,22.2,,poolejo01
49,Will Barton,31,DEN,SG,71,71,2277,6.2,14.2,.438,2.5,6.8,.365,3.7,7.4,.504,.525,1.6,2.0,.803,0.7,4.7,5.4,4.4,0.9,0.5,2.0,1.8,16.5,,bartowi01
50,Desmond Bane,23,MEM,SG,76,76,2266,8.1,17.5,.461,3.6,8.3,.436,4.4,9.2,.484,.565,2.2,2.5,.903,0.7,4.6,5.3,3.3,1.5,0.5,1.8,3.1,22.0,,banede01
51,Donovan Mitchell,25,UTA,SG,67,67,2266,9.8,21.9,.448,3.7,10.4,.355,6.1,11.5,.533,.533,4.2,5.0,.853,0.9,3.6,4.5,5.7,1.6,0.2,3.2,2.6,27.5,AS,mitchdo01
52,Jonas Valančiūnas,29,NOP,C,74,74,2240,8.2,15.1,.544,0.9,2.5,.361,7.3,12.5,.581,.574,3.8,4.6,.820,3.6,9.9,13.5,3.1,0.7,1.0,2.9,4.0,21.1,,valanjo01
53,Monte Morris,26,DEN,PG,75,74,2239,6.0,12.4,.484,2.0,5.0,.395,4.0,7.4,.545,.564,1.2,1.4,.869,0.4,3.2,3.6,5.4,0.9,0.2,1.3,1.5,15.2,,morrimo01
54,Jaylen Brown,25,BOS,SF,66,66,2220,9.3,19.7,.473,2.7,7.5,.358,6.6,12.2,.544,.541,3.9,5.2,.758,0.9,5.7,6.6,3.7,1.1,0.3,2.9,2.6,25.3,,brownja02
55,Stephen Curry,33,GSW,PG,64,64,2211,8.7,19.9,.437,4.6,12.2,.380,4.1,7.7,.527,.554,4.5,4.9,.923,0.6,4.9,5.5,6.6,1.4,0.4,3.4,2.1,26.5,MVP-8ASNBA2,curryst01
56,Jrue Holiday,31,MIL,PG,67,64,2208,7.8,15.6,.501,2.2,5.2,.411,5.6,10.3,.547,.570,2.2,2.9,.761,1.1,3.8,4.9,7.5,1.8,0.5,3.0,2.2,20.0,DPOY-8DEF2,holidjr01
57,Giannis Antetokounmpo,27,MIL,PF,67,67,2204,11.3,20.3,.553,1.2,4.0,.293,10.1,16.4,.616,.582,9.0,12.5,.722,2.2,10.5,12.7,6.3,1.2,1.5,3.6,3.5,32.7,MVP-3DPOY-6ASNBA1DEF1,antetgi01
58,Kyle Kuzma,26,WAS,PF,66,66,2204,6.9,15.3,.452,2.1,6.1,.341,4.8,9.2,.526,.520,2.5,3.6,.712,1.1,8.0,9.2,3.8,0.7,0.9,2.8,2.1,18.5,,kuzmaky01
59,Derrick White,27,2TM,SG,75,52,2199,5.5,13.1,.421,1.9,6.0,.312,3.6,7.1,.515,.493,3.3,3.8,.864,0.6,3.7,4.3,6.0,1.0,0.9,1.9,2.8,16.2,,whitede01
59,Derrick White,27,SAS,SG,49,48,1486,5.9,13.8,.426,2.0,6.3,.314,3.9,7.6,.519,.497,3.4,3.9,.869,0.6,3.6,4.2,6.6,1.2,1.0,2.1,2.8,17.1,,whitede01
59,Derrick White,27,BOS,SG,26,4,713,4.7,11.6,.409,1.7,5.6,.306,3.0,6.0,.504,.483,3.2,3.8,.853,0.7,3.8,4.4,4.6,0.8,0.8,1.6,2.8,14.4,,whitede01
60,Kevin Huerter,23,ATL,SF,74,60,2188,5.7,12.5,.454,2.6,6.8,.389,3.0,5.7,.530,.559,0.7,0.9,.808,0.5,3.7,4.2,3.3,0.9,0.4,1.5,3.0,14.7,,huertke01
61,Devonte' Graham,26,NOP,PG,76,63,2162,4.9,13.6,.363,3.2,9.4,.341,1.7,4.2,.413,.481,2.0,2.3,.843,0.6,2.3,2.9,5.3,1.2,0.2,1.7,1.6,15.0,,grahade01
62,Tyler Herro,22,MIA,SG,66,10,2151,8.4,18.8,.447,2.9,7.3,.399,5.5,11.4,.477,.525,3.2,3.7,.868,0.5,5.0,5.5,4.4,0.7,0.1,2.9,1.6,22.9,6MOY-1,herroty01
63,CJ McCollum,30,2TM,PG,62,62,2145,9.0,19.5,.460,3.1,7.9,.388,5.9,11.7,.509,.539,1.9,2.9,.682,0.9,3.6,4.5,5.3,1.2,0.4,2.1,2.0,23.0,,mccolcj01
63,CJ McCollum,30,POR,SG,36,36,1267,8.2,18.9,.436,3.2,8.2,.384,5.1,10.7,.476,.520,1.4,1.9,.706,1.0,3.4,4.3,4.6,1.0,0.6,2.0,2.2,21.0,,mccolcj01
63,CJ McCollum,30,NOP,PG,26,26,878,10.1,20.5,.493,2.9,7.4,.394,7.2,13.1,.549,.564,2.8,4.2,.667,0.8,4.0,4.8,6.2,1.4,0.0,2.3,1.8,25.9,,mccolcj01
64,Jordan Clarkson,29,UTA,SG,79,1,2141,7.8,18.7,.419,3.2,10.0,.318,4.6,8.7,.535,.504,2.4,2.9,.828,1.1,3.5,4.6,3.3,1.1,0.3,2.2,2.5,21.3,6MOY-4,clarkjo01
65,Khris Middleton,30,MIL,SF,66,66,2141,7.6,17.2,.443,2.7,7.3,.373,4.9,9.9,.494,.522,4.4,4.9,.890,0.7,5.3,6.0,6.0,1.3,0.3,3.2,2.7,22.3,AS,middlkh01
66,Malik Monk,23,LAL,SG,76,37,2139,6.6,13.9,.473,2.9,7.4,.391,3.7,6.5,.568,.578,1.6,2.0,.795,0.6,3.7,4.3,3.7,1.0,0.5,2.1,2.3,17.6,,monkma01
67,Chris Paul,36,PHO,PG,65,65,2139,6.1,12.4,.493,1.1,3.3,.317,5.0,9.0,.559,.536,2.8,3.4,.837,0.4,4.4,4.8,11.8,2.0,0.3,2.6,2.3,16.1,MVP-9ASNBA3,paulch01
68,Jalen Green,19,HOU,SG,67,67,2138,6.8,16.1,.426,2.6,7.7,.343,4.2,8.4,.502,.508,3.2,4.0,.797,0.6,3.2,3.8,3.0,0.7,0.3,2.3,1.7,19.5,ROY-4,greenja05
69,Domantas Sabonis,25,2TM,PF,62,61,2136,7.5,13.0,.573,0.7,2.1,.312,6.8,10.9,.623,.598,4.1,5.6,.741,3.4,9.3,12.7,5.4,1.0,0.5,3.3,3.4,19.7,,sabondo01
69,Domantas Sabonis,25,IND,PF,47,46,1632,7.3,12.6,.580,0.8,2.4,.324,6.5,10.2,.639,.610,4.2,5.7,.740,3.4,9.1,12.5,5.2,1.0,0.5,3.2,3.2,19.6,,sabondo01
69,Domantas Sabonis,25,SAC,PF,15,15,504,8.0,14.4,.554,0.3,1.2,.235,7.7,13.2,.584,.564,3.9,5.3,.743,3.3,9.9,13.2,6.2,0.9,0.4,3.7,4.1,20.2,,sabondo01
70,Seth Curry,31,2TM,SG,64,64,2135,6.1,12.5,.487,2.7,6.3,.422,3.4,6.2,.553,.594,1.4,1.6,.872,0.4,3.0,3.4,3.9,0.9,0.2,1.8,2.5,16.2,,curryse01
70,Seth Curry,31,PHI,SG,45,45,1566,5.9,12.1,.485,2.3,5.7,.400,3.6,6.4,.561,.580,1.5,1.7,.877,0.4,3.1,3.5,4.2,0.8,0.3,1.9,2.3,15.5,,curryse01
70,Seth Curry,31,BRK,SG,19,19,569,6.6,13.3,.493,3.7,7.8,.468,2.9,5.5,.529,.630,1.1,1.3,.857,0.3,2.8,3.1,3.1,1.1,0.2,1.6,3.0,18.0,,curryse01
71,Kyle Lowry,35,MIA,PG,63,63,2133,4.7,10.6,.440,2.4,6.4,.377,2.2,4.1,.539,.555,2.5,2.9,.851,0.6,4.2,4.8,8.0,1.1,0.3,2.8,3.0,14.2,,lowryky01
72,Bojan Bogdanović,32,UTA,PF,69,69,2131,7.1,15.7,.455,3.1,7.9,.387,4.1,7.8,.524,.552,3.8,4.4,.858,1.0,4.0,5.0,2.0,0.6,0.0,2.0,2.0,21.1,,bogdabo02
73,Jaren Jackson Jr.,22,MEM,PF,78,78,2126,7.3,17.5,.415,2.2,6.8,.319,5.1,10.8,.476,.477,4.8,5.8,.823,2.0,5.7,7.7,1.5,1.2,3.0,2.2,4.6,21.5,DPOY-5DEF1,jacksja02
74,Rudy Gobert,29,UTA,C,66,66,2120,6.1,8.6,.713,0.0,0.1,.000,6.1,8.6,.718,.713,5.1,7.5,.690,4.1,12.3,16.4,1.2,0.8,2.3,2.0,3.0,17.4,DPOY-3ASDEF1,goberru01
75,Ayo Dosunmu,22,CHI,SG,77,40,2110,4.7,9.1,.520,1.2,3.2,.376,3.5,6.0,.596,.585,0.9,1.3,.679,0.5,3.2,3.7,4.4,1.0,0.5,1.8,3.1,11.6,,dosunay01
76,Christian Wood,26,HOU,C,68,67,2094,7.6,15.1,.501,2.3,5.8,.390,5.3,9.3,.570,.576,3.6,5.7,.623,1.9,9.9,11.8,2.7,0.9,1.1,2.2,2.9,20.9,,woodch01
77,Cade Cunningham,20,DET,SG,64,64,2088,7.4,17.8,.416,2.0,6.3,.314,5.4,11.5,.472,.471,2.4,2.9,.845,1.0,5.1,6.1,6.1,1.3,0.7,4.0,3.4,19.2,ROY-3,cunnica01
78,De'Aaron Fox,24,SAC,PG,59,59,2084,8.9,18.9,.473,1.3,4.3,.297,7.6,14.6,.524,.506,4.5,6.0,.750,0.4,3.6,4.0,5.7,1.2,0.4,2.9,3.0,23.6,,foxde01
79,LeBron James,37,LAL,C,56,56,2084,11.1,21.1,.524,2.8,7.7,.359,8.3,13.4,.620,.590,4.4,5.8,.756,1.1,6.8,7.9,6.0,1.3,1.0,3.4,2.1,29.3,MVP-10ASNBA3,jamesle01
80,D'Angelo Russell,25,MIN,PG,65,65,2077,7.0,16.9,.411,3.1,9.0,.340,3.9,7.9,.492,.502,3.4,4.2,.825,0.4,3.3,3.7,8.0,1.1,0.4,2.9,2.3,20.4,,russeda01
81,Davion Mitchell,23,SAC,PG,75,19,2076,6.1,14.6,.418,1.8,5.5,.316,4.4,9.1,.480,.477,1.0,1.5,.659,0.6,2.3,2.9,5.4,1.0,0.4,2.0,2.4,14.9,,mitchda01
82,Cole Anthony,21,ORL,PG,65,65,2059,6.2,15.9,.391,2.3,6.8,.338,3.9,9.1,.432,.464,3.8,4.4,.854,0.6,5.5,6.1,6.5,0.8,0.3,3.0,3.0,18.6,,anthoco01
83,Mike Conley,34,UTA,PG,72,72,2058,6.0,13.8,.435,3.0,7.2,.408,3.1,6.6,.464,.542,2.3,2.8,.796,0.8,3.0,3.8,6.7,1.7,0.4,2.2,2.5,17.2,,conlemi01
84,Justin Holiday,32,2TM,SF,74,65,2057,4.6,11.6,.394,3.1,8.4,.367,1.5,3.2,.467,.528,0.9,1.1,.806,0.5,2.8,3.3,2.2,1.0,0.6,1.2,2.7,13.1,,holidju01
84,Justin Holiday,32,IND,SF,49,40,1416,4.8,11.6,.415,3.2,8.5,.378,1.6,3.1,.516,.553,0.9,1.0,.829,0.5,3.0,3.4,2.3,0.9,0.5,1.2,2.7,13.8,,holidju01
84,Justin Holiday,32,SAC,SG,25,25,641,4.0,11.5,.348,2.8,8.2,.342,1.2,3.3,.362,.471,0.9,1.2,.762,0.6,2.5,3.1,2.1,1.2,0.8,1.2,2.8,11.7,,holidju01
85,Jae'Sean Tate,26,HOU,PF,78,77,2056,6.4,12.8,.498,1.1,3.5,.312,5.3,9.2,.569,.541,2.3,3.2,.707,2.4,5.0,7.4,3.9,1.3,0.7,2.4,5.0,16.1,,tateja01
86,Kevin Durant,33,BRK,PF,55,55,2047,10.2,19.6,.518,2.0,5.3,.383,8.1,14.3,.568,.570,6.5,7.2,.910,0.5,6.6,7.2,6.2,0.8,0.9,3.4,2.0,28.9,MVP-10ASNBA2,duranke01
87,Duncan Robinson,27,MIA,SG,79,68,2043,5.1,12.8,.399,4.1,11.0,.372,1.0,1.8,.569,.559,0.9,1.1,.836,0.4,3.2,3.6,2.3,0.7,0.2,1.1,3.5,15.2,,robindu01
88,Clint Capela,27,ATL,C,74,73,2042,6.5,10.6,.613,0.0,0.0,.000,6.5,10.6,.614,.613,1.4,3.0,.473,4.9,10.5,15.5,1.6,1.0,1.6,0.8,2.9,14.5,,capelca01
89,Bobby Portis,26,MIL,C,72,59,2028,7.4,15.5,.479,2.4,6.0,.393,5.0,9.5,.533,.555,1.5,2.0,.752,3.2,8.5,11.7,1.5,0.9,0.9,1.6,3.1,18.7,,portibo01
90,Al Horford,35,BOS,C,69,69,2005,4.8,10.2,.467,1.6,4.8,.336,3.2,5.5,.582,.546,1.4,1.7,.842,1.9,7.6,9.5,4.2,0.9,1.7,1.2,2.3,12.6,DPOY-9,horfoal01
91,Steven Adams,28,MEM,C,76,75,1999,3.8,6.9,.547,0.0,0.0,.000,3.8,6.9,.548,.547,1.9,3.6,.543,6.3,7.4,13.7,4.6,1.2,1.1,2.1,2.8,9.5,,adamsst01
92,Kelly Oubre Jr.,26,CHO,SF,76,13,1999,7.4,16.8,.440,3.4,10.0,.345,3.9,6.8,.578,.542,2.3,3.4,.667,1.4,4.0,5.4,1.5,1.4,0.6,1.2,3.4,20.5,6MOY-7,oubreke01
93,Deni Avdija,21,WAS,SF,82,8,1984,4.5,10.5,.432,1.5,4.7,.317,3.0,5.8,.525,.503,1.9,2.5,.757,0.9,6.8,7.7,3.0,1.1,0.8,1.6,3.4,12.4,,avdijde01
94,P.J. Tucker,36,MIA,PF,71,70,1981,3.8,7.8,.484,1.5,3.5,.415,2.3,4.3,.540,.577,0.8,1.1,.738,1.8,5.2,7.0,2.7,1.1,0.3,1.2,2.9,9.8,,tuckepj01
95,Isaac Okoro,21,CLE,SF,67,61,1981,3.8,7.8,.480,1.0,2.9,.350,2.8,5.0,.555,.544,2.2,2.8,.768,1.3,2.3,3.7,2.2,1.0,0.4,1.1,3.0,10.7,,okorois01
96,Spencer Dinwiddie,28,2TM,PG,67,51,1980,5.6,13.4,.416,2.0,6.0,.339,3.5,7.4,.479,.493,3.5,4.6,.774,0.8,4.3,5.1,6.3,0.8,0.2,1.9,2.7,16.7,,dinwisp01
96,Spencer Dinwiddie,28,WAS,PG,44,44,1330,5.0,13.3,.376,1.9,6.1,.310,3.1,7.2,.432,.447,3.1,3.9,.811,1.0,4.6,5.6,6.9,0.7,0.2,2.0,2.9,15.0,,dinwisp01
96,Spencer Dinwiddie,28,DAL,PG,23,7,650,6.7,13.5,.498,2.3,5.8,.404,4.4,7.7,.568,.584,4.4,6.0,.725,0.5,3.5,4.0,5.0,0.9,0.3,1.7,2.4,20.1,,dinwisp01
97,Malik Beasley,25,MIN,SG,79,18,1976,6.0,15.5,.391,4.4,11.6,.377,1.7,3.9,.432,.532,0.9,1.1,.817,0.5,3.7,4.1,2.1,0.8,0.2,0.8,1.6,17.4,,beaslma01
98,Jakob Poeltl,26,SAS,C,68,67,1970,7.5,12.1,.618,0.0,0.0,1.000,7.5,12.1,.618,.619,1.7,3.5,.495,4.8,6.8,11.6,3.5,0.8,2.2,2.0,3.9,16.7,,poeltja01
99,Shai Gilgeous-Alexander,23,OKC,PG,56,56,1942,8.8,19.5,.453,1.6,5.5,.300,7.2,14.0,.514,.496,6.1,7.5,.810,0.7,4.5,5.2,6.1,1.3,0.9,2.9,2.6,25.4,,gilgesh01
100,Robert Covington,31,2TM,PF,71,42,1940,3.9,9.2,.420,2.4,6.3,.378,1.5,3.0,.509,.548,1.1,1.3,.841,1.1,6.2,7.3,1.7,1.9,1.7,1.4,3.5,11.2,,covinro01
100,Robert Covington,31,POR,PF,48,40,1431,3.2,8.5,.381,2.0,5.8,.343,1.2,2.7,.462,.499,0.8,0.9,.833,1.0,5.9,6.9,1.7,1.9,1.6,1.5,3.3,9.2,,covinro01
100,Robert Covington,31,LAC,PF,23,2,509,5.7,11.5,.500,3.5,7.7,.450,2.3,3.7,.604,.651,2.0,2.3,.848,1.3,7.0,8.3,1.7,2.1,2.0,1.2,4.1,16.9,,covinro01
101,Devin Vassell,21,SAS,SF,71,32,1937,6.1,14.2,.427,2.5,7.1,.361,3.5,7.1,.492,.516,1.5,1.8,.838,0.8,4.9,5.7,2.5,1.4,0.8,1.1,2.7,16.2,,vassede01
102,Jimmy Butler,32,MIA,SF,57,57,1931,7.4,15.5,.480,0.5,2.2,.233,6.9,13.3,.520,.496,7.4,8.5,.870,1.9,4.4,6.3,5.8,1.8,0.5,2.3,1.6,22.7,AS,butleji01
103,Darius Bazley,21,OKC,PF,69,53,1924,5.1,12.1,.422,1.5,5.0,.297,3.6,7.1,.511,.484,2.2,3.2,.688,1.3,6.8,8.2,1.8,1.1,1.3,1.7,1.3,13.9,,bazleda01
104,Luke Kennard,25,LAC,SG,70,13,1919,5.4,12.0,.449,3.6,7.9,.449,1.8,4.1,.449,.598,1.3,1.4,.896,0.4,3.9,4.3,2.7,0.8,0.1,1.1,1.9,15.6,6MOY-5,kennalu01
105,Kevin Porter Jr.,21,HOU,PG,61,61,1907,6.3,15.3,.415,2.9,7.8,.375,3.4,7.5,.456,.511,2.3,3.6,.642,0.8,4.2,5.0,7.1,1.3,0.4,3.6,2.9,17.9,,porteke02
106,Reggie Bullock,30,DAL,SF,68,37,1902,3.8,9.5,.401,2.7,7.4,.360,1.1,2.1,.550,.542,0.8,0.9,.833,0.6,3.9,4.6,1.6,0.8,0.3,0.8,2.1,11.0,,bullore01
107,Ja Morant,22,MEM,PG,57,57,1889,11.1,22.4,.493,1.7,4.9,.344,9.4,17.6,.534,.530,6.0,7.9,.761,1.5,4.7,6.2,7.3,1.3,0.4,3.7,1.6,29.8,MVP-7MIP-1ASNBA2,moranja01
108,Jae Crowder,31,PHO,PF,67,67,1886,4.1,10.4,.399,2.4,7.0,.348,1.7,3.4,.503,.516,1.4,1.7,.789,0.6,6.2,6.8,2.4,1.8,0.6,1.0,3.3,12.1,,crowdja01
109,Jarred Vanderbilt,22,MIN,PF,74,67,1880,4.1,6.9,.587,0.0,0.3,.143,4.0,6.6,.605,.590,1.6,2.5,.656,4.1,7.8,11.9,1.8,1.9,0.9,1.4,3.5,9.8,,vandeja01
110,Lauri Markkanen,24,CLE,SF,61,61,1878,6.0,13.5,.445,2.6,7.3,.358,3.4,6.2,.548,.542,2.6,3.0,.868,1.1,5.5,6.6,1.6,0.9,0.6,1.0,2.5,17.3,,markkla01
111,Grant Williams,23,BOS,PF,77,21,1875,3.9,8.3,.475,2.0,5.0,.411,1.9,3.3,.569,.597,1.7,1.8,.905,1.2,4.0,5.3,1.5,0.7,1.1,1.2,3.6,11.6,,willigr01
112,Brandon Ingram,24,NOP,SF,55,55,1869,8.7,18.9,.461,1.4,4.4,.327,7.3,14.6,.501,.498,5.1,6.2,.826,0.7,5.5,6.2,5.9,0.7,0.5,2.9,2.3,24.0,,ingrabr01
113,Cody Martin,26,CHO,SF,71,11,1866,3.9,8.2,.482,1.2,3.1,.384,2.8,5.1,.542,.554,1.4,2.1,.701,1.6,3.9,5.5,3.5,1.7,0.6,1.2,2.2,10.5,,martico01
114,Ivica Zubac,24,LAC,C,76,76,1852,6.0,9.6,.626,0.0,0.0,,6.0,9.6,.626,.626,3.2,4.4,.727,4.2,8.3,12.5,2.3,0.7,1.5,2.2,3.9,15.3,,zubaciv01
115,Wendell Carter Jr.,22,ORL,PF,62,61,1852,7.0,13.3,.525,1.4,4.2,.327,5.6,9.1,.615,.576,2.8,4.0,.691,2.7,9.9,12.6,3.3,0.7,0.8,2.3,3.3,18.1,,cartewe01
116,Jeff Green,35,DEN,PF,75,63,1849,5.4,10.3,.524,1.0,3.3,.315,4.4,7.0,.620,.574,3.2,3.9,.833,0.8,3.7,4.5,1.9,0.5,0.5,1.4,2.9,15.0,,greenje02
117,Mitchell Robinson,23,NYK,C,72,62,1848,5.1,6.7,.761,0.0,0.0,,5.1,6.7,.761,.761,1.7,3.5,.486,5.7,6.3,12.0,0.7,1.1,2.6,1.2,3.8,11.9,,robinmi01
118,Bogdan Bogdanović,29,ATL,SG,63,27,1848,6.7,15.5,.431,3.3,8.9,.368,3.4,6.5,.516,.537,1.9,2.2,.843,0.6,4.3,4.9,3.8,1.3,0.3,1.4,2.6,18.5,6MOY-6,bogdabo01
119,Dennis Schröder,28,2TM,PG,64,29,1837,6.1,14.2,.431,1.7,4.9,.344,4.4,9.3,.477,.490,3.1,3.6,.853,0.7,3.5,4.2,5.8,1.0,0.2,2.8,3.0,17.0,,schrode01
119,Dennis Schröder,28,BOS,PG,49,25,1433,6.5,14.7,.440,1.7,4.8,.349,4.8,9.8,.485,.497,3.1,3.6,.848,0.7,3.4,4.1,5.2,1.0,0.1,2.6,2.9,17.7,,schrode01
119,Dennis Schröder,28,HOU,PG,15,4,404,4.9,12.5,.393,1.7,5.2,.328,3.2,7.3,.439,.461,3.0,3.5,.872,0.5,3.9,4.5,7.8,1.1,0.3,3.5,3.4,14.5,,schrode01
120,Bam Adebayo,24,MIA,C,56,56,1825,8.0,14.4,.557,0.0,0.1,.000,8.0,14.3,.562,.557,5.0,6.7,.753,2.7,8.4,11.1,3.7,1.6,0.9,2.9,3.4,21.1,DPOY-4DEF2,adebaba01
121,Mo Bamba,23,ORL,C,71,69,1824,5.8,12.2,.480,2.1,5.5,.381,3.7,6.6,.563,.566,1.1,1.4,.781,2.9,8.4,11.3,1.7,0.7,2.3,1.5,3.6,14.9,,bambamo01
122,Isaiah Stewart,20,DET,C,71,71,1816,5.0,9.7,.510,0.3,0.9,.326,4.7,8.8,.529,.526,1.5,2.0,.718,4.5,7.8,12.2,1.6,0.4,1.5,1.7,4.2,11.7,,stewais01
123,Jarrett Allen,23,CLE,C,56,56,1810,7.3,10.8,.677,0.0,0.2,.100,7.3,10.6,.688,.678,3.3,4.6,.708,3.8,8.2,12.0,1.8,0.9,1.5,1.9,1.9,18.0,AS,allenja01
124,Grayson Allen,26,MIL,SG,66,61,1805,5.1,11.3,.448,3.2,7.8,.409,1.9,3.6,.533,.588,1.3,1.5,.865,0.6,3.8,4.4,2.0,0.9,0.4,0.9,1.9,14.6,,allengr01
125,Robert Williams,24,BOS,C,61,61,1804,5.4,7.3,.736,0.0,0.0,.000,5.4,7.3,.738,.736,1.3,1.8,.722,4.7,7.0,11.7,2.4,1.1,2.7,1.3,2.7,12.1,DPOY-7DEF2,williro04
126,Jaden McDaniels,21,MIN,PF,70,31,1803,5.1,11.1,.460,1.6,5.0,.317,3.5,6.0,.579,.532,1.1,1.4,.803,1.5,4.3,5.9,1.6,1.0,1.1,1.5,4.5,12.9,,mcdanja02
127,Immanuel Quickley,22,NYK,PG,78,3,1802,5.7,14.5,.392,2.7,7.9,.346,2.9,6.6,.448,.487,3.5,4.0,.881,0.6,4.3,4.9,5.5,1.1,0.1,2.0,3.3,17.6,6MOY-10,quickim01
128,Corey Kispert,22,WAS,SF,77,36,1801,4.7,10.3,.455,2.2,6.4,.350,2.4,3.9,.629,.564,1.1,1.2,.871,1.1,3.1,4.2,1.7,0.7,0.4,1.0,1.9,12.7,,kispeco01
129,Dwight Powell,30,DAL,C,82,71,1798,5.4,8.0,.671,0.3,0.7,.351,5.1,7.3,.703,.687,3.3,4.2,.783,3.5,4.6,8.1,1.9,0.7,0.8,1.3,4.4,14.4,,poweldw01
130,Mason Plumlee,31,CHO,C,73,73,1793,4.1,6.4,.641,0.0,0.0,.000,4.1,6.4,.645,.641,1.3,3.4,.392,3.5,7.8,11.3,4.5,1.2,1.0,2.0,4.5,9.6,,plumlma01
131,Carmelo Anthony,37,LAL,PF,69,3,1793,6.4,14.5,.441,3.0,8.0,.375,3.4,6.5,.521,.544,2.7,3.2,.830,1.2,4.5,5.8,1.4,0.9,1.0,1.2,3.3,18.5,,anthoca01
132,Josh Hart,26,2TM,SG,54,53,1791,5.8,11.4,.504,1.5,4.3,.343,4.3,7.2,.601,.569,3.2,4.2,.758,1.2,6.6,7.8,4.5,1.2,0.3,2.3,3.0,16.2,,hartjo01
132,Josh Hart,26,NOP,SG,41,40,1374,5.1,10.1,.505,1.1,3.4,.323,4.0,6.7,.598,.560,3.0,4.0,.753,1.4,6.9,8.3,4.4,1.2,0.3,2.1,3.1,14.4,,hartjo01
132,Josh Hart,26,POR,SG,13,13,417,7.9,15.8,.503,2.7,7.2,.373,5.3,8.6,.610,.587,3.8,4.9,.772,0.8,5.3,6.0,4.8,1.4,0.2,2.8,2.8,22.4,,hartjo01
133,Caris LeVert,27,2TM,SG,58,49,1781,7.7,17.3,.444,1.7,5.2,.320,6.0,12.1,.497,.492,3.0,3.9,.756,0.9,3.5,4.3,5.0,1.0,0.5,2.2,2.6,19.9,,leverca01
133,Caris LeVert,27,IND,SG,39,39,1214,8.2,18.4,.447,1.8,5.6,.323,6.4,12.8,.501,.496,3.3,4.3,.760,0.9,3.6,4.4,5.1,1.0,0.5,2.2,2.7,21.6,,leverca01
133,Caris LeVert,27,CLE,SG,19,10,567,6.4,14.7,.435,1.3,4.3,.313,5.1,10.5,.485,.481,2.2,3.0,.745,0.8,3.2,4.1,4.8,1.0,0.3,2.1,2.5,16.4,,leverca01
134,Bruce Brown,25,BRK,SF,72,45,1774,5.2,10.3,.506,0.8,1.9,.404,4.4,8.4,.529,.543,2.0,2.6,.758,2.0,5.0,7.0,3.0,1.6,1.1,1.1,3.6,13.1,,brownbr01
135,P.J. Washington,23,CHO,C,65,28,1768,5.1,10.8,.470,2.2,6.1,.365,2.9,4.7,.606,.573,1.2,1.6,.716,1.7,5.2,6.9,3.0,1.2,1.2,1.7,3.1,13.6,,washipj01
136,Chuma Okeke,23,ORL,PF,70,20,1749,4.4,11.8,.376,2.4,7.6,.318,2.0,4.2,.480,.478,1.1,1.3,.846,1.0,6.2,7.1,2.4,2.0,0.9,1.2,2.0,12.5,,okekech01
137,Georges Niang,28,PHI,PF,76,7,1736,5.1,11.7,.437,3.2,8.0,.403,1.9,3.6,.511,.575,1.1,1.2,.881,0.5,3.7,4.2,2.1,0.6,0.3,1.2,3.9,14.5,,niangge01
138,Kevon Looney,25,GSW,C,82,80,1732,4.3,7.6,.571,0.0,0.0,.000,4.3,7.5,.573,.571,1.6,2.6,.600,4.3,8.1,12.4,3.4,1.0,1.1,1.4,4.5,10.2,,looneke01
139,Cameron Johnson,25,PHO,PF,66,16,1730,5.8,12.6,.460,3.5,8.1,.425,2.4,4.5,.523,.596,2.0,2.4,.860,0.9,4.8,5.7,2.1,1.2,0.3,1.0,2.4,17.1,6MOY-3,johnsca02
140,Gary Harris,27,ORL,SG,61,30,1730,5.0,11.5,.434,2.4,6.3,.384,2.6,5.2,.494,.539,1.7,2.0,.874,0.7,1.8,2.5,2.2,1.2,0.2,1.3,2.3,14.1,,harriga01
141,OG Anunoby,24,TOR,SF,48,48,1728,6.4,14.5,.443,2.4,6.6,.363,4.0,7.9,.511,.526,1.9,2.5,.754,1.5,4.0,5.5,2.6,1.5,0.5,1.7,2.7,17.1,,anunoog01
142,Precious Achiuwa,22,TOR,C,73,28,1725,5.5,12.6,.439,1.2,3.3,.359,4.4,9.3,.468,.486,1.6,2.7,.595,3.0,6.8,9.9,1.7,0.8,0.9,1.8,3.2,13.9,,achiupr01
143,Deandre Ayton,23,PHO,C,58,58,1713,9.3,14.6,.634,0.1,0.4,.368,9.1,14.2,.642,.639,2.2,3.0,.746,3.1,9.3,12.5,1.8,0.8,0.8,1.9,3.0,21.0,,aytonde01
144,Garrison Mathews,25,HOU,SG,65,33,1712,3.9,9.7,.399,2.9,8.1,.360,0.9,1.6,.600,.550,3.0,3.8,.794,0.7,3.3,4.0,1.3,1.2,0.5,0.9,3.5,13.7,,mathega01
145,Josh Giddey,19,OKC,SF,54,54,1700,6.0,14.2,.419,1.2,4.5,.263,4.8,9.7,.492,.461,1.2,1.7,.709,2.1,6.8,8.9,7.3,1.1,0.4,3.6,1.9,14.3,,giddejo01
146,Pat Connaughton,29,MIL,SF,65,19,1691,4.8,10.6,.458,3.1,7.9,.395,1.7,2.7,.643,.605,1.0,1.1,.833,1.0,4.9,5.8,1.7,1.3,0.3,0.7,1.8,13.7,,connapa01
147,Chris Boucher,29,TOR,SF,80,9,1690,5.7,12.3,.464,1.4,4.9,.297,4.3,7.4,.575,.523,3.2,4.1,.777,3.8,6.7,10.5,0.5,1.0,1.6,0.9,3.7,16.1,,bouchch01
148,Matisse Thybulle,24,PHI,SG,66,50,1685,3.2,6.4,.500,1.0,3.1,.313,2.2,3.3,.673,.575,0.7,0.9,.791,0.9,2.3,3.2,1.6,2.5,1.5,0.8,3.4,8.1,DPOY-11DEF2,thybuma01
149,Anfernee Simons,22,POR,SG,57,30,1681,7.6,17.1,.443,3.8,9.5,.405,3.7,7.6,.490,.555,2.2,2.5,.888,0.6,2.7,3.2,4.7,0.6,0.1,2.5,2.4,21.2,,simonan01
150,Coby White,21,CHI,PG,61,17,1675,6.0,13.8,.433,2.9,7.6,.385,3.1,6.3,.491,.539,1.7,2.0,.857,0.4,3.5,3.9,3.8,0.6,0.2,1.5,2.9,16.6,,whiteco01
151,Danilo Gallinari,33,ATL,PF,66,18,1672,5.6,12.9,.434,2.4,6.3,.381,3.2,6.5,.485,.528,3.0,3.4,.904,0.8,5.9,6.6,2.2,0.6,0.3,0.8,2.0,16.6,,gallida01
152,Eric Gordon,33,HOU,SG,57,46,1670,5.8,12.2,.475,2.7,6.5,.412,3.1,5.7,.548,.585,2.3,2.9,.778,0.3,2.1,2.4,3.3,0.6,0.4,2.3,1.4,16.5,,gordoer01
153,Kevin Love,33,CLE,C,74,4,1665,7.1,16.5,.430,4.0,10.3,.392,3.0,6.1,.493,.553,3.6,4.3,.838,1.9,9.7,11.6,3.5,0.6,0.4,2.1,2.2,21.8,6MOY-2,loveke01
154,Luguentz Dort,22,OKC,SG,51,51,1665,6.3,15.7,.404,2.8,8.5,.332,3.5,7.2,.487,.493,3.5,4.1,.843,0.8,3.8,4.6,1.9,1.0,0.4,1.9,3.2,19.0,,dortlu01
155,John Collins,24,ATL,PF,54,53,1663,7.3,13.9,.526,1.4,3.8,.364,6.0,10.1,.588,.576,2.9,3.7,.793,2.0,7.1,9.1,2.1,0.7,1.2,1.3,3.6,19.0,,collijo01
156,De'Anthony Melton,23,MEM,SG,73,15,1657,6.1,15.1,.404,3.0,8.1,.374,3.1,7.0,.440,.504,2.0,2.6,.750,1.4,5.7,7.1,4.2,2.3,0.8,2.4,2.8,17.2,6MOY-8,meltode01
157,KJ Martin,21,HOU,SF,79,2,1656,6.1,11.4,.533,1.3,3.7,.357,4.8,7.7,.617,.591,1.7,2.7,.634,1.7,4.7,6.5,2.2,0.7,0.9,1.3,2.5,15.1,,martike04
158,Killian Hayes,20,DET,PG,66,40,1647,3.8,10.0,.383,1.0,3.7,.263,2.9,6.4,.452,.431,1.2,1.6,.770,0.8,3.8,4.6,6.1,1.7,0.8,2.4,4.0,9.9,,hayeski01
159,Montrezl Harrell,28,2TM,C,71,3,1641,7.9,12.2,.645,0.1,0.4,.235,7.8,11.8,.658,.649,4.7,6.5,.716,3.3,6.2,9.5,3.2,0.6,0.9,1.6,3.0,20.4,6MOY-9,harremo01
159,Montrezl Harrell,28,WAS,C,46,3,1117,8.0,12.3,.645,0.1,0.5,.267,7.8,11.9,.660,.650,4.8,6.6,.727,3.1,6.9,10.0,3.1,0.6,1.0,1.6,2.8,20.9,,harremo01
159,Montrezl Harrell,28,CHO,C,25,0,524,7.6,11.8,.645,0.0,0.1,.000,7.6,11.7,.653,.645,4.3,6.3,.692,3.6,4.7,8.4,3.4,0.8,0.8,1.5,3.4,19.6,,harremo01
160,Lonnie Walker IV,23,SAS,SG,70,6,1612,6.9,17.1,.407,2.5,7.9,.314,4.5,9.2,.487,.480,2.6,3.3,.784,0.4,3.6,4.0,3.4,1.0,0.4,1.6,2.2,19.0,,walkelo01
161,Cory Joseph,30,DET,PG,65,39,1600,4.0,9.0,.445,1.5,3.5,.414,2.5,5.5,.465,.526,2.3,2.5,.885,0.7,3.3,3.9,5.3,0.9,0.4,1.9,3.3,11.7,,josepco01
162,Josh Richardson,28,2TM,SG,65,7,1600,5.3,12.0,.438,2.3,5.5,.415,3.0,6.5,.458,.534,2.2,2.4,.889,0.9,3.2,4.2,2.6,1.3,0.7,1.5,2.6,15.0,,richajo01
162,Josh Richardson,28,BOS,SG,44,0,1087,5.0,11.4,.443,2.1,5.2,.397,3.0,6.2,.481,.534,2.0,2.4,.859,0.9,3.3,4.1,2.2,1.1,0.8,1.3,2.7,14.1,,richajo01
162,Josh Richardson,28,SAS,SG,21,7,513,5.8,13.4,.429,2.8,6.3,.444,2.9,7.1,.416,.534,2.5,2.6,.946,1.1,3.1,4.2,3.4,1.5,0.4,1.9,2.4,16.8,,richajo01
163,Torrey Craig,31,2TM,SF,78,16,1596,4.5,9.9,.454,1.7,5.3,.329,2.8,4.7,.594,.541,0.9,1.2,.750,1.9,5.1,7.0,2.1,1.0,0.8,1.5,3.4,11.6,,craigto01
163,Torrey Craig,31,IND,SF,51,14,1034,4.5,9.8,.456,1.6,4.8,.333,2.9,5.0,.573,.537,0.9,1.2,.771,2.1,4.7,6.8,2.0,0.8,0.7,1.4,3.3,11.5,,craigto01
163,Torrey Craig,31,PHO,SF,27,2,562,4.6,10.2,.450,2.0,6.1,.323,2.6,4.1,.641,.547,0.8,1.1,.706,1.7,5.6,7.4,2.1,1.4,1.1,1.8,3.6,12.0,,craigto01
164,Gabe Vincent,25,MIA,PG,68,27,1589,4.8,11.6,.417,2.7,7.3,.368,2.2,4.3,.500,.533,1.0,1.2,.815,0.5,2.4,2.9,4.8,1.4,0.3,2.2,3.6,13.4,,vincega01
165,Max Strus,25,MIA,SF,68,16,1587,5.6,12.8,.441,4.1,10.0,.410,1.5,2.8,.557,.602,1.0,1.2,.792,0.5,4.0,4.6,2.1,0.6,0.4,1.3,2.6,16.4,,strusma01
166,Jusuf Nurkić,27,POR,C,56,56,1579,7.3,13.7,.535,0.3,1.3,.268,7.0,12.4,.563,.548,4.2,6.1,.690,3.8,10.3,14.1,3.6,1.4,0.8,3.3,4.3,19.2,,nurkiju01
167,De'Andre Hunter,24,ATL,SF,53,52,1577,5.8,13.1,.442,1.7,4.5,.379,4.1,8.7,.474,.506,2.9,3.8,.765,0.6,3.4,4.0,1.6,0.8,0.5,1.6,3.5,16.2,,huntede01
168,Amir Coffey,24,LAC,SG,69,30,1567,4.8,10.7,.453,2.2,5.8,.378,2.6,4.9,.542,.556,2.3,2.7,.863,0.6,3.9,4.5,2.8,0.9,0.3,1.0,2.0,14.2,,coffeam01
169,Oshae Brissett,23,IND,SF,67,25,1564,4.8,11.6,.411,1.9,5.5,.350,2.9,6.2,.465,.493,2.6,3.8,.695,2.5,5.8,8.2,1.7,1.0,0.7,1.2,2.7,14.1,,brissos01
170,Marcus Morris,32,LAC,PF,54,54,1564,6.9,15.9,.434,2.3,6.3,.367,4.6,9.6,.478,.507,3.0,3.4,.872,0.6,4.9,5.5,2.6,0.6,0.4,1.6,2.6,19.1,,morrima03
171,Gordon Hayward,31,CHO,SF,49,48,1564,6.5,14.2,.459,2.0,5.1,.391,4.5,9.1,.496,.528,2.9,3.4,.846,0.9,4.3,5.2,4.1,1.1,0.5,1.9,2.0,17.9,,haywago01
172,Tyus Jones,25,MEM,PG,73,23,1549,5.8,12.8,.451,1.9,4.8,.390,3.9,8.1,.487,.524,1.3,1.5,.818,0.4,3.7,4.1,7.5,1.5,0.0,1.1,0.7,14.7,6MOY-11,jonesty01
173,Chris Duarte,24,IND,SG,55,39,1541,6.3,14.5,.432,2.2,6.0,.369,4.1,8.6,.475,.507,2.1,2.6,.804,1.0,4.3,5.3,2.7,1.3,0.2,2.1,2.2,16.8,,duartch01
174,Trey Lyles,26,2TM,PF,75,23,1537,6.1,13.2,.466,1.6,4.9,.321,4.6,8.3,.552,.526,4.6,5.7,.802,2.1,6.8,8.9,2.1,0.7,0.7,1.7,2.9,18.4,,lylestr01
174,Trey Lyles,26,DET,PF,51,3,990,6.4,14.0,.456,1.6,5.3,.301,4.8,8.7,.550,.513,5.0,6.4,.784,2.2,6.7,8.9,2.1,0.8,0.9,2.0,3.3,19.3,,lylestr01
174,Trey Lyles,26,SAC,PF,24,20,547,5.7,11.7,.489,1.5,4.1,.365,4.2,7.6,.557,.553,3.8,4.4,.851,1.9,7.0,8.9,2.0,0.5,0.4,1.3,2.1,16.7,,lylestr01
175,Javonte Green,28,CHI,SF,65,45,1519,4.2,7.7,.542,0.9,2.4,.356,3.3,5.3,.625,.597,1.9,2.3,.833,2.2,4.4,6.5,1.4,1.6,0.8,0.7,3.1,11.1,,greenja02
176,Talen Horton-Tucker,21,LAL,SG,60,19,1511,5.3,12.8,.416,1.2,4.3,.269,4.2,8.5,.492,.462,2.4,3.0,.800,0.9,3.7,4.6,3.8,1.4,0.7,2.0,3.5,14.2,,hortota01
177,Jerami Grant,27,DET,PF,47,47,1500,7.2,16.8,.426,2.2,6.1,.358,5.0,10.7,.465,.491,5.2,6.2,.838,0.7,3.9,4.6,2.7,1.1,1.2,2.0,2.6,21.7,,grantje01
178,Alperen Şengün,19,HOU,C,72,13,1489,6.0,12.7,.474,0.7,2.8,.248,5.3,9.9,.539,.502,4.0,5.6,.711,3.3,6.2,9.5,4.5,1.4,1.6,3.5,5.2,16.7,,sengual01
179,Kyle Anderson,28,MEM,PF,69,11,1484,5.1,11.4,.446,0.9,2.6,.330,4.2,8.7,.481,.484,1.6,2.5,.638,1.7,7.3,8.9,4.4,1.9,1.1,1.7,2.6,12.6,,anderky01
180,Kristaps Porziņģis,26,2TM,PF,51,51,1481,8.6,18.6,.459,1.9,6.1,.310,6.7,12.5,.532,.510,6.0,7.0,.867,2.5,7.5,10.0,2.9,0.9,2.0,2.0,3.3,25.0,,porzikr01
180,Kristaps Porziņģis,26,DAL,PF,34,34,1002,8.2,18.3,.451,1.8,6.2,.283,6.5,12.0,.537,.499,5.3,6.1,.865,2.3,7.1,9.4,2.5,0.9,2.1,1.9,3.2,23.5,,porzikr01
180,Kristaps Porziņģis,26,WAS,PF,17,17,479,9.2,19.5,.475,2.2,5.9,.367,7.1,13.5,.522,.531,7.6,8.7,.871,2.9,8.4,11.3,3.8,0.9,1.9,2.1,3.7,28.3,,porzikr01
181,Austin Rivers,29,DEN,SG,67,18,1480,3.6,8.5,.417,1.9,5.6,.342,1.6,2.9,.563,.530,0.8,1.1,.727,0.5,2.3,2.8,2.2,1.2,0.1,1.3,2.9,9.8,,riverau01
182,Patrick Beverley,33,MIN,PG,58,54,1476,4.3,10.6,.406,2.0,5.9,.343,2.3,4.7,.485,.501,2.3,3.2,.722,1.5,4.3,5.9,6.5,1.6,1.3,1.8,4.2,13.0,,beverpa01
183,Nickeil Alexander-Walker,23,2TM,SG,65,21,1466,6.2,16.7,.372,2.6,8.3,.311,3.6,8.4,.433,.449,2.0,2.7,.743,0.9,3.7,4.6,3.8,1.1,0.6,2.3,2.5,17.0,,alexani01
183,Nickeil Alexander-Walker,23,NOP,SG,50,19,1317,6.5,17.3,.375,2.6,8.3,.311,3.9,8.9,.434,.450,1.9,2.7,.722,1.0,3.5,4.5,3.8,1.1,0.5,2.3,2.4,17.5,,alexani01
183,Nickeil Alexander-Walker,23,UTA,SG,15,2,149,3.9,11.6,.333,2.4,8.0,.303,1.4,3.6,.400,.438,2.7,2.9,.917,0.2,5.3,5.6,4.1,1.2,1.0,1.9,3.6,12.8,,alexani01
184,Nicolas Batum,33,LAC,PF,59,54,1463,4.4,9.5,.463,2.7,6.6,.400,1.7,2.9,.607,.602,0.6,0.9,.658,0.7,5.5,6.3,2.5,1.4,1.0,1.0,2.0,12.1,,batumni01
185,Cedi Osman,26,CLE,SF,66,3,1462,6.1,14.1,.432,3.2,8.8,.357,2.9,5.2,.559,.544,2.1,3.2,.664,0.6,3.0,3.6,3.3,1.3,0.2,1.6,3.1,17.5,,osmande01
186,Norman Powell,28,2TM,SF,45,41,1458,6.9,14.9,.461,2.6,6.2,.419,4.3,8.7,.491,.549,4.7,5.8,.811,0.5,3.1,3.6,2.4,1.0,0.5,1.7,2.6,21.1,,powelno01
186,Norman Powell,28,POR,SF,40,39,1333,6.7,14.6,.456,2.5,6.2,.406,4.2,8.5,.492,.542,4.3,5.3,.803,0.5,3.1,3.5,2.2,1.1,0.5,1.7,2.5,20.1,,powelno01
186,Norman Powell,28,LAC,SG,5,2,125,9.2,18.1,.508,3.7,6.9,.542,5.5,11.2,.487,.611,8.6,10.1,.857,0.9,3.2,4.0,4.0,0.6,1.2,2.0,4.0,30.8,,powelno01
187,Delon Wright,29,ATL,SG,77,8,1452,3.0,6.7,.454,1.1,2.9,.379,1.9,3.8,.510,.535,1.3,1.6,.857,1.2,4.2,5.5,4.7,2.3,0.5,1.1,1.4,8.5,,wrighde01
188,Maxi Kleber,30,DAL,PF,59,21,1450,3.5,8.8,.398,2.1,6.3,.325,1.4,2.5,.586,.516,1.1,1.6,.708,1.7,7.0,8.7,1.7,0.7,1.4,1.2,3.4,10.2,6MOY-11,klebima01
189,Terrence Ross,30,ORL,SG,63,0,1448,5.5,13.8,.397,1.9,6.6,.292,3.6,7.2,.493,.467,2.8,3.2,.862,0.5,3.5,4.0,2.9,0.7,0.3,1.9,1.7,15.6,,rosste01
190,Daniel Gafford,23,WAS,C,72,53,1444,7.1,10.2,.693,0.0,0.0,.000,7.1,10.2,.695,.693,2.7,3.8,.699,3.9,6.3,10.1,1.7,0.7,2.5,1.6,4.2,16.9,,gaffoda01
191,Bradley Beal,28,WAS,SG,40,40,1439,8.7,19.3,.451,1.6,5.3,.300,7.1,14.0,.508,.492,4.2,5.1,.833,1.0,3.8,4.7,6.6,0.9,0.4,3.4,2.4,23.2,,bealbr01
192,Landry Shamet,24,PHO,SG,69,14,1437,4.8,12.2,.394,3.1,8.4,.368,1.7,3.8,.450,.521,1.7,2.0,.840,0.4,2.8,3.2,2.7,0.7,0.2,1.0,2.3,14.4,,shamela01
193,Andre Drummond,28,2TM,C,73,36,1437,6.2,10.8,.570,0.0,0.1,.000,6.2,10.8,.574,.570,2.2,4.1,.524,5.7,11.3,17.0,3.3,2.0,1.7,2.9,4.8,14.5,,drumman01
193,Andre Drummond,28,PHI,C,49,12,902,5.1,9.5,.538,0.0,0.1,.000,5.1,9.4,.542,.538,1.7,3.3,.512,5.4,11.9,17.3,3.9,2.2,1.8,3.2,4.8,11.9,,drumman01
193,Andre Drummond,28,BRK,C,24,24,535,8.0,13.1,.610,0.0,0.1,.000,8.0,13.1,.613,.610,3.0,5.5,.537,6.3,10.4,16.6,2.3,1.5,1.5,2.4,4.8,19.0,,drumman01
194,Austin Reaves,23,LAL,SG,61,19,1418,3.7,8.1,.459,1.3,4.2,.317,2.4,3.8,.616,.542,2.5,3.0,.839,1.1,3.8,4.9,2.8,0.7,0.5,1.0,2.2,11.3,,reaveau01
195,Furkan Korkmaz,24,PHI,SG,67,19,1414,4.6,12.0,.387,2.0,6.8,.289,2.7,5.2,.515,.469,1.7,2.1,.810,0.6,3.9,4.5,3.2,0.8,0.2,1.2,1.5,13.0,,korkmfu01
196,Avery Bradley,31,LAL,SG,62,45,1406,3.8,9.0,.423,2.1,5.4,.390,1.7,3.6,.471,.540,0.4,0.5,.889,0.8,2.7,3.5,1.2,1.4,0.2,1.0,3.0,10.1,,bradlav01
197,Anthony Davis,28,LAL,C,40,40,1404,9.5,17.8,.532,0.3,1.8,.186,9.2,16.0,.571,.542,4.5,6.3,.713,2.7,7.4,10.1,3.1,1.3,2.3,2.1,2.5,23.8,,davisan02
198,R.J. Hampton,20,ORL,SG,64,14,1402,4.5,11.7,.383,1.6,4.7,.350,2.9,7.0,.405,.453,1.9,3.0,.641,0.6,4.4,5.0,4.1,1.1,0.3,2.2,2.6,12.6,,hamptrj01
199,Jaxson Hayes,21,NOP,C,70,28,1398,6.3,10.2,.616,0.5,1.5,.351,5.8,8.8,.660,.641,3.7,4.8,.766,3.0,5.2,8.1,1.1,0.8,1.4,1.4,4.0,16.8,,hayesja02
200,Otto Porter Jr.,28,GSW,PF,63,15,1396,5.0,10.7,.464,2.1,5.6,.370,2.9,5.2,.565,.560,1.3,1.6,.803,2.2,7.1,9.3,2.4,1.8,0.7,1.0,2.1,13.3,,porteot01
201,Raul Neto,29,WAS,PG,70,19,1372,5.4,11.6,.463,0.9,3.1,.292,4.4,8.4,.526,.502,2.2,2.8,.769,0.3,3.2,3.5,5.7,1.4,0.1,2.1,2.7,13.8,,netora01
202,Caleb Martin,26,MIA,SF,60,12,1372,5.5,10.8,.507,1.7,4.1,.413,3.8,6.7,.565,.585,1.9,2.4,.763,1.8,4.2,6.0,1.7,1.5,0.8,1.4,2.7,14.5,,martica02
203,Tre Mann,20,OKC,PG,60,26,1367,6.1,15.5,.393,2.6,7.2,.360,3.5,8.3,.421,.476,1.7,2.2,.793,0.7,3.8,4.5,2.4,1.2,0.3,1.9,2.7,16.5,,manntr01
204,Eric Bledsoe,32,LAC,PG,54,29,1361,5.2,12.4,.421,1.3,4.3,.313,3.9,8.1,.479,.475,2.4,3.1,.761,0.7,4.1,4.8,6.0,1.8,0.5,3.1,2.2,14.1,,bledser01
205,Danny Green,34,PHI,SF,62,28,1353,3.4,8.5,.394,2.7,7.2,.380,0.6,1.3,.469,.555,0.3,0.4,.786,0.9,3.3,4.2,1.7,1.6,1.0,1.2,2.8,9.7,,greenda02
206,Ziaire Williams,20,MEM,SF,62,31,1346,5.1,11.3,.450,2.0,6.5,.314,3.1,4.9,.632,.540,1.2,1.5,.782,0.7,2.8,3.5,1.7,0.9,0.3,1.1,3.0,13.4,,willizi02
207,Josh Christopher,20,HOU,SG,74,2,1334,6.0,13.5,.448,1.5,5.1,.296,4.5,8.4,.540,.504,2.2,3.0,.735,1.4,3.6,5.0,4.0,1.8,0.4,3.1,2.6,15.8,,chrisjo01
208,Draymond Green,31,GSW,PF,46,44,1329,3.7,7.0,.525,0.4,1.5,.296,3.2,5.5,.586,.556,1.6,2.5,.659,1.2,7.9,9.1,8.7,1.7,1.4,3.8,3.7,9.4,DPOY-10ASDEF2,greendr01
209,Bones Hyland,21,DEN,SG,69,4,1310,6.3,15.7,.403,3.6,9.8,.366,2.7,5.9,.465,.518,2.9,3.4,.856,0.4,4.8,5.2,5.2,1.1,0.5,2.4,4.2,19.2,,hylanbo01
210,Jalen Suggs,20,ORL,PG,48,45,1307,5.5,15.1,.361,1.2,5.4,.214,4.3,9.7,.443,.400,3.5,4.5,.773,0.7,4.0,4.7,5.8,1.6,0.5,3.9,3.9,15.5,,suggsja01
211,John Konchar,25,MEM,SG,72,7,1292,3.8,7.3,.515,1.4,3.5,.413,2.3,3.8,.610,.615,0.8,1.4,.551,2.4,6.7,9.2,3.0,1.3,0.6,0.8,2.5,9.7,,konchjo01
212,Bryn Forbes,28,2TM,SG,75,2,1286,6.5,15.1,.429,3.4,8.3,.414,3.1,6.8,.447,.542,2.2,2.4,.908,0.3,2.3,2.6,2.1,0.7,0.1,1.6,2.7,18.6,,forbebr01
212,Bryn Forbes,28,SAS,SG,40,1,676,6.8,15.8,.432,3.4,8.0,.417,3.5,7.7,.448,.539,2.3,2.6,.898,0.2,3.1,3.4,2.2,0.9,0.2,1.8,2.2,19.3,,forbebr01
212,Bryn Forbes,28,DEN,SG,35,1,610,6.1,14.3,.424,3.5,8.5,.410,2.6,5.8,.444,.545,2.1,2.2,.921,0.4,1.4,1.8,2.0,0.5,0.1,1.4,3.1,17.7,,forbebr01
213,Ben McLemore,28,POR,SG,64,6,1285,6.1,15.1,.401,4.2,11.7,.362,1.8,3.4,.533,.541,2.0,2.5,.818,0.3,2.5,2.9,1.7,1.1,0.3,1.5,2.9,18.4,,mclembe01
214,Chimezie Metu,24,SAC,C,60,20,1279,5.7,12.6,.452,1.6,5.2,.306,4.1,7.4,.555,.516,2.0,2.6,.780,1.0,8.5,9.4,1.7,1.4,0.9,1.7,2.6,15.0,,metuch01
215,Cameron Payne,27,PHO,PG,58,12,1278,6.8,16.5,.409,2.0,5.9,.336,4.8,10.6,.449,.469,2.1,2.5,.843,0.7,4.3,4.9,7.9,1.1,0.5,2.9,3.4,17.6,,payneca01
216,Hamidou Diallo,23,DET,SG,58,29,1269,7.4,14.9,.496,0.7,2.6,.247,6.8,12.3,.550,.518,2.6,4.0,.650,2.0,5.9,7.9,2.1,2.0,0.5,1.6,4.1,18.0,,diallha01
217,Damion Lee,29,GSW,SG,63,5,1256,4.8,11.0,.441,1.8,5.4,.337,3.0,5.6,.541,.523,1.9,2.1,.880,0.8,5.0,5.8,1.8,1.1,0.2,1.1,2.7,13.4,,leeda03
218,George Hill,35,MIL,PG,54,17,1253,3.4,7.9,.429,1.2,3.8,.306,2.2,4.1,.546,.504,1.6,1.8,.919,1.1,3.4,4.5,3.4,1.2,0.2,1.2,2.0,9.6,,hillge01
219,Gary Payton II,29,GSW,SG,71,16,1248,6.1,9.9,.616,1.2,3.5,.358,4.9,6.5,.754,.679,1.0,1.7,.603,2.1,5.0,7.1,1.8,2.8,0.6,1.2,3.8,14.5,,paytoga02
220,Brandon Clarke,25,MEM,PF,64,1,1246,8.3,12.9,.644,0.1,0.6,.227,8.2,12.3,.666,.650,2.5,3.8,.654,3.9,6.0,9.9,2.5,1.1,2.0,1.0,3.5,19.2,6MOY-11,clarkbr01
221,Tim Hardaway Jr.,29,DAL,SG,42,20,1245,6.0,15.3,.394,2.9,8.8,.336,3.1,6.5,.473,.491,2.3,3.0,.757,0.4,4.1,4.5,2.7,1.1,0.2,1.0,2.1,17.3,,hardati02
222,Drew Eubanks,24,2TM,C,71,31,1245,6.4,10.7,.596,0.1,0.7,.217,6.2,10.1,.621,.602,2.9,3.8,.762,3.8,7.3,11.0,2.5,0.9,1.2,2.3,3.5,15.8,,eubandr01
222,Drew Eubanks,24,SAS,C,49,9,595,5.1,9.6,.528,0.1,0.5,.125,5.0,9.1,.550,.531,3.6,4.8,.747,3.9,8.0,11.9,3.0,0.8,1.8,2.8,3.7,13.8,,eubandr01
222,Drew Eubanks,24,POR,C,22,22,650,7.6,11.7,.646,0.2,0.8,.267,7.4,10.9,.675,.656,2.2,2.8,.784,3.7,6.6,10.3,1.9,1.0,0.6,1.9,3.4,17.6,,eubandr01
223,Myles Turner,25,IND,C,42,42,1235,5.8,11.5,.509,1.8,5.3,.333,4.1,6.1,.662,.587,2.3,3.1,.752,1.9,6.8,8.7,1.3,0.8,3.4,1.6,3.5,15.7,,turnemy01
224,Aleksej Pokusevski,20,OKC,PF,61,12,1233,5.4,13.3,.408,1.7,5.8,.289,3.8,7.6,.498,.470,1.0,1.5,.700,2.1,7.2,9.3,3.8,1.1,1.1,2.7,2.6,13.5,,pokusal01
225,Obi Toppin,23,NYK,PF,72,10,1230,7.3,13.8,.531,1.5,4.9,.308,5.8,8.9,.655,.586,2.8,3.6,.758,2.0,5.8,7.8,2.3,0.7,1.0,1.6,3.0,19.0,,toppiob01
226,Doug McDermott,30,SAS,PF,51,51,1223,6.3,13.7,.462,3.2,7.5,.422,3.1,6.2,.512,.578,1.2,1.5,.784,0.5,2.9,3.4,1.9,0.4,0.2,1.3,2.3,17.0,,mcderdo01
227,Isaiah Hartenstein,23,LAC,C,68,0,1216,6.8,10.8,.626,0.4,0.9,.467,6.4,9.9,.640,.645,2.7,3.9,.689,3.5,6.4,9.8,4.7,1.5,2.3,2.5,4.9,16.7,,harteis01
228,Naz Reid,22,MIN,C,77,6,1215,6.9,14.1,.489,1.7,4.9,.343,5.2,9.2,.568,.549,3.4,4.4,.765,3.0,5.9,8.9,2.1,1.2,2.1,2.4,5.1,18.9,,reidna01
229,Lonzo Ball,24,CHI,PG,35,35,1212,4.8,11.4,.423,3.3,7.7,.423,1.5,3.7,.423,.567,0.6,0.8,.750,1.0,4.6,5.6,5.3,1.9,0.9,2.4,2.5,13.5,,balllo01
230,Aaron Wiggins,23,OKC,SG,50,35,1209,4.6,10.0,.463,1.3,4.1,.304,3.4,5.9,.573,.525,1.8,2.5,.729,1.5,3.8,5.3,2.0,0.9,0.3,1.6,2.8,12.4,,wiggiaa01
231,Malcolm Brogdon,29,IND,PG,36,36,1206,7.3,16.2,.448,1.7,5.6,.312,5.5,10.7,.518,.501,4.3,5.0,.856,1.0,4.5,5.5,6.3,0.9,0.4,2.3,2.1,20.5,,brogdma01
232,James Johnson,34,BRK,PF,62,10,1191,4.4,9.3,.469,0.7,2.6,.271,3.7,6.7,.545,.507,0.9,1.7,.527,1.5,5.0,6.5,3.9,0.9,1.0,1.5,4.9,10.3,,johnsja01
233,Jonathan Kuminga,19,GSW,SF,70,12,1185,7.2,14.0,.513,1.5,4.5,.336,5.7,9.4,.598,.567,3.9,5.8,.684,1.6,5.5,7.1,1.9,0.9,0.7,2.2,4.4,19.8,,kuminjo01
234,Jordan Nwora,23,MIL,SF,62,13,1185,5.7,14.0,.403,2.4,6.9,.348,3.3,7.1,.455,.488,1.1,1.3,.837,1.1,5.6,6.7,1.8,0.8,0.5,1.7,2.4,14.8,,nworajo01
235,Facundo Campazzo,30,DEN,PG,65,4,1184,3.3,9.0,.361,1.8,5.9,.301,1.5,3.1,.476,.459,1.8,2.4,.769,0.7,2.9,3.6,6.7,1.9,0.7,2.0,3.8,10.1,,campafa01
236,Shake Milton,25,PHI,SG,55,6,1179,5.3,12.3,.429,1.3,4.1,.323,4.0,8.2,.481,.483,1.9,2.2,.836,0.9,3.4,4.3,4.2,0.9,0.5,1.3,3.0,13.7,,miltosh01
237,Taurean Prince,27,MIN,PF,69,8,1177,5.4,11.9,.454,2.6,7.0,.376,2.8,4.9,.565,.564,1.9,2.5,.756,0.8,4.5,5.3,2.1,1.4,0.7,1.6,3.5,15.4,,princta02
238,Cam Thomas,20,BRK,SG,67,2,1176,6.7,15.4,.433,1.4,5.3,.270,5.2,10.1,.520,.480,2.7,3.2,.829,0.5,4.4,4.9,2.4,1.0,0.2,1.7,2.0,17.4,,thomaca02
239,CJ Elleby,21,POR,SF,58,28,1174,3.7,9.4,.393,1.1,3.9,.294,2.6,5.6,.462,.453,1.8,2.6,.714,2.0,4.9,7.0,2.7,1.1,0.6,1.7,3.6,10.4,,ellebcj01
240,JaVale McGee,34,PHO,C,74,17,1172,8.8,14.1,.629,0.1,0.3,.222,8.8,13.8,.637,.631,3.1,4.5,.699,5.0,10.2,15.2,1.3,0.7,2.5,3.0,5.6,20.9,,mcgeeja01
241,Frank Jackson,23,DET,PG,53,7,1164,6.0,14.9,.402,2.7,8.6,.308,3.3,6.3,.529,.491,2.7,3.2,.827,0.6,2.1,2.7,1.7,0.8,0.3,1.2,2.8,17.3,,jacksfr01
242,Hassan Whiteside,32,UTA,C,65,8,1162,6.7,10.2,.652,0.0,0.0,,6.7,10.2,.652,.652,3.2,5.2,.623,5.1,10.2,15.3,0.8,0.7,3.2,1.6,5.5,16.5,,whiteha01
243,Marvin Bagley III,22,2TM,PF,48,25,1153,7.0,13.9,.504,0.7,3.0,.237,6.3,10.9,.579,.530,2.1,3.2,.663,3.3,7.3,10.6,1.1,0.7,0.6,1.2,2.9,16.9,,baglema01
243,Marvin Bagley III,22,SAC,PF,30,17,663,6.2,13.4,.463,0.8,3.4,.242,5.4,10.0,.538,.494,1.9,2.6,.745,3.6,8.0,11.7,0.9,0.5,0.6,1.1,2.7,15.1,,baglema01
243,Marvin Bagley III,22,DET,PF,18,8,490,8.2,14.7,.555,0.6,2.6,.229,7.6,12.1,.624,.575,2.4,4.0,.593,2.8,6.2,9.0,1.4,1.0,0.5,1.3,3.2,19.2,,baglema01
244,Tre Jones,22,SAS,PG,69,11,1148,5.2,10.6,.490,0.3,1.6,.196,4.9,9.0,.542,.504,2.2,2.9,.780,0.9,4.0,4.9,7.3,1.3,0.2,1.4,2.4,13.0,,jonestr01
245,Alex Caruso,27,CHI,SG,41,18,1147,3.2,8.0,.398,1.3,4.0,.333,1.9,4.1,.462,.480,1.8,2.3,.795,1.0,3.6,4.6,5.2,2.2,0.5,1.8,3.3,9.5,,carusal01
246,Nemanja Bjelica,33,GSW,C,71,0,1143,5.0,10.8,.468,1.7,4.7,.362,3.3,6.1,.549,.547,1.9,2.6,.728,2.0,7.3,9.3,5.0,1.3,0.8,2.7,4.0,13.6,,bjeline01
247,Ish Smith,33,2TM,PG,65,1,1126,5.9,13.7,.430,0.8,2.1,.373,5.1,11.6,.441,.459,0.5,0.8,.625,0.8,3.7,4.5,7.8,1.5,0.7,2.5,2.5,13.1,,smithis01
247,Ish Smith,33,CHO,PG,37,1,511,5.1,13.0,.395,0.7,1.8,.400,4.4,11.3,.394,.422,0.8,1.3,.632,0.8,3.2,4.0,6.9,1.4,0.7,2.5,2.4,11.8,,smithis01
247,Ish Smith,33,WAS,PG,28,0,615,6.6,14.3,.457,0.9,2.5,.357,5.7,11.9,.478,.488,0.2,0.3,.600,0.8,4.0,4.9,8.5,1.6,0.8,2.5,2.6,14.2,,smithis01
248,Joe Ingles,34,UTA,SF,45,15,1122,3.7,9.1,.404,2.5,7.2,.347,1.2,1.9,.617,.540,0.5,0.7,.773,0.4,3.8,4.2,5.1,0.7,0.2,1.5,2.6,10.4,,inglejo01
249,Garrett Temple,35,NOP,SG,59,16,1098,3.6,9.7,.376,1.9,6.1,.319,1.7,3.6,.473,.476,0.9,1.3,.683,1.0,3.7,4.7,2.4,1.4,0.8,1.4,2.7,10.1,,templga01
250,Stanley Johnson,25,LAL,PF,48,27,1094,3.9,8.3,.466,1.1,3.5,.314,2.8,4.8,.575,.532,1.7,2.4,.716,1.1,4.0,5.1,2.6,1.4,0.5,1.2,3.6,10.5,,johnsst04
251,Kyrie Irving,29,BRK,PG,29,29,1091,9.5,20.3,.469,3.3,7.9,.418,6.2,12.4,.501,.550,3.9,4.3,.915,0.5,3.7,4.2,5.5,1.4,0.6,2.4,2.7,26.3,,irvinky01
252,Nassir Little,21,POR,SF,42,23,1088,4.8,10.4,.460,1.7,5.1,.331,3.1,5.3,.584,.541,2.3,3.1,.734,1.9,5.9,7.8,1.8,0.8,1.2,1.3,2.7,13.6,,littlna01
253,Jeremiah Robinson-Earl,21,OKC,C,49,36,1087,4.4,10.7,.414,1.9,5.5,.352,2.5,5.3,.478,.503,1.3,1.8,.741,2.5,6.6,9.1,1.6,1.0,0.5,1.3,2.5,12.1,,robinje02
254,JaMychal Green,31,DEN,PF,67,8,1085,5.3,10.8,.486,1.1,4.1,.266,4.2,6.7,.621,.537,2.7,3.1,.871,2.7,6.6,9.3,2.0,1.4,0.9,1.9,5.2,14.3,,greenja01
255,Paul George,31,LAC,PF,31,31,1077,9.0,21.3,.421,3.0,8.6,.354,5.9,12.7,.467,.493,4.2,4.9,.858,0.4,6.7,7.1,5.9,2.2,0.4,4.2,2.5,25.2,,georgpa01
256,Richaun Holmes,28,SAC,C,45,37,1074,6.6,10.1,.660,0.1,0.2,.400,6.6,9.9,.664,.663,2.3,3.0,.778,3.1,7.5,10.6,1.6,0.6,1.4,1.9,4.3,15.7,,holmeri01
257,Kenrich Williams,27,OKC,SF,49,0,1072,4.9,10.6,.461,1.4,4.1,.339,3.5,6.6,.536,.525,1.0,1.8,.545,2.5,4.9,7.4,3.6,1.5,0.3,1.5,2.7,12.2,,willike04
258,Dewayne Dedmon,32,MIA,C,67,15,1065,5.5,9.8,.566,0.6,1.6,.404,4.9,8.2,.597,.598,2.5,3.4,.750,3.5,9.5,13.0,1.6,0.8,1.4,2.4,5.9,14.3,,dedmode01
259,Damian Lillard,31,POR,PG,29,29,1056,7.6,18.8,.402,3.1,9.7,.324,4.4,9.1,.485,.486,5.4,6.2,.878,0.4,3.6,4.1,7.2,0.6,0.4,2.8,1.3,23.7,,lillada01
260,Troy Brown Jr.,22,CHI,SF,66,7,1055,3.7,8.8,.419,1.6,4.5,.353,2.1,4.3,.488,.510,0.7,0.9,.769,1.3,5.6,6.9,2.3,1.2,0.2,0.9,2.1,9.7,,browntr01
261,LaMarcus Aldridge,36,BRK,C,47,12,1050,8.6,15.7,.550,0.5,1.6,.304,8.2,14.1,.578,.566,3.1,3.5,.873,2.5,6.3,8.8,1.4,0.5,1.6,1.5,2.7,20.8,,aldrila01
262,Larry Nance Jr.,29,2TM,PF,46,11,1040,4.5,8.6,.522,0.8,2.4,.329,3.7,6.1,.599,.569,1.4,2.0,.702,2.5,6.1,8.6,2.8,1.5,0.7,1.3,2.9,11.1,,nancela02
262,Larry Nance Jr.,29,POR,C,37,11,858,4.3,8.3,.515,0.8,2.6,.306,3.5,5.7,.610,.563,1.3,2.1,.653,2.4,6.3,8.8,3.1,1.6,0.5,1.1,2.8,10.7,,nancela02
262,Larry Nance Jr.,29,NOP,PF,9,0,182,5.3,9.7,.551,0.8,1.6,.500,4.5,8.1,.561,.592,1.6,1.6,1.000,2.8,4.9,7.7,1.6,1.0,1.4,2.0,3.4,13.1,,nancela02
263,Josh Green,21,DAL,SG,67,3,1039,4.5,8.9,.508,1.0,2.7,.359,3.5,6.2,.573,.563,1.1,1.6,.689,1.8,3.8,5.6,2.7,1.6,0.5,1.5,4.0,11.1,,greenjo02
264,Rudy Gay,35,UTA,PF,55,1,1038,5.4,13.1,.414,2.4,7.0,.345,3.0,6.1,.494,.507,2.2,2.7,.785,1.9,6.5,8.4,1.9,0.9,0.7,1.6,3.3,15.5,,gayru01
265,DeAndre' Bembry,27,2TM,SF,56,20,1026,4.4,7.8,.561,0.5,1.3,.417,3.8,6.5,.589,.595,0.7,1.2,.600,1.5,4.2,5.7,2.3,1.7,0.9,1.1,4.0,10.0,,bembrde01
265,DeAndre' Bembry,27,BRK,SF,48,20,949,4.6,8.1,.568,0.6,1.4,.417,4.0,6.7,.599,.603,0.8,1.3,.600,1.4,4.3,5.8,2.3,1.8,0.9,1.1,3.9,10.5,,bembrde01
265,DeAndre' Bembry,27,MIL,SF,8,0,77,1.4,3.7,.375,0.0,0.0,,1.4,3.7,.375,.375,0.0,0.0,,1.9,3.3,5.1,2.8,0.9,0.0,0.5,4.2,2.8,,bembrde01
266,Aaron Holiday,25,2TM,PG,63,15,1021,5.3,11.9,.447,1.4,3.6,.379,3.9,8.3,.477,.504,2.1,2.4,.868,0.8,3.5,4.3,5.4,1.5,0.3,2.4,3.2,14.1,,holidaa01
266,Aaron Holiday,25,WAS,PG,41,14,663,5.4,11.6,.467,1.2,3.6,.343,4.2,8.0,.524,.521,1.5,1.9,.800,0.5,3.1,3.6,4.2,1.3,0.5,2.1,3.3,13.6,,holidaa01
266,Aaron Holiday,25,PHO,PG,22,1,358,5.1,12.5,.411,1.6,3.6,.444,3.5,8.8,.398,.476,3.1,3.3,.939,1.5,4.0,5.5,7.5,1.8,0.0,2.8,3.2,15.0,,holidaa01
267,Damian Jones,26,SAC,C,56,15,1017,6.2,9.4,.658,0.4,1.0,.345,5.8,8.4,.696,.677,3.3,4.6,.718,2.7,6.1,8.7,2.4,0.9,1.7,2.1,4.6,16.1,,jonesda03
268,Lamar Stevens,24,CLE,PF,63,13,1015,5.5,11.3,.489,0.6,2.3,.277,4.9,9.0,.543,.517,1.9,2.7,.707,1.7,4.1,5.8,1.6,1.1,0.6,1.5,3.8,13.6,,stevela01
269,Cam Reddish,22,2TM,SF,49,7,1012,5.9,14.5,.404,2.3,6.5,.359,3.5,8.0,.442,.485,3.6,4.0,.902,0.9,2.8,3.7,1.7,1.7,0.5,2.0,2.1,17.7,,reddica01
269,Cam Reddish,22,ATL,SF,34,7,797,6.2,15.5,.402,2.6,6.9,.379,3.6,8.6,.421,.487,3.3,3.6,.900,0.9,2.9,3.8,1.7,1.6,0.5,2.0,2.0,18.3,,reddica01
269,Cam Reddish,22,NYK,SF,15,0,215,4.5,10.9,.415,1.3,5.2,.258,3.2,5.7,.559,.477,4.9,5.4,.906,0.8,2.7,3.5,1.7,2.0,0.7,2.2,2.5,15.2,,reddica01
270,Donte DiVincenzo,25,2TM,SG,42,1,1006,4.2,12.0,.351,2.6,7.8,.339,1.6,4.2,.373,.461,2.5,3.0,.843,1.4,4.7,6.1,4.2,1.7,0.3,2.6,2.5,13.6,,divindo01
270,Donte DiVincenzo,25,MIL,SG,17,0,341,4.1,12.5,.331,2.2,7.8,.284,1.9,4.6,.409,.419,2.4,2.9,.852,1.9,4.4,6.3,3.1,1.2,0.3,3.0,2.7,12.9,,divindo01
270,Donte DiVincenzo,25,SAC,SG,25,1,665,4.3,11.8,.362,2.9,7.8,.368,1.4,4.0,.351,.484,2.5,3.0,.839,1.2,4.8,6.0,4.8,2.0,0.3,2.4,2.3,14.0,,divindo01
271,Wesley Matthews,35,MIL,SG,49,14,1002,3.1,7.9,.395,1.9,5.6,.338,1.2,2.3,.540,.516,0.8,1.0,.786,1.1,2.2,3.3,1.3,0.8,0.3,0.6,3.1,8.9,,matthwe02
272,Payton Pritchard,24,BOS,PG,71,2,1001,5.8,13.4,.429,3.6,8.8,.412,2.1,4.6,.461,.564,0.8,0.8,1.000,1.2,3.7,4.8,5.0,0.9,0.2,1.5,2.2,15.9,,pritcpa01
273,Juan Toscano-Anderson,28,GSW,SF,73,6,994,4.2,8.5,.489,1.0,3.2,.322,3.2,5.4,.588,.549,1.4,2.5,.571,1.0,5.4,6.4,4.6,1.7,0.6,2.5,4.2,10.8,,toscaju01
274,Onyeka Okongwu,21,ATL,C,48,6,992,5.7,8.2,.690,0.0,0.0,,5.7,8.2,.690,.690,2.9,4.0,.727,4.2,6.1,10.3,1.9,1.1,2.2,1.6,5.4,14.2,,okongon01
275,Khem Birch,29,TOR,C,55,28,991,3.5,7.3,.485,0.0,0.5,.000,3.5,6.8,.522,.485,1.9,2.6,.746,4.4,4.3,8.7,2.0,1.1,0.9,1.1,3.8,9.0,,birchkh01
276,Kessler Edwards,21,BRK,SF,48,23,987,4.0,9.7,.412,1.8,5.0,.353,2.3,4.8,.473,.502,0.6,0.7,.842,1.6,4.7,6.3,1.1,1.1,0.9,1.5,3.1,10.4,,edwarke02
277,Dean Wade,25,CLE,PF,51,28,980,3.6,8.0,.456,1.9,5.2,.359,1.8,2.8,.640,.574,0.7,1.1,.667,1.1,4.4,5.5,1.9,1.1,0.3,0.6,3.2,9.9,,wadede01
278,Daniel Theis,29,2TM,C,47,27,977,5.6,10.7,.519,1.2,3.9,.308,4.3,6.8,.641,.576,1.8,2.7,.681,2.2,6.2,8.4,1.5,0.7,1.1,1.7,4.1,14.1,,theisda01
278,Daniel Theis,29,HOU,C,26,21,584,5.2,11.0,.469,1.4,4.9,.291,3.8,6.2,.610,.534,1.7,2.5,.675,2.0,6.0,8.0,1.2,0.7,1.0,1.9,3.8,13.4,,theisda01
278,Daniel Theis,29,BOS,C,21,6,393,6.1,10.3,.598,0.9,2.6,.357,5.2,7.7,.679,.643,2.0,2.9,.688,2.5,6.5,9.0,1.9,0.8,1.3,1.4,4.5,15.2,,theisda01
279,Jaylen Nowell,22,MIN,SG,62,1,975,7.2,15.2,.475,2.3,5.9,.394,4.9,9.3,.526,.551,2.7,3.4,.783,0.8,3.7,4.5,4.8,1.0,0.4,1.3,2.7,19.5,,nowelja01
280,Nic Claxton,22,BRK,C,47,19,974,6.6,9.8,.674,0.0,0.0,,6.6,9.8,.674,.674,2.0,3.4,.581,3.4,6.4,9.8,1.6,0.9,1.9,1.4,4.1,15.2,,claxtni01
281,Dwight Howard,36,LAL,C,60,27,971,5.0,8.1,.612,0.3,0.6,.533,4.7,7.6,.618,.630,3.6,5.4,.658,4.4,8.8,13.2,1.3,1.3,1.3,1.7,4.3,13.8,,howardw01
282,Ricky Rubio,31,CLE,PG,34,8,970,5.5,15.3,.363,2.2,6.5,.339,3.3,8.8,.380,.434,3.3,3.8,.854,0.6,4.7,5.2,8.4,1.8,0.3,3.3,2.8,16.5,,rubiori01
283,Duane Washington Jr.,21,IND,PG,48,7,968,6.4,15.9,.405,3.0,8.0,.377,3.4,7.9,.434,.500,1.7,2.3,.754,0.1,2.9,3.1,3.2,1.0,0.1,2.1,2.5,17.6,,washidu02
284,Joshua Primo,19,SAS,SF,50,16,965,3.8,10.1,.374,1.6,5.1,.307,2.2,5.0,.444,.452,1.6,2.2,.746,1.2,3.0,4.2,3.0,0.7,0.9,2.1,2.9,10.7,,primojo01
285,Moritz Wagner,24,ORL,C,63,3,960,7.4,14.9,.497,2.5,7.5,.328,4.9,7.3,.672,.581,3.9,4.8,.806,1.6,7.1,8.7,3.3,0.7,0.5,2.1,4.6,21.2,,wagnemo01
286,Blake Griffin,32,BRK,C,56,24,958,5.0,11.8,.425,1.4,5.4,.262,3.6,6.3,.565,.486,2.1,2.9,.724,2.3,6.3,8.6,3.9,1.0,0.5,1.2,3.6,13.5,,griffbl01
287,Keita Bates-Diop,26,SAS,SF,59,14,957,5.1,9.9,.517,0.6,2.1,.309,4.5,7.8,.572,.549,1.7,2.3,.754,2.3,6.4,8.7,1.5,1.0,0.5,1.7,2.3,12.6,,bateske01
288,Isaiah Roby,23,OKC,PF,45,28,948,6.3,12.3,.514,1.7,3.8,.444,4.6,8.5,.545,.582,3.0,4.4,.672,2.8,5.4,8.2,2.7,1.4,1.3,1.6,4.1,17.2,,robyis01
289,Kemba Walker,31,NYK,PG,37,37,948,5.7,14.1,.403,2.8,7.6,.367,2.9,6.5,.444,.501,2.3,2.7,.845,0.5,3.7,4.2,5.0,1.0,0.3,1.8,1.4,16.4,,walkeke02
290,Taj Gibson,36,NYK,C,52,4,946,3.3,6.3,.518,0.6,1.4,.395,2.7,4.9,.555,.563,1.6,2.0,.808,3.3,5.4,8.7,1.2,0.8,1.5,1.0,5.2,8.7,,gibsota01
291,Rui Hachimura,23,WAS,PF,42,13,943,7.1,14.5,.491,2.1,4.7,.447,5.0,9.8,.512,.563,1.8,2.5,.697,1.0,5.2,6.1,1.8,0.9,0.3,1.3,2.0,18.1,,hachiru01
292,Klay Thompson,31,GSW,SG,32,32,941,9.4,21.9,.429,4.4,11.3,.385,5.0,10.6,.477,.529,1.8,2.0,.902,0.6,4.2,4.8,3.4,0.6,0.7,1.6,2.1,24.9,,thompkl01
293,Jeremy Lamb,29,2TM,SF,56,0,935,5.1,13.4,.383,2.1,6.5,.324,3.0,6.8,.441,.463,3.4,4.1,.840,1.0,4.9,5.9,3.1,1.2,0.8,1.4,2.3,15.8,,lambje01
293,Jeremy Lamb,29,IND,SF,39,0,613,5.0,13.4,.373,2.3,6.9,.333,2.7,6.5,.414,.458,3.9,4.7,.838,0.9,4.6,5.5,3.0,1.4,0.8,1.4,2.6,16.2,,lambje01
293,Jeremy Lamb,29,SAC,SG,17,0,322,5.4,13.3,.403,1.8,5.9,.302,3.6,7.4,.485,.471,2.5,2.9,.846,1.2,5.5,6.7,3.4,0.9,0.9,1.5,1.7,15.0,,lambje01
294,Jalen Smith,21,2TM,PF,51,8,925,6.8,13.6,.503,1.6,4.7,.328,5.3,8.9,.596,.560,3.0,4.0,.765,3.9,8.0,11.9,0.9,0.6,1.6,1.6,3.7,18.3,,smithja04
294,Jalen Smith,21,PHO,PF,29,4,382,5.9,12.9,.460,0.8,3.7,.231,5.1,9.2,.551,.493,3.8,4.9,.769,5.2,7.9,13.1,0.6,0.6,1.7,2.1,4.9,16.5,,smithja04
294,Jalen Smith,21,IND,PF,22,4,543,7.5,14.1,.531,2.1,5.5,.373,5.4,8.6,.631,.603,2.5,3.3,.760,3.0,8.1,11.1,1.2,0.6,1.5,1.3,2.9,19.6,,smithja04
295,Théo Maledon,20,OKC,PG,51,7,908,4.7,12.6,.375,1.7,5.9,.293,3.0,6.6,.449,.445,3.1,4.0,.790,0.8,4.4,5.2,4.4,1.2,0.4,2.6,2.7,14.3,,maledth01
296,Tomáš Satoranský,30,3TM,SG,55,13,906,2.9,7.6,.377,0.4,2.1,.208,2.4,5.5,.442,.406,1.7,2.1,.796,1.1,3.9,5.0,7.3,1.2,0.2,1.8,2.8,7.9,,satorto01
296,Tomáš Satoranský,30,NOP,SG,32,3,481,2.4,8.0,.299,0.4,2.3,.161,2.0,5.7,.355,.322,1.4,1.9,.760,1.3,3.4,4.8,5.7,1.0,0.1,1.7,2.5,6.6,,satorto01
296,Tomáš Satoranský,30,SAS,SF,1,0,9,0.0,0.0,,0.0,0.0,,0.0,0.0,,,12.0,16.0,.750,0.0,4.0,4.0,0.0,0.0,0.0,0.0,0.0,12.0,,satorto01
296,Tomáš Satoranský,30,WAS,PG,22,10,416,3.5,7.3,.476,0.5,1.9,.273,2.9,5.4,.548,.512,1.8,2.2,.840,0.8,4.5,5.3,9.3,1.3,0.3,2.0,3.3,9.3,,satorto01
297,Jevon Carter,26,2TM,PG,66,3,905,3.9,10.1,.387,2.6,6.8,.388,1.3,3.3,.386,.518,0.6,0.7,.833,0.6,3.8,4.4,3.8,1.0,0.6,1.4,2.7,11.0,,carteje01
297,Jevon Carter,26,BRK,PG,46,1,552,3.8,11.3,.333,2.7,8.3,.331,1.0,3.1,.340,.454,0.5,0.7,.700,0.6,3.8,4.4,3.0,0.9,0.7,1.7,2.9,10.8,,carteje01
297,Jevon Carter,26,MIL,PG,20,2,353,4.1,8.1,.506,2.4,4.4,.558,1.6,3.7,.444,.658,0.8,0.8,1.000,0.5,3.9,4.4,5.1,1.0,0.4,0.8,2.2,11.4,,carteje01
298,Jordan McLaughlin,25,MIN,PG,62,3,902,3.5,8.0,.440,1.1,3.4,.318,2.4,4.6,.530,.508,1.2,1.6,.750,0.9,2.9,3.8,7.2,2.3,0.4,1.5,2.2,9.3,,mclaujo01
299,Derrick Jones Jr.,24,CHI,PF,51,8,899,4.2,7.8,.538,0.8,2.4,.328,3.4,5.4,.634,.590,2.2,2.8,.800,2.4,4.4,6.8,1.2,1.0,1.3,1.2,4.2,11.5,,jonesde02
300,Tristan Thompson,30,3TM,C,57,6,897,5.7,10.7,.528,0.0,0.1,.333,5.6,10.6,.530,.530,2.4,4.7,.526,4.8,6.7,11.6,1.4,0.9,0.8,1.8,3.9,13.8,,thomptr01
300,Tristan Thompson,30,SAC,C,30,3,455,6.0,11.9,.503,0.1,0.1,1.000,5.9,11.9,.500,.507,2.5,4.7,.533,5.7,7.0,12.7,1.4,0.9,0.9,2.3,4.1,14.6,,thomptr01
300,Tristan Thompson,30,IND,C,4,0,66,7.1,13.1,.542,0.0,0.0,,7.1,13.1,.542,.542,1.6,4.4,.375,3.8,6.0,9.8,1.1,0.0,1.1,2.2,3.8,15.8,,thomptr01
300,Tristan Thompson,30,CHI,C,23,3,376,5.0,8.8,.565,0.0,0.2,.000,5.0,8.6,.578,.565,2.5,4.6,.542,3.9,6.5,10.4,1.3,1.1,0.7,1.1,3.7,12.4,,thomptr01
301,Jalen McDaniels,24,CHO,SF,55,2,895,4.9,10.2,.484,1.6,4.3,.380,3.3,5.9,.562,.565,2.1,2.9,.736,1.5,5.3,6.8,2.3,1.0,0.9,1.4,3.7,13.7,,mcdanja01
302,Dillon Brooks,26,MEM,SF,32,31,885,9.2,21.4,.432,1.9,6.1,.309,7.4,15.3,.480,.475,3.7,4.3,.849,1.2,3.0,4.1,3.6,1.5,0.3,2.0,4.3,24.0,,brookdi01
303,D.J. Augustin,34,2TM,PG,55,2,883,3.8,9.1,.423,2.8,6.7,.415,1.1,2.4,.448,.577,1.5,1.8,.884,0.4,2.3,2.8,4.4,0.7,0.0,2.3,1.6,12.0,,augusdj01
303,D.J. Augustin,34,HOU,PG,34,2,510,3.9,9.6,.404,2.8,6.8,.406,1.1,2.8,.400,.548,2.3,2.7,.868,0.5,2.4,2.9,5.2,0.7,0.0,3.2,1.2,12.8,,augusdj01
303,D.J. Augustin,34,LAL,PG,21,0,373,3.8,8.3,.453,2.8,6.6,.426,1.0,1.7,.556,.622,0.5,0.5,1.000,0.4,2.2,2.6,3.2,0.7,0.1,1.1,2.1,10.8,,augusdj01
304,Serge Ibaka,32,2TM,C,54,12,877,6.1,12.2,.500,1.5,4.1,.374,4.6,8.1,.563,.563,1.3,1.8,.727,2.5,7.7,10.3,2.0,0.5,1.4,1.8,4.2,15.0,,ibakase01
304,Serge Ibaka,32,LAC,C,35,10,538,6.3,12.8,.490,1.6,4.1,.387,4.7,8.7,.538,.552,1.3,1.9,.690,2.7,7.4,10.0,2.4,0.5,1.7,2.2,3.7,15.5,,ibakase01
304,Serge Ibaka,32,MIL,C,19,2,339,5.7,11.0,.519,1.4,3.9,.351,4.4,7.1,.612,.582,1.3,1.6,.800,2.3,8.3,10.6,1.4,0.4,0.7,1.1,4.9,14.1,,ibakase01
305,Trendon Watford,21,POR,SF,48,10,869,5.9,11.1,.532,0.4,1.6,.237,5.5,9.5,.581,.549,2.9,3.9,.755,2.4,5.9,8.2,3.4,1.0,1.2,1.8,4.8,15.1,,watfotr01
306,Trey Murphy III,21,NOP,SF,62,1,864,4.5,11.5,.394,3.0,7.7,.382,1.6,3.8,.418,.522,1.9,2.1,.882,2.0,4.2,6.1,1.6,1.0,0.3,0.7,2.5,13.9,,murphtr02
307,Maurice Harkless,28,SAC,SF,47,24,863,3.5,7.6,.459,1.3,4.2,.307,2.2,3.3,.650,.544,0.8,1.2,.714,0.5,4.2,4.7,1.0,1.2,1.0,1.3,3.2,9.1,,harklma01
308,Thaddeus Young,33,2TM,PF,52,1,845,6.0,11.6,.518,0.7,2.0,.354,5.3,9.5,.554,.550,1.0,2.1,.469,3.4,5.5,8.9,4.4,2.3,0.8,2.2,3.5,13.7,,youngth01
308,Thaddeus Young,33,SAS,PF,26,1,370,7.2,12.5,.578,0.0,0.5,.000,7.2,12.0,.602,.578,1.0,2.1,.455,3.9,5.2,9.0,5.7,2.2,0.7,2.9,3.7,15.4,,youngth01
308,Thaddeus Young,33,TOR,PF,26,0,475,5.1,10.9,.465,1.3,3.3,.395,3.8,7.7,.495,.524,1.0,2.0,.481,3.0,5.7,8.7,3.4,2.3,0.8,1.7,3.3,12.4,,youngth01
309,Armoni Brooks,23,2TM,SG,54,11,844,4.2,12.3,.339,3.2,10.6,.297,1.0,1.7,.600,.467,0.8,0.9,.857,0.9,3.5,4.4,2.6,1.2,0.5,1.2,3.2,12.3,,brookar01
309,Armoni Brooks,23,HOU,SG,41,8,690,4.5,13.1,.347,3.3,11.1,.300,1.2,2.0,.605,.474,0.8,1.0,.842,0.6,3.6,4.2,2.6,1.1,0.4,1.2,3.1,13.3,,brookar01
309,Armoni Brooks,23,TOR,PG,13,3,154,2.6,8.9,.289,2.3,8.4,.278,0.2,0.5,.500,.421,0.5,0.5,1.000,1.9,3.3,5.1,3.0,1.6,0.7,0.9,3.3,7.9,,brookar01
310,Willy Hernangómez,27,NOP,C,50,8,839,7.3,14.0,.520,0.2,0.5,.333,7.1,13.5,.527,.526,4.7,6.1,.773,6.1,8.4,14.5,2.7,0.9,0.8,2.2,4.2,19.4,,hernawi01
311,Jose Alvarado,23,NOP,PG,54,1,834,5.7,12.7,.446,1.4,4.7,.291,4.3,7.9,.538,.500,1.6,2.3,.679,1.1,3.2,4.3,6.6,3.1,0.3,1.7,3.2,14.2,,alvarjo01
312,Josh Jackson,24,2TM,SF,51,3,830,5.2,13.0,.400,1.4,5.6,.254,3.8,7.4,.512,.455,2.4,3.3,.714,0.9,5.2,6.1,2.3,1.1,1.0,2.0,3.8,14.2,,jacksjo02
312,Josh Jackson,24,DET,SF,39,3,707,5.2,12.8,.410,1.5,5.8,.265,3.7,7.0,.529,.470,2.0,2.9,.714,0.9,5.4,6.3,2.5,1.1,0.9,1.9,3.6,14.1,,jacksjo02
312,Josh Jackson,24,SAC,SF,12,0,123,5.0,14.3,.347,0.9,5.0,.176,4.1,9.4,.438,.378,4.4,6.1,.714,1.2,4.1,5.3,1.5,1.5,1.2,2.6,5.0,15.2,,jacksjo02
313,Tony Snell,30,2TM,SG,53,12,823,3.0,7.5,.404,2.0,5.6,.352,1.0,1.9,.558,.535,0.2,0.2,1.000,0.7,3.8,4.5,1.2,0.7,0.4,0.8,3.1,8.2,,snellto01
313,Tony Snell,30,POR,SG,38,10,546,2.4,6.4,.371,1.6,4.9,.320,0.8,1.5,.545,.495,0.2,0.2,1.000,0.7,4.0,4.7,1.3,0.5,0.5,0.7,2.9,6.5,,snellto01
313,Tony Snell,30,NOP,SG,15,2,277,4.3,9.6,.446,2.7,6.9,.396,1.6,2.7,.571,.588,0.1,0.1,1.000,0.6,3.4,4.0,1.0,1.0,0.3,1.0,3.4,11.4,,snellto01
314,Lance Stephenson,31,2TM,SG,46,1,814,6.5,14.3,.455,1.2,4.0,.300,5.3,10.3,.515,.497,2.8,3.5,.788,0.5,5.1,5.6,7.3,1.1,0.2,3.2,4.2,17.0,,stephla01
314,Lance Stephenson,31,ATL,SG,6,0,70,2.6,6.7,.385,0.0,1.5,.000,2.6,5.1,.500,.385,0.5,1.0,.500,0.5,7.2,7.7,5.7,0.0,0.0,2.1,4.1,5.7,,stephla01
314,Lance Stephenson,31,IND,PG,40,1,744,6.9,15.0,.458,1.3,4.2,.310,5.6,10.8,.516,.502,3.0,3.8,.795,0.5,4.9,5.4,7.5,1.2,0.2,3.3,4.3,18.0,,stephla01
315,Wayne Ellington,34,LAL,SG,43,9,810,4.4,10.5,.414,3.6,9.4,.389,0.7,1.2,.615,.586,0.4,0.5,.818,0.4,3.0,3.4,1.3,1.0,0.2,0.8,1.9,12.8,,ellinwa01
316,Dāvis Bertāns,29,2TM,PF,56,0,807,4.4,12.3,.360,3.4,10.3,.335,1.0,2.0,.489,.500,1.6,1.8,.900,0.5,4.7,5.2,1.4,0.8,0.5,0.8,3.8,13.9,,bertada01
316,Dāvis Bertāns,29,WAS,PF,34,0,501,4.3,12.3,.351,3.3,10.3,.319,1.0,1.9,.519,.485,2.0,2.2,.933,0.4,4.0,4.4,1.1,0.8,0.4,1.0,4.0,13.9,,bertada01
316,Dāvis Bertāns,29,DAL,PF,22,0,306,4.6,12.2,.375,3.6,10.1,.360,0.9,2.1,.444,.524,0.9,1.2,.800,0.7,5.9,6.6,1.8,0.7,0.7,0.6,3.5,13.8,,bertada01
317,Ty Jerome,24,OKC,SG,48,4,801,5.6,14.7,.378,2.4,8.4,.290,3.1,6.4,.493,.460,1.7,2.1,.809,0.9,2.7,3.5,4.9,1.3,0.2,1.7,3.3,15.3,,jeromty01
318,Lou Williams,35,ATL,PG,56,0,799,5.6,14.4,.391,1.7,4.6,.363,4.0,9.8,.404,.448,3.0,3.5,.859,0.7,3.2,3.9,4.7,1.3,0.1,1.9,2.2,15.9,,willilo02
319,Quentin Grimes,21,NYK,SG,46,6,786,4.4,10.8,.404,3.3,8.7,.381,1.1,2.1,.500,.557,0.6,0.9,.684,1.1,3.2,4.3,2.0,1.4,0.5,1.3,3.3,12.6,,grimequ01
320,Justise Winslow,25,2TM,PF,48,11,775,5.1,11.9,.428,0.7,3.1,.227,4.4,8.9,.497,.457,1.8,3.1,.591,2.3,7.1,9.4,3.9,1.6,1.2,2.3,3.1,12.7,,winslju01
320,Justise Winslow,25,LAC,PF,37,1,480,4.7,10.6,.447,0.4,2.2,.172,4.4,8.4,.518,.465,1.9,3.1,.610,2.3,7.7,10.0,3.9,1.6,1.4,2.8,3.4,11.7,,winslju01
320,Justise Winslow,25,POR,PF,11,10,295,5.7,14.2,.405,1.2,4.5,.270,4.5,9.6,.468,.448,1.7,3.1,.560,2.4,6.0,8.4,3.9,1.7,0.9,1.5,2.6,14.4,,winslju01
321,Romeo Langford,22,2TM,SG,48,5,771,3.9,8.9,.435,1.4,4.0,.341,2.5,4.9,.509,.510,1.1,2.0,.548,1.4,3.6,5.0,1.0,1.0,0.7,0.7,2.2,10.2,,langfro01
321,Romeo Langford,22,BOS,SG,44,5,728,3.9,9.1,.429,1.4,4.1,.349,2.5,5.0,.495,.508,1.0,1.7,.588,1.5,3.7,5.1,0.9,1.0,0.8,0.8,2.3,10.2,,langfro01
321,Romeo Langford,22,SAS,SG,4,0,43,3.3,5.9,.571,0.0,1.7,.000,3.3,4.2,.800,.571,2.5,6.7,.375,0.0,3.3,3.3,1.7,0.8,0.0,0.0,0.8,9.2,,langfro01
322,Trent Forrest,23,UTA,PG,60,6,765,3.6,7.3,.490,0.2,1.3,.185,3.3,6.0,.555,.506,1.8,2.3,.792,1.1,3.6,4.7,5.0,1.4,0.3,2.3,2.0,9.2,,forretr01
323,Kelly Olynyk,30,DET,C,40,1,764,6.0,13.5,.448,1.9,5.6,.336,4.1,7.9,.527,.517,3.3,4.2,.775,2.5,5.8,8.3,5.2,1.5,0.9,2.7,4.7,17.2,,olynyke01
324,Brandon Boston Jr.,20,LAC,SG,51,0,760,5.9,15.4,.385,1.6,5.3,.306,4.3,10.1,.425,.437,2.8,3.4,.819,0.8,4.5,5.3,2.4,1.2,0.6,1.5,2.0,16.2,,bostobr01
325,Rodney McGruder,30,DET,SG,51,2,754,4.7,10.7,.436,2.8,7.0,.397,1.9,3.8,.506,.564,0.9,1.2,.731,1.5,3.8,5.3,2.3,1.0,0.3,1.1,2.8,13.0,,mcgruro01
326,Eric Paschall,25,UTA,PF,58,3,737,5.6,11.5,.485,2.0,5.3,.370,3.6,6.2,.583,.570,3.2,4.2,.767,1.5,3.7,5.2,1.8,0.4,0.2,1.3,2.5,16.3,,pascher01
327,Naji Marshall,24,NOP,SF,55,4,735,5.3,13.2,.405,1.0,5.1,.200,4.3,8.0,.537,.444,3.6,4.6,.796,1.9,5.1,7.0,3.0,1.6,0.4,2.3,3.4,15.3,,marshna01
328,Goga Bitadze,22,IND,C,50,16,729,6.5,12.4,.520,1.1,4.0,.288,5.3,8.5,.628,.565,3.2,4.6,.681,3.9,4.8,8.7,2.7,1.0,2.1,2.3,5.3,17.2,,bitadgo01
329,Danuel House Jr.,28,3TM,SF,42,7,727,4.0,9.8,.404,2.2,5.8,.376,1.8,4.0,.444,.515,2.2,2.9,.759,0.9,4.6,5.5,2.2,1.0,0.8,1.6,2.5,12.3,,houseda01
329,Danuel House Jr.,28,HOU,SF,16,1,233,3.9,11.4,.338,1.5,5.3,.294,2.3,6.2,.375,.405,2.6,2.9,.895,0.6,6.0,6.6,2.9,0.8,0.8,2.8,2.5,11.9,,houseda01
329,Danuel House Jr.,28,NYK,SF,1,0,3,0.0,12.0,.000,0.0,12.0,.000,0.0,0.0,,.000,0.0,0.0,,0.0,0.0,0.0,0.0,0.0,0.0,0.0,0.0,0.0,,houseda01
329,Danuel House Jr.,28,UTA,SF,25,6,491,4.0,9.0,.447,2.5,6.0,.415,1.5,3.0,.512,.585,2.0,2.9,.692,1.0,4.0,5.0,1.8,1.2,0.9,1.1,2.6,12.5,,houseda01
330,DeMarcus Cousins,31,2TM,C,48,7,718,7.5,16.2,.460,1.9,6.1,.303,5.6,10.1,.554,.517,4.8,6.3,.760,3.7,9.8,13.5,3.6,1.8,1.1,4.3,7.0,21.6,,couside01
330,DeMarcus Cousins,31,MIL,C,17,5,287,6.9,14.8,.466,1.6,6.0,.271,5.3,8.8,.600,.521,3.9,4.8,.816,3.0,9.3,12.3,2.3,2.0,1.0,2.0,5.8,19.3,,couside01
330,DeMarcus Cousins,31,DEN,C,31,2,431,7.9,17.2,.456,2.0,6.2,.324,5.8,11.0,.530,.515,5.3,7.3,.736,4.2,10.2,14.4,4.4,1.6,1.1,5.8,7.8,23.1,,couside01
331,Svi Mykhailiuk,24,TOR,SF,56,5,716,4.6,11.8,.389,2.1,6.7,.306,2.5,5.0,.500,.476,1.6,1.9,.865,1.0,3.6,4.6,2.3,1.3,0.2,1.6,2.7,12.8,,mykhasv01
332,Terry Taylor,22,IND,PF,33,7,714,6.8,11.1,.614,0.6,1.9,.316,6.2,9.2,.676,.641,1.8,2.6,.706,4.8,3.9,8.7,2.1,0.7,0.4,1.2,3.1,16.0,,taylote01
333,Rodney Hood,29,2TM,SF,52,0,709,2.9,8.0,.369,1.5,4.6,.330,1.4,3.4,.424,.465,0.9,1.0,.895,0.8,3.1,3.9,1.9,0.8,0.3,0.6,1.6,8.3,,hoodro01
333,Rodney Hood,29,MIL,PF,39,0,581,2.9,8.1,.351,1.5,5.0,.300,1.4,3.2,.431,.443,0.8,0.9,.929,0.8,3.3,4.2,1.9,0.7,0.2,0.4,1.7,8.0,,hoodro01
333,Rodney Hood,29,LAC,SF,13,0,128,3.4,7.3,.462,1.7,3.1,.545,1.7,4.2,.400,.577,1.1,1.4,.800,0.6,2.3,2.8,2.3,0.8,0.6,1.1,1.1,9.6,,hoodro01
334,Omer Yurtseven,23,MIA,C,56,12,706,6.6,12.6,.526,0.1,0.6,.091,6.6,12.0,.547,.528,1.9,3.1,.623,4.3,10.7,15.0,2.5,0.9,1.0,2.1,4.3,15.2,,yurtsom01
335,Xavier Tillman Sr.,23,MEM,PF,53,2,701,5.0,11.1,.454,0.5,2.5,.204,4.5,8.6,.527,.477,2.4,3.6,.648,3.4,4.9,8.3,3.2,2.5,0.8,1.7,3.2,12.9,,tillmxa01
336,Zeke Nnaji,21,DEN,PF,41,1,698,5.0,9.6,.516,1.9,4.1,.463,3.0,5.5,.557,.616,2.1,3.4,.631,2.9,4.7,7.6,0.9,0.8,0.7,1.2,4.1,13.9,,nnajize01
337,Rajon Rondo,35,2TM,PG,39,1,698,3.5,9.1,.386,1.6,4.5,.352,1.9,4.5,.420,.474,1.0,1.3,.731,0.8,4.8,5.6,8.8,1.5,0.3,3.5,2.9,9.6,,rondora01
337,Rajon Rondo,35,LAL,PG,18,0,289,2.9,8.8,.324,1.0,3.7,.267,1.9,5.1,.366,.380,0.1,0.2,.500,1.2,4.9,6.1,8.3,1.5,0.6,4.2,3.1,6.9,,rondora01
337,Rajon Rondo,35,CLE,PG,21,1,409,4.0,9.2,.429,2.0,5.1,.397,1.9,4.1,.468,.538,1.6,2.1,.750,0.4,4.8,5.2,9.1,1.6,0.1,3.0,2.7,11.5,,rondora01
338,Keon Johnson,19,2TM,SG,37,12,697,5.0,14.0,.353,1.8,5.2,.340,3.2,8.9,.360,.415,2.1,2.6,.804,1.2,2.9,4.2,3.9,1.4,0.6,2.4,3.6,13.8,,johnske07
338,Keon Johnson,19,LAC,SG,15,0,135,4.5,13.6,.333,0.8,2.9,.273,3.7,10.7,.350,.363,4.3,5.6,.762,1.6,4.0,5.6,3.5,1.9,0.5,1.9,5.6,14.1,,johnske07
338,Keon Johnson,19,POR,SG,22,12,562,5.1,14.2,.357,2.0,5.7,.348,3.1,8.5,.364,.428,1.6,1.9,.833,1.2,2.7,3.8,4.0,1.3,0.6,2.5,3.1,13.7,,johnske07
339,Dalano Banton,22,TOR,PG,64,1,696,4.3,10.4,.411,0.7,2.6,.255,3.6,7.8,.464,.443,1.3,2.3,.591,2.0,4.4,6.4,5.1,1.4,0.5,2.7,3.5,10.6,,bantoda01
340,Vít Krejčí,21,OKC,SG,30,8,690,3.5,8.7,.407,1.7,5.1,.327,1.9,3.6,.522,.503,1.0,1.1,.864,0.9,4.3,5.3,3.0,1.0,0.4,1.5,3.4,9.8,,krejcvi01
341,Frank Ntilikina,23,DAL,SG,58,5,685,4.7,11.7,.399,2.0,5.8,.342,2.7,5.9,.455,.484,1.3,1.3,.960,0.6,3.5,4.2,3.6,1.4,0.4,1.6,3.2,12.6,,ntilila01
342,Timothé Luwawu-Cabarrot,26,ATL,SF,52,18,685,3.9,9.8,.398,2.3,6.4,.361,1.6,3.4,.469,.516,1.8,2.2,.854,0.9,3.4,4.3,2.1,0.9,0.3,1.1,4.0,11.9,,luwawti01
343,Davon Reed,26,DEN,SG,48,5,668,4.4,8.7,.503,2.0,4.6,.430,2.4,4.0,.587,.618,0.5,0.8,.667,0.8,5.1,5.8,2.9,1.3,0.5,0.9,3.4,11.3,,reedda01
344,Derrick Favors,30,OKC,C,39,18,653,5.2,10.0,.516,0.1,0.9,.125,5.1,9.2,.554,.522,0.9,1.4,.640,3.2,6.9,10.1,1.4,0.9,0.7,0.5,3.4,11.4,,favorde01
345,T.J. McConnell,29,IND,PG,27,8,652,5.5,11.5,.481,0.6,1.8,.303,5.0,9.7,.514,.505,1.0,1.3,.826,1.1,3.9,5.0,7.2,1.6,0.6,1.6,2.9,12.6,,mccontj01
346,Greg Brown III,20,POR,SF,48,6,640,4.6,10.7,.426,1.1,3.4,.311,3.5,7.3,.481,.476,2.5,3.7,.677,2.1,5.5,7.6,2.0,1.5,1.4,2.0,5.1,12.7,,browngr01
347,Brandon Williams,22,POR,PG,24,16,640,5.9,15.9,.372,1.7,6.0,.292,4.2,9.9,.420,.427,3.8,5.5,.701,1.1,3.1,4.2,5.3,1.4,0.6,3.3,2.9,17.4,,willibr03
348,Dennis Smith Jr.,24,POR,PG,37,4,638,4.5,10.7,.418,0.3,1.5,.222,4.1,9.1,.451,.434,2.4,3.6,.656,1.1,3.8,5.0,7.4,2.5,0.7,2.9,2.9,11.6,,smithde03
349,Derrick Rose,33,NYK,PG,26,4,636,6.9,15.5,.445,2.1,5.2,.402,4.8,10.3,.467,.513,1.7,1.8,.968,1.2,3.2,4.4,5.8,1.2,0.7,2.2,0.8,17.6,,rosede01
350,Sterling Brown,26,DAL,SG,49,3,628,3.4,8.9,.381,1.6,5.3,.304,1.8,3.6,.492,.471,0.8,0.9,.933,1.5,7.1,8.5,1.9,0.8,0.4,1.3,3.2,9.2,,brownst02
351,DeAndre Jordan,33,2TM,C,48,20,622,5.3,8.3,.643,0.0,0.0,,5.3,8.3,.643,.643,1.3,2.3,.550,4.8,10.5,15.3,1.2,0.7,2.0,2.1,4.1,11.9,,jordade01
351,DeAndre Jordan,33,LAL,C,32,19,408,5.3,7.9,.674,0.0,0.0,,5.3,7.9,.674,.674,1.1,2.3,.462,4.5,10.7,15.2,1.1,0.9,2.3,1.9,4.4,11.6,,jordade01
351,DeAndre Jordan,33,PHI,C,16,1,214,5.4,9.1,.593,0.0,0.0,,5.4,9.1,.593,.593,1.7,2.4,.714,5.4,10.1,15.5,1.3,0.3,1.5,2.7,3.5,12.4,,jordade01
352,Alex Len,28,SAC,C,39,10,620,5.5,10.2,.534,0.3,1.2,.286,5.1,9.0,.568,.551,2.4,3.7,.651,3.0,6.3,9.3,2.6,0.8,1.5,2.5,5.8,13.6,,lenal01
353,Robin Lopez,33,ORL,C,36,9,612,6.5,11.7,.553,0.1,0.4,.333,6.4,11.4,.560,.558,1.9,3.2,.593,4.0,3.4,7.4,3.2,0.1,1.1,2.6,3.9,14.9,,lopezro01
354,Isaiah Joe,22,PHI,SG,55,1,609,3.7,10.5,.350,2.7,8.0,.333,1.0,2.5,.405,.477,1.7,1.8,.935,0.4,3.0,3.3,2.1,0.8,0.2,1.1,2.8,11.7,,joeis01
355,David Nwaba,29,HOU,SF,46,4,609,5.0,10.4,.483,0.9,2.9,.306,4.1,7.5,.551,.526,2.8,4.0,.716,2.4,6.5,8.9,2.1,1.7,1.2,1.2,3.3,13.8,,nwabada01
356,Moses Moody,19,GSW,SG,52,11,607,4.7,10.9,.437,2.4,6.5,.364,2.4,4.3,.548,.546,1.7,2.1,.778,1.0,3.7,4.7,1.4,0.4,0.6,0.8,2.6,13.5,,moodymo01
357,Saben Lee,22,DET,PG,37,0,604,4.1,10.5,.390,0.8,3.6,.233,3.3,7.0,.470,.429,3.3,4.2,.789,1.1,4.1,5.2,6.4,2.1,0.7,2.1,2.6,12.4,,leesa01
358,Andre Iguodala,38,GSW,SF,31,0,603,2.7,7.2,.380,1.0,4.4,.230,1.7,2.8,.617,.450,0.9,1.2,.750,1.3,4.7,6.0,6.8,1.6,1.3,1.7,2.0,7.4,,iguodan01
359,Mike Muscala,30,OKC,C,43,0,592,6.9,15.1,.456,4.3,9.9,.429,2.6,5.2,.506,.597,2.9,3.5,.842,1.3,6.6,7.8,1.3,1.1,1.6,0.9,3.5,20.9,,muscami01
360,Jock Landale,26,SAS,C,54,1,589,6.2,12.5,.495,1.8,5.4,.326,4.4,7.0,.626,.566,2.1,2.5,.829,3.9,4.6,8.4,2.8,0.6,0.9,1.9,3.2,16.2,,landajo01
361,Aaron Nesmith,22,BOS,SF,52,3,574,4.5,11.4,.396,1.9,7.2,.270,2.6,4.2,.612,.481,1.3,1.6,.808,0.9,4.6,5.6,1.4,1.3,0.3,1.9,4.4,12.3,,nesmiaa01
362,Keifer Sykes,28,IND,PG,32,11,566,4.4,12.1,.363,1.7,5.7,.300,2.7,6.4,.420,.434,1.0,1.1,.882,0.5,2.4,2.9,3.9,0.8,0.3,2.1,3.2,11.4,,sykeske01
363,Nerlens Noel,27,NYK,C,25,11,562,2.0,3.8,.533,0.0,0.2,.000,2.0,3.7,.561,.533,1.3,1.9,.700,3.1,6.0,9.0,1.5,1.9,2.0,1.3,4.3,5.4,,noelne01
364,Jericho Sims,23,NYK,PF,41,5,555,2.5,3.5,.722,0.0,0.0,,2.5,3.5,.722,.722,0.8,1.9,.414,4.0,7.0,11.0,1.4,0.7,1.4,1.3,4.3,5.8,,simsje01
365,Tony Bradley,24,CHI,C,55,7,549,4.7,8.1,.585,0.0,0.0,,4.7,8.1,.585,.585,1.2,1.9,.655,4.4,7.8,12.2,1.8,0.7,2.2,2.2,4.1,10.7,,bradlto01
366,Elfrid Payton,27,PHO,PG,50,1,549,4.4,11.5,.383,0.3,1.2,.222,4.1,10.3,.401,.394,0.8,2.1,.375,1.4,4.4,5.8,6.5,1.6,0.4,3.1,2.5,9.8,,paytoel01
367,Kent Bazemore,32,LAL,SF,39,14,545,3.0,9.2,.324,1.9,5.3,.363,1.1,3.9,.271,.428,0.9,1.1,.765,0.9,3.7,4.6,2.2,1.7,0.6,1.4,4.6,8.7,,bazemke01
368,Isaiah Jackson,20,IND,C,36,15,541,7.7,13.7,.563,0.3,1.1,.313,7.4,12.6,.584,.575,4.0,5.9,.682,4.0,5.9,9.9,0.7,1.7,3.5,2.7,6.1,19.8,,jacksis01
369,Malachi Flynn,23,TOR,PG,44,5,537,4.8,12.3,.393,2.0,6.0,.333,2.8,6.2,.452,.475,1.0,1.6,.625,0.7,3.6,4.2,4.7,1.3,0.3,0.9,3.0,12.7,,flynnma01
370,Ignas Brazdeikis,23,ORL,SF,42,1,536,5.4,12.6,.431,1.8,5.8,.310,3.6,6.8,.535,.503,1.4,2.1,.656,1.5,3.3,4.8,2.5,0.7,0.2,1.1,3.2,14.1,,brazdig01
371,Terence Davis,24,SAC,SG,30,11,536,7.6,17.9,.423,3.3,10.0,.329,4.3,7.9,.542,.515,2.4,3.0,.818,0.7,5.6,6.3,2.7,1.7,0.7,2.2,4.7,20.9,,daviste02
372,Josh Okogie,23,MIN,SG,49,6,516,2.9,7.3,.404,1.0,3.3,.298,2.0,4.0,.491,.471,2.4,3.6,.686,2.0,2.9,4.9,1.7,1.8,0.8,1.6,3.7,9.3,,okogijo01
373,Bismack Biyombo,29,PHO,C,36,3,506,6.1,10.3,.593,0.0,0.0,,6.1,10.3,.593,.593,2.7,5.1,.535,4.5,7.4,11.9,1.6,0.9,1.8,1.8,5.0,14.9,,biyombi01
374,Brandon Goodwin,26,CLE,PG,36,5,502,4.6,11.0,.416,1.4,3.9,.345,3.2,7.1,.455,.477,1.7,2.7,.632,1.0,3.8,4.8,6.5,1.8,0.1,2.6,2.8,12.3,,goodwbr01
375,Zach Collins,24,SAS,C,28,4,502,5.5,11.1,.490,1.0,2.9,.341,4.4,8.2,.544,.535,3.7,4.7,.800,3.3,7.7,11.0,4.4,0.9,1.6,3.2,4.8,15.6,,colliza01
376,Goran Dragić,35,2TM,PG,21,8,498,4.1,10.9,.377,1.2,4.6,.254,3.0,6.4,.466,.430,2.0,2.4,.818,0.9,3.8,4.7,6.2,1.4,0.3,2.5,3.3,11.3,,dragigo01
376,Goran Dragić,35,TOR,PG,5,2,90,5.2,13.6,.382,1.6,5.6,.286,3.6,8.0,.450,.441,4.0,4.0,1.000,0.8,4.8,5.6,3.6,2.0,0.4,0.4,3.2,16.0,,dragigo01
376,Goran Dragić,35,BRK,PG,16,6,408,3.9,10.3,.376,1.1,4.3,.245,2.8,6.0,.471,.427,1.5,2.0,.739,1.0,3.5,4.5,6.8,1.2,0.3,2.9,3.3,10.3,,dragigo01
377,Thanasis Antetokounmpo,29,MIL,SF,48,6,473,5.3,9.7,.547,0.2,1.1,.143,5.2,8.7,.596,.555,2.2,3.5,.630,3.0,4.6,7.7,1.7,1.2,0.9,2.0,5.2,13.0,,antetth01
378,Admiral Schofield,24,ORL,SF,38,1,469,4.1,9.9,.419,2.0,6.1,.329,2.1,3.8,.560,.519,0.9,1.2,.800,1.3,5.5,6.8,1.9,0.3,0.4,1.6,4.5,11.2,,schofad01
379,Lindy Waters III,24,OKC,SG,25,1,465,5.5,13.5,.406,4.1,11.3,.363,1.4,2.2,.621,.557,0.3,0.4,.800,0.5,5.2,5.7,1.9,1.5,0.6,0.9,2.4,15.4,,waterli01
380,Anthony Gill,29,WAS,PF,44,0,463,4.8,8.5,.569,1.1,2.0,.538,3.7,6.5,.578,.633,3.3,4.0,.808,2.6,4.0,6.6,2.1,0.4,0.9,1.4,4.5,14.0,,gillan01
381,Trevor Ariza,36,LAL,SF,24,11,462,2.6,7.7,.333,1.6,5.8,.270,1.0,1.9,.520,.434,0.8,1.4,.556,0.8,5.6,6.4,2.1,1.0,0.5,0.9,1.6,7.5,,arizatr01
382,Killian Tillie,23,MEM,C,36,3,461,3.4,9.9,.339,2.1,6.7,.314,1.2,3.2,.390,.445,0.4,0.6,.625,1.6,3.0,4.7,1.7,1.8,1.2,1.0,4.5,9.2,,tilliki02
383,Dylan Windler,25,CLE,SF,50,0,459,2.9,7.7,.378,1.6,5.5,.300,1.3,2.2,.571,.485,1.2,1.4,.833,1.6,5.3,7.0,2.7,1.1,0.2,1.3,3.7,8.6,,windldy01
384,Matt Thomas,27,CHI,SG,40,0,459,4.3,10.5,.410,2.7,7.1,.385,1.6,3.4,.465,.541,1.3,1.6,.800,0.2,3.7,3.9,1.6,0.6,0.2,0.6,1.4,12.6,,thomama02
385,Kelan Martin,26,2TM,SF,30,1,450,5.6,13.7,.409,1.8,6.0,.293,3.8,7.7,.500,.474,0.7,1.0,.692,1.4,3.0,4.4,1.7,1.0,0.7,1.1,2.9,13.7,,martike03
385,Kelan Martin,26,IND,SF,27,1,444,5.7,13.6,.417,1.8,6.0,.297,3.9,7.6,.511,.482,0.7,1.1,.692,1.3,3.0,4.3,1.7,1.1,0.7,1.1,2.9,13.9,,martike03
385,Kelan Martin,26,BOS,SF,3,0,6,0.0,18.0,.000,0.0,6.0,.000,0.0,12.0,.000,.000,0.0,0.0,,6.0,6.0,12.0,0.0,0.0,0.0,0.0,0.0,0.0,,martike03
386,Yuta Watanabe,27,TOR,SF,38,4,445,4.5,11.2,.406,2.2,6.4,.342,2.3,4.8,.492,.504,1.9,3.2,.600,1.5,6.0,7.4,1.7,0.9,1.3,1.5,3.1,13.2,,watanyu01
387,Juancho Hernangómez,26,3TM,PF,40,9,445,3.6,8.6,.415,1.9,5.6,.348,1.6,3.0,.541,.528,1.5,2.8,.559,2.3,5.8,8.1,1.6,1.1,0.8,1.3,2.0,10.6,,hernaju01
387,Juancho Hernangómez,26,BOS,PF,18,0,96,1.9,10.1,.185,1.1,6.8,.167,0.7,3.4,.222,.241,2.3,3.4,.667,3.4,6.0,9.4,1.1,1.5,0.7,2.3,2.6,7.1,,hernaju01
387,Juancho Hernangómez,26,SAS,PF,5,0,51,1.4,4.2,.333,0.0,2.1,.000,1.4,2.1,.667,.333,2.1,2.8,.750,2.8,7.8,10.6,2.1,0.7,0.7,1.4,0.0,4.9,,hernaju01
387,Juancho Hernangómez,26,UTA,PF,17,9,298,4.5,8.8,.507,2.5,5.8,.438,1.9,3.0,.640,.651,1.2,2.5,.476,1.8,5.4,7.2,1.7,1.1,0.8,1.0,2.2,12.7,,hernaju01
388,Trey Burke,29,DAL,PG,42,0,441,6.9,17.6,.391,2.1,6.7,.317,4.7,10.9,.436,.451,1.6,1.9,.870,0.3,2.4,2.7,4.7,1.0,0.0,2.1,3.2,17.5,,burketr01
389,Thomas Bryant,24,WAS,C,27,9,439,6.3,12.1,.520,1.0,3.4,.286,5.3,8.7,.613,.561,2.9,3.3,.875,2.1,6.7,8.9,1.9,0.5,1.7,1.6,3.5,16.5,,bryanth01
390,Elijah Hughes,23,2TM,SG,36,4,434,3.9,11.9,.326,2.1,7.9,.263,1.8,4.1,.449,.413,0.6,0.7,.778,0.5,4.3,4.8,1.8,1.2,0.7,1.4,3.2,10.5,,hugheel01
390,Elijah Hughes,23,UTA,SF,14,1,112,4.8,11.6,.417,3.2,9.0,.357,1.6,2.6,.625,.556,1.0,1.0,1.000,0.6,4.8,5.5,1.9,1.3,0.3,2.3,2.3,13.8,,hugheel01
390,Elijah Hughes,23,POR,SG,22,3,322,3.6,12.1,.296,1.7,7.5,.224,1.9,4.6,.415,.366,0.4,0.7,.667,0.4,4.1,4.6,1.8,1.1,0.8,1.1,3.6,9.3,,hugheel01
391,Joe Harris,30,BRK,SF,14,14,423,4.8,10.6,.452,3.5,7.5,.466,1.3,3.1,.417,.617,0.4,0.5,.833,0.4,4.3,4.8,1.2,0.6,0.2,1.4,2.6,13.4,,harrijo01
392,Patrick Williams,20,CHI,PF,17,9,422,4.6,8.7,.529,1.3,2.5,.517,3.3,6.2,.534,.603,2.6,3.5,.732,1.5,4.4,5.9,1.3,0.8,0.8,1.4,2.4,13.1,,willipa01
393,Olivier Sarr,22,OKC,C,22,2,421,5.0,8.6,.574,1.1,2.5,.448,3.8,6.2,.625,.639,2.1,2.5,.828,2.9,5.0,8.0,1.6,0.5,1.3,1.9,4.4,13.1,,sarrol01
394,Enes Freedom,29,BOS,C,35,1,411,4.5,8.5,.526,0.2,0.4,.400,4.3,8.1,.533,.536,2.1,2.5,.857,5.3,8.7,14.0,0.7,0.4,1.2,1.8,3.7,11.2,,kanteen01
395,Sandro Mamukelashvili,22,MIL,PF,41,3,407,5.0,10.2,.496,1.9,4.6,.423,3.1,5.6,.556,.591,1.6,1.9,.818,3.1,4.2,7.3,1.9,0.8,0.8,1.3,2.5,13.6,,mamuksa01
396,Semi Ojeleye,27,2TM,PF,30,0,406,2.7,8.8,.303,1.3,4.4,.300,1.3,4.3,.306,.379,2.0,2.6,.793,2.4,4.2,6.6,0.8,0.6,0.5,0.8,2.7,8.7,,ojelese01
396,Semi Ojeleye,27,MIL,PF,20,0,308,2.1,8.2,.257,1.3,4.8,.268,0.8,3.4,.241,.336,1.2,1.5,.769,2.9,3.9,6.8,0.6,0.6,0.6,0.6,3.0,6.7,,ojelese01
396,Semi Ojeleye,27,LAC,PF,10,0,98,4.4,10.7,.414,1.5,3.3,.444,2.9,7.3,.400,.483,4.8,5.9,.813,0.7,5.1,5.9,1.5,0.7,0.4,1.5,1.5,15.1,,ojelese01
397,Day'Ron Sharpe,20,BRK,PF,32,8,391,7.9,13.7,.577,0.2,0.6,.286,7.7,13.1,.592,.584,2.2,3.8,.585,7.5,7.3,14.7,1.6,0.9,1.4,2.8,5.5,18.2,,sharpda01
398,Luka Garza,23,DET,C,32,5,389,6.1,13.6,.449,1.5,4.5,.327,4.6,9.1,.510,.503,3.5,5.6,.623,5.4,3.9,9.3,1.9,0.8,0.6,1.7,5.1,17.2,,garzalu01
399,Isaiah Livers,23,DET,SF,19,5,383,3.9,8.5,.456,2.5,6.0,.422,1.3,2.4,.538,.606,1.1,1.3,.857,1.4,3.9,5.4,2.0,1.2,0.7,1.4,3.5,11.4,,liveris01
400,Gary Clark,27,NOP,PF,38,1,378,3.1,8.4,.375,2.7,6.7,.400,0.5,1.7,.278,.534,0.7,1.0,.700,2.2,6.4,8.6,1.7,1.2,0.7,1.0,1.9,9.6,,clarkga01
401,Paul Millsap,36,2TM,C,33,1,376,4.3,11.0,.391,0.8,3.4,.229,3.5,7.7,.463,.426,1.6,2.3,.708,3.9,7.0,10.9,2.8,1.0,1.2,1.8,6.4,11.0,,millspa01
401,Paul Millsap,36,BRK,C,24,0,270,4.3,11.3,.376,0.8,3.6,.222,3.5,7.7,.448,.412,1.6,2.3,.706,3.9,8.0,11.9,3.2,0.7,1.5,1.5,6.4,10.9,,millspa01
401,Paul Millsap,36,PHI,C,9,1,106,4.4,10.2,.433,0.7,2.7,.250,3.7,7.5,.500,.467,1.7,2.4,.714,4.1,4.4,8.5,1.7,1.7,0.7,2.7,6.5,11.2,,millspa01
402,Miles McBride,21,NYK,PG,40,2,372,3.1,10.5,.296,1.6,6.6,.250,1.5,3.9,.375,.375,0.8,1.2,.667,0.4,3.7,4.1,4.0,1.4,0.1,0.5,4.4,8.6,,mcbrimi01
403,Chris Chiozza,26,GSW,PG,34,1,372,2.3,7.8,.296,1.6,5.1,.321,0.7,2.7,.250,.401,0.2,0.3,.667,0.9,2.6,3.5,6.3,1.3,0.0,3.1,3.1,6.5,,chiozch01
404,Gorgui Dieng,32,ATL,C,44,3,371,5.1,10.9,.473,2.8,6.6,.426,2.3,4.3,.545,.603,1.8,2.5,.731,3.1,8.6,11.7,3.3,1.1,1.3,1.9,5.0,14.9,,dienggo01
405,Nick Richards,24,CHO,C,50,5,367,5.9,8.8,.667,0.0,0.0,,5.9,8.8,.667,.667,2.9,4.2,.698,3.3,5.1,8.4,1.3,0.9,2.1,2.4,5.0,14.7,,richani01
406,Jared Butler,21,UTA,SG,42,1,360,6.1,15.1,.404,2.8,8.8,.318,3.3,6.3,.524,.497,1.1,1.6,.688,0.5,4.0,4.5,6.3,1.7,0.8,3.3,4.7,16.1,,butleja02
407,Santi Aldama,21,MEM,PF,32,0,360,5.3,13.2,.402,0.6,4.8,.125,4.7,8.4,.560,.424,2.0,3.2,.625,3.3,5.4,8.7,2.1,0.6,1.0,1.6,3.6,13.2,,aldamsa01
408,Markelle Fultz,23,ORL,PG,18,3,360,8.3,17.5,.474,0.4,1.7,.235,7.9,15.8,.500,.486,2.5,3.1,.806,0.4,4.5,4.9,9.9,2.0,0.5,4.0,2.2,19.5,,fultzma01
409,Ish Wainright,27,PHO,PF,45,0,359,4.1,10.4,.394,1.9,5.9,.322,2.2,4.5,.489,.486,0.7,1.2,.583,2.7,2.7,5.4,1.5,2.0,0.6,1.3,4.9,10.8,,wainris01
410,Wenyen Gabriel,24,3TM,PF,26,5,358,5.4,11.1,.491,0.8,2.8,.286,4.6,8.2,.561,.527,2.5,4.2,.595,3.9,5.8,9.8,1.4,0.5,1.1,1.6,6.8,14.2,,gabriwe01
410,Wenyen Gabriel,24,BRK,PF,1,0,1,0.0,0.0,,0.0,0.0,,0.0,0.0,,,0.0,0.0,,0.0,36.0,36.0,0.0,0.0,0.0,0.0,0.0,0.0,,gabriwe01
410,Wenyen Gabriel,24,LAC,PF,6,0,46,3.9,10.2,.385,1.6,3.9,.400,2.3,6.3,.375,.462,1.6,3.1,.500,3.9,7.0,11.0,1.6,0.8,1.6,2.3,8.6,11.0,,gabriwe01
410,Wenyen Gabriel,24,LAL,PF,19,5,311,5.7,11.2,.505,0.7,2.7,.261,5.0,8.6,.581,.536,2.7,4.4,.605,3.9,5.6,9.5,1.4,0.5,1.0,1.5,6.6,14.7,,gabriwe01
411,Cody Zeller,29,POR,C,27,0,355,5.2,9.1,.567,0.0,0.4,.000,5.2,8.7,.593,.567,3.9,5.0,.776,5.1,7.6,12.7,2.2,0.8,0.6,1.9,5.7,14.2,,zelleco01
412,Keljin Blevins,26,POR,SF,31,1,349,3.5,11.4,.306,2.2,7.4,.292,1.3,4.0,.333,.401,0.6,1.1,.545,1.7,3.0,4.6,2.0,1.3,0.1,1.8,3.0,9.8,,blevike01
413,Marquese Chriss,24,DAL,PF,34,0,346,6.5,13.9,.463,0.8,2.6,.320,5.6,11.3,.495,.493,2.3,3.4,.667,3.4,7.3,10.7,1.8,1.4,1.2,1.8,6.7,16.0,,chrisma01
414,Moses Brown,22,2TM,C,40,6,345,6.7,11.3,.593,0.0,0.0,,6.7,11.3,.593,.593,4.5,7.5,.597,4.1,10.0,14.1,0.1,0.7,1.7,2.1,5.5,17.8,,brownmo01
414,Moses Brown,22,DAL,C,26,1,169,5.8,10.7,.540,0.0,0.0,,5.8,10.7,.540,.540,5.8,9.2,.628,3.4,9.6,13.0,0.2,0.6,1.9,3.0,6.0,17.3,,brownmo01
414,Moses Brown,22,CLE,C,14,5,176,7.6,11.9,.638,0.0,0.0,,7.6,11.9,.638,.638,3.3,5.9,.552,4.7,10.4,15.1,0.0,0.8,1.4,1.2,5.1,18.4,,brownmo01
415,Kira Lewis Jr.,20,NOP,PG,24,0,341,6.2,15.4,.404,1.4,6.1,.224,4.9,9.3,.523,.449,1.1,1.3,.833,1.0,3.2,4.1,5.2,1.2,0.1,2.7,1.8,14.9,,lewiski01
416,David Duke Jr.,22,BRK,PG,22,7,341,4.1,11.4,.361,1.0,3.9,.243,3.2,7.5,.423,.403,1.8,2.2,.810,3.2,3.9,7.1,1.8,1.5,0.7,1.0,3.8,11.0,,dukeda01
417,PJ Dozier,25,DEN,SG,18,0,340,3.8,10.5,.364,1.6,5.1,.313,2.2,5.4,.412,.439,1.1,1.4,.769,1.5,5.2,6.7,3.1,1.2,0.6,1.4,3.5,10.3,,doziepj01
418,Jarrett Culver,22,MEM,SG,37,0,338,5.4,14.4,.378,1.3,5.0,.255,4.2,9.4,.443,.422,1.7,3.6,.471,1.4,3.7,5.1,3.5,2.1,0.5,2.1,4.5,13.8,,culveja01
419,Kris Dunn,27,POR,PG,14,3,336,4.7,10.9,.431,0.1,1.2,.091,4.6,9.7,.473,.436,1.8,1.9,.944,1.0,4.3,5.2,8.5,2.5,0.3,3.4,4.1,11.4,,dunnkr01
420,Isaiah Thomas,32,3TM,PG,22,1,333,7.2,18.1,.401,3.0,9.0,.337,4.2,9.1,.464,.485,2.4,2.8,.846,0.4,2.7,3.1,3.7,0.8,0.5,1.6,3.7,19.9,,thomais02
420,Isaiah Thomas,32,LAL,PG,4,1,101,4.3,13.9,.308,1.8,7.8,.227,2.5,6.1,.412,.372,2.9,3.9,.727,0.4,2.5,2.9,2.1,0.0,0.7,1.8,4.3,13.2,,thomais02
420,Isaiah Thomas,32,DAL,PG,1,0,13,8.3,22.2,.375,0.0,8.3,.000,8.3,13.8,.600,.375,0.0,0.0,,0.0,0.0,0.0,11.1,0.0,0.0,0.0,0.0,16.6,,thomais02
420,Isaiah Thomas,32,CHO,PG,17,0,219,8.5,19.7,.433,3.8,9.5,.397,4.8,10.2,.468,.529,2.3,2.5,.933,0.5,3.0,3.5,3.9,1.2,0.5,1.6,3.6,23.2,,thomais02
421,Brad Wanamaker,32,2TM,PG,23,2,320,3.2,8.7,.364,0.5,1.9,.235,2.7,6.8,.400,.390,2.6,2.8,.920,0.7,3.7,4.4,6.2,0.8,0.7,2.6,5.1,9.3,,wanambr01
421,Brad Wanamaker,32,IND,PG,22,1,293,3.2,8.8,.361,0.5,2.1,.235,2.7,6.8,.400,.389,2.5,2.7,.909,0.7,3.6,4.3,5.9,0.6,0.7,2.8,5.2,9.3,,wanambr01
421,Brad Wanamaker,32,WAS,PG,1,1,27,2.7,6.7,.400,0.0,0.0,,2.7,6.7,.400,.400,4.0,4.0,1.000,0.0,5.3,5.3,9.3,2.7,0.0,0.0,4.0,9.3,,wanambr01
422,Collin Sexton,23,CLE,SG,11,11,316,7.7,17.2,.450,1.3,5.1,.244,6.5,12.1,.538,.487,3.3,4.4,.744,1.5,2.6,4.1,2.6,1.1,0.0,3.5,2.8,20.1,,sextoco01
423,Justin Anderson,28,2TM,SF,16,6,316,4.1,10.8,.379,1.7,6.7,.254,2.4,4.1,.583,.458,1.7,2.2,.789,0.5,4.8,5.2,3.8,0.9,0.7,0.9,2.5,11.6,,anderju01
423,Justin Anderson,28,CLE,SF,3,0,47,3.1,6.1,.500,1.5,4.6,.333,1.5,1.5,1.000,.625,2.3,3.1,.750,0.0,4.6,4.6,4.6,0.8,0.0,1.5,3.1,10.0,,anderju01
423,Justin Anderson,28,IND,SF,13,6,269,4.3,11.6,.368,1.7,7.1,.245,2.5,4.6,.559,.443,1.6,2.0,.800,0.5,4.8,5.4,3.6,0.9,0.8,0.8,2.4,11.9,,anderju01
424,James Bouknight,21,CHO,SG,31,0,304,5.8,16.7,.348,2.0,5.8,.347,3.8,10.9,.348,.408,3.2,3.7,.871,2.6,3.6,6.2,3.1,0.8,0.1,1.8,3.4,16.8,,bouknja01
425,Justin Robinson,24,3TM,PG,25,0,304,3.3,11.0,.301,2.1,7.2,.295,1.2,3.8,.313,.398,0.5,0.9,.500,0.5,2.0,2.5,3.8,1.1,0.1,2.0,3.2,9.2,,robinju01
425,Justin Robinson,24,MIL,PG,17,0,198,3.3,10.4,.316,1.8,6.7,.270,1.5,3.6,.400,.404,0.4,0.4,1.000,0.4,2.0,2.4,3.8,1.5,0.0,2.0,3.1,8.7,,robinju01
425,Justin Robinson,24,SAC,PG,3,0,15,2.4,19.2,.125,0.0,7.2,.000,2.4,12.0,.200,.125,0.0,0.0,,0.0,2.4,2.4,4.8,0.0,0.0,2.4,4.8,4.8,,robinju01
425,Justin Robinson,24,DET,PG,5,0,91,3.6,11.1,.321,3.2,8.3,.381,0.4,2.8,.143,.464,0.8,2.4,.333,0.8,2.0,2.8,3.6,0.4,0.4,2.0,3.2,11.1,,robinju01
426,Paul Reed,22,PHI,C,38,2,302,6.4,11.4,.563,0.2,1.0,.250,6.2,10.5,.591,.573,0.7,1.7,.429,5.2,5.7,11.0,1.9,3.9,1.7,1.2,6.8,13.8,,reedpa01
427,Markieff Morris,32,MIA,PF,17,1,298,6.5,13.8,.474,1.6,4.7,.333,5.0,9.1,.547,.531,1.0,1.1,.889,2.1,3.4,5.4,2.8,0.7,0.1,2.4,4.0,15.6,,morrima02
428,Brook Lopez,33,MIL,C,13,11,298,7.4,15.8,.466,2.3,6.4,.358,5.1,9.4,.538,.538,2.4,2.8,.870,2.3,4.1,6.4,0.7,1.0,1.8,1.4,4.1,19.4,,lopezbr01
429,Justin Champagnie,20,TOR,SF,36,0,281,4.0,8.6,.463,1.3,3.6,.357,2.7,5.0,.538,.537,1.2,1.2,1.000,4.7,4.5,9.2,1.4,1.0,0.5,1.0,4.1,10.4,,champju01
430,Nathan Knight,24,MIN,PF,37,2,267,6.1,11.9,.511,0.5,1.8,.308,5.5,10.1,.547,.534,5.9,8.1,.733,4.3,7.1,11.5,3.0,0.9,1.1,2.4,5.7,18.6,,knighna01
431,Michael Porter Jr.,23,DEN,SF,9,9,265,5.0,14.0,.359,1.4,6.5,.208,3.7,7.5,.491,.408,0.7,1.2,.556,1.2,6.8,8.0,2.3,1.4,0.3,1.6,2.2,12.1,,portemi01
432,JT Thor,19,CHO,PF,33,0,262,3.3,7.6,.436,1.0,3.7,.259,2.3,3.8,.607,.500,1.6,2.7,.600,1.5,4.4,5.9,2.6,1.1,1.5,1.4,3.6,9.2,,thorjt01
433,Daishen Nix,19,HOU,SG,24,0,261,3.7,9.2,.403,1.0,3.6,.269,2.8,5.7,.488,.455,2.2,4.1,.533,1.0,3.6,4.6,5.5,2.1,0.0,3.6,2.9,10.6,,nixda01
434,KZ Okpala,22,MIA,PF,21,0,244,4.4,10.2,.435,1.3,3.8,.346,3.1,6.3,.488,.500,1.2,1.6,.727,1.6,4.4,6.0,2.1,0.6,1.0,0.7,3.7,11.4,,okpalkz01
435,Leandro Bolmaro,21,MIN,SF,35,2,241,2.5,8.1,.315,0.7,2.7,.278,1.8,5.4,.333,.361,1.6,1.9,.846,2.4,4.0,6.4,3.1,0.9,0.0,1.9,3.9,7.5,,bolmale01
436,Usman Garuba,19,HOU,PF,24,2,240,2.8,6.6,.432,0.7,3.0,.250,2.1,3.6,.583,.489,0.7,1.0,.714,3.2,9.3,12.4,2.5,1.5,1.6,0.9,4.2,7.2,,garubus01
437,Jaylen Hoard,22,OKC,SF,7,5,240,6.6,13.5,.489,1.4,3.7,.360,5.2,9.8,.538,.539,0.9,2.1,.429,4.5,8.1,12.6,2.5,0.9,0.7,1.2,2.1,15.4,,hoardja01
438,Mychal Mulder,27,2TM,PG,17,3,239,3.6,11.6,.312,2.6,8.1,.315,1.1,3.5,.304,.422,0.6,0.6,1.000,0.3,3.3,3.6,0.8,0.6,0.3,1.2,2.0,10.4,,muldemy01
438,Mychal Mulder,27,ORL,PG,15,2,195,3.7,12.4,.299,2.4,8.5,.283,1.3,3.9,.333,.396,0.4,0.4,1.000,0.4,3.5,3.9,0.6,0.7,0.2,1.5,2.2,10.2,,muldemy01
438,Mychal Mulder,27,MIA,PG,2,1,44,3.3,8.2,.400,3.3,6.5,.500,0.0,1.6,.000,.600,1.6,1.6,1.000,0.0,2.5,2.5,1.6,0.0,0.8,0.0,0.8,11.5,,muldemy01
439,Jake Layman,27,MIN,SF,34,1,231,4.7,11.4,.411,1.2,5.5,.229,3.4,5.9,.579,.466,2.0,2.8,.722,0.9,4.7,5.6,1.4,1.1,0.8,1.6,1.9,12.6,,laymaja01
440,Denzel Valentine,28,2TM,SG,24,0,222,4.1,10.7,.379,3.1,7.6,.404,1.0,3.1,.316,.523,0.0,0.0,,1.5,5.4,6.8,1.8,1.3,0.0,1.9,3.2,11.2,,valende01
440,Denzel Valentine,28,CLE,SG,22,0,204,4.1,10.9,.371,3.2,7.8,.409,0.9,3.2,.278,.516,0.0,0.0,,1.6,5.1,6.7,1.9,1.2,0.0,1.8,3.0,11.3,,valende01
440,Denzel Valentine,28,UTA,SG,2,0,18,4.0,8.0,.500,2.0,6.0,.333,2.0,2.0,1.000,.625,0.0,0.0,,0.0,8.0,8.0,0.0,2.0,0.0,4.0,6.0,10.0,,valende01
441,Kevin Knox,22,2TM,SF,30,0,222,5.0,13.8,.365,2.4,8.8,.278,2.6,5.0,.516,.453,2.6,3.6,.727,2.3,4.9,7.1,1.6,0.6,0.3,1.1,3.1,15.1,,knoxke01
441,Kevin Knox,22,NYK,SF,13,0,111,4.9,13.0,.375,3.2,9.1,.357,1.6,3.9,.417,.500,2.3,3.2,.700,2.6,4.5,7.1,1.0,0.6,0.3,1.6,1.6,15.2,,knoxke01
441,Kevin Knox,22,ATL,SF,17,0,111,5.2,14.6,.356,1.6,8.4,.192,3.6,6.2,.579,.411,2.9,3.9,.750,1.9,5.2,7.1,2.3,0.6,0.3,0.6,4.5,14.9,,knoxke01
442,Skylar Mays,24,ATL,SG,28,5,220,5.2,10.5,.500,1.3,4.1,.320,3.9,6.4,.615,.563,1.3,1.5,.889,0.8,3.3,4.1,2.8,1.1,0.0,1.6,1.5,13.1,,mayssk01
443,Georgios Kalaitzakis,23,2TM,SF,13,4,214,5.2,11.3,.463,1.7,4.4,.385,3.5,6.9,.512,.537,2.4,5.0,.467,1.0,2.5,3.5,2.0,1.9,0.3,3.4,3.2,14.5,,kalaige01
443,Georgios Kalaitzakis,23,MIL,SF,9,0,48,3.7,8.2,.455,1.5,3.0,.500,2.3,5.2,.429,.545,3.0,6.8,.444,3.0,3.0,6.0,0.0,0.7,0.7,3.0,6.0,12.0,,kalaige01
443,Georgios Kalaitzakis,23,OKC,SF,4,4,166,5.6,12.1,.464,1.7,4.8,.364,3.9,7.4,.529,.536,2.2,4.6,.476,0.4,2.4,2.8,2.6,2.2,0.2,3.5,2.4,15.2,,kalaige01
444,Malcolm Hill,26,2TM,SG,19,0,212,4.1,8.8,.462,2.2,6.1,.361,1.9,2.7,.688,.587,1.9,2.4,.786,1.9,4.1,5.9,1.4,1.2,0.5,0.5,4.1,12.2,,hillma01
444,Malcolm Hill,26,ATL,SG,3,0,46,3.9,6.3,.625,2.3,3.9,.600,1.6,2.3,.667,.813,3.1,3.1,1.000,1.6,3.1,4.7,0.8,3.1,0.8,0.0,5.5,13.3,,hillma01
444,Malcolm Hill,26,CHI,SF,16,0,166,4.1,9.5,.432,2.2,6.7,.323,2.0,2.8,.692,.545,1.5,2.2,.700,2.0,4.3,6.3,1.5,0.7,0.4,0.7,3.7,11.9,,hillma01
445,Tim Frazier,31,2TM,PG,12,3,208,2.4,7.8,.311,1.0,2.9,.353,1.4,4.8,.286,.378,0.9,1.6,.556,0.9,2.4,3.3,5.9,0.5,0.2,2.6,4.7,6.8,,fraziti01
445,Tim Frazier,31,ORL,PG,10,3,200,2.3,7.7,.302,1.1,3.1,.353,1.3,4.7,.269,.372,0.9,1.6,.556,0.9,2.5,3.4,5.9,0.5,0.2,2.3,4.3,6.7,,fraziti01
445,Tim Frazier,31,CLE,PG,2,0,8,4.5,9.0,.500,0.0,0.0,,4.5,9.0,.500,.500,0.0,0.0,,0.0,0.0,0.0,4.5,0.0,0.0,9.0,13.5,9.0,,fraziti01
446,Alfonzo McKinnie,29,CHI,SF,17,3,206,4.2,10.7,.393,1.6,4.7,.333,2.6,5.9,.441,.467,0.3,1.4,.250,2.3,3.5,5.8,0.9,0.3,0.5,1.2,4.5,10.3,,mckinal01
447,Joe Wieskamp,22,SAS,SG,29,0,205,3.5,9.8,.357,2.5,7.6,.326,1.1,2.3,.462,.482,1.2,2.3,.538,0.7,1.8,2.5,1.6,0.7,0.5,0.4,2.5,10.7,,wieskjo01
448,Ed Davis,32,CLE,C,31,3,201,2.0,2.9,.688,0.0,0.0,,2.0,2.9,.688,.688,1.1,2.5,.429,2.5,9.0,11.5,1.3,0.5,1.6,0.9,5.9,5.0,,davised01
449,Tyler Cook,24,CHI,PF,20,2,200,4.1,6.8,.605,0.0,0.0,,4.1,6.8,.605,.605,3.8,5.8,.656,2.9,6.7,9.5,0.5,0.7,0.7,1.3,5.0,12.1,,cookty01
450,Javonte Smart,22,2TM,PG,17,1,200,3.4,10.8,.317,1.4,4.9,.296,2.0,5.9,.333,.383,0.9,1.1,.833,0.9,3.4,4.3,2.9,1.1,0.5,2.0,2.2,9.2,,smartja01
450,Javonte Smart,22,MIL,PG,13,1,160,2.5,9.7,.256,0.9,4.1,.222,1.6,5.6,.280,.302,1.1,1.4,.833,0.9,3.4,4.3,3.2,0.9,0.5,2.0,2.5,7.0,,smartja01
450,Javonte Smart,22,MIA,PG,4,0,40,7.2,15.3,.471,3.6,8.1,.444,3.6,7.2,.500,.588,0.0,0.0,,0.9,3.6,4.5,1.8,1.8,0.9,1.8,0.9,18.0,,smartja01
451,Lindell Wigginton,23,MIL,PG,19,0,199,4.7,11.0,.426,1.6,4.7,.346,3.1,6.3,.486,.500,3.4,6.3,.543,0.5,4.0,4.5,4.2,0.9,0.2,2.2,3.1,14.5,,wiggili01
452,Braxton Key,24,2TM,SF,11,0,197,6.0,13.2,.458,1.1,3.8,.286,4.9,9.3,.529,.500,1.3,2.4,.538,2.4,6.8,9.1,2.0,1.8,2.0,2.0,4.8,14.4,,keybr01
452,Braxton Key,24,PHI,SF,2,0,6,6.0,12.0,.500,0.0,6.0,.000,6.0,6.0,1.000,.500,0.0,0.0,,6.0,6.0,12.0,6.0,6.0,0.0,12.0,6.0,12.0,,keybr01
452,Braxton Key,24,DET,SF,9,0,191,6.0,13.2,.457,1.1,3.8,.300,4.9,9.4,.520,.500,1.3,2.5,.538,2.3,6.8,9.0,1.9,1.7,2.1,1.7,4.7,14.5,,keybr01
453,Udoka Azubuike,22,UTA,C,17,6,195,6.8,9.0,.755,0.0,0.0,,6.8,9.0,.755,.755,1.1,2.0,.545,3.3,9.8,13.1,0.0,0.2,2.0,2.2,4.6,14.8,,azubuud01
454,Greg Monroe,31,4TM,C,14,0,195,5.9,10.5,.561,0.0,0.0,,5.9,10.5,.561,.561,2.2,4.2,.522,5.5,6.3,11.8,4.1,1.5,1.8,2.2,4.4,14.0,,monrogr01
454,Greg Monroe,31,MIN,C,4,0,81,5.8,9.8,.591,0.0,0.0,,5.8,9.8,.591,.591,1.3,3.1,.429,2.7,8.0,10.7,7.1,1.8,2.7,3.1,4.0,12.9,,monrogr01
454,Greg Monroe,31,WAS,C,2,0,18,8.0,16.0,.500,0.0,0.0,,8.0,16.0,.500,.500,0.0,0.0,,14.0,6.0,20.0,2.0,2.0,2.0,4.0,4.0,16.0,,monrogr01
454,Greg Monroe,31,MIL,C,5,0,70,5.7,11.3,.500,0.0,0.0,,5.7,11.3,.500,.500,2.6,4.6,.556,5.7,5.1,10.8,1.0,1.5,1.0,1.5,3.6,13.9,,monrogr01
454,Greg Monroe,31,UTA,C,3,0,26,5.5,6.9,.800,0.0,0.0,,5.5,6.9,.800,.800,5.5,9.7,.571,8.3,4.2,12.5,4.2,0.0,1.4,0.0,8.3,16.6,,monrogr01
455,Mamadi Diakite,25,OKC,PF,13,3,188,4.8,9.0,.532,0.0,1.0,.000,4.8,8.0,.595,.532,1.1,2.1,.545,3.3,8.0,11.3,0.4,1.0,1.7,1.3,6.3,10.7,,diakima01
456,Reggie Perry,21,2TM,PF,10,1,187,7.7,15.2,.506,0.6,3.1,.188,7.1,12.1,.587,.525,1.7,2.9,.600,2.9,6.2,9.0,2.3,1.7,1.2,2.1,6.4,17.7,,perryre01
456,Reggie Perry,21,POR,PF,9,1,177,7.9,15.9,.500,0.6,3.3,.188,7.3,12.6,.581,.519,1.8,3.1,.600,3.1,6.3,9.4,2.4,1.8,1.2,2.2,6.1,18.3,,perryre01
456,Reggie Perry,21,IND,PF,1,0,10,3.6,3.6,1.000,0.0,0.0,,3.6,3.6,1.000,1.000,0.0,0.0,,0.0,3.6,3.6,0.0,0.0,0.0,0.0,10.8,7.2,,perryre01
457,Kyle Guy,24,MIA,SG,19,0,186,5.0,12.6,.400,2.7,7.7,.350,2.3,4.8,.480,.508,1.5,2.3,.667,0.8,2.5,3.3,3.3,1.4,0.2,2.5,2.3,14.3,,guyky01
458,Willie Cauley-Stein,28,2TM,C,20,2,183,3.1,6.9,.457,0.2,0.4,.500,3.0,6.5,.455,.471,0.2,0.4,.500,2.6,5.3,7.9,2.0,1.2,0.6,1.4,3.7,6.7,,caulewi01
458,Willie Cauley-Stein,28,DAL,C,18,2,177,3.3,7.1,.457,0.2,0.4,.500,3.1,6.7,.455,.471,0.2,0.4,.500,2.6,5.1,7.7,1.8,1.2,0.6,1.4,3.5,6.9,,caulewi01
458,Willie Cauley-Stein,28,PHI,C,2,0,6,0.0,0.0,,0.0,0.0,,0.0,0.0,,,0.0,0.0,,0.0,12.0,12.0,6.0,0.0,0.0,0.0,12.0,0.0,,caulewi01
459,Frank Kaminsky,28,PHO,C,9,0,181,7.2,13.1,.545,1.0,3.0,.333,6.2,10.1,.608,.583,3.6,4.0,.900,2.2,6.0,8.2,2.6,1.6,1.4,1.0,2.8,18.9,,kaminfr01
460,Charlie Brown Jr.,24,2TM,SG,22,2,177,2.0,7.9,.256,0.2,2.4,.083,1.8,5.5,.333,.269,1.8,2.0,.900,2.8,3.7,6.5,1.2,2.0,0.8,1.0,3.7,6.1,,brownch02
460,Charlie Brown Jr.,24,DAL,SG,3,0,15,2.4,12.0,.200,0.0,7.2,.000,2.4,4.8,.500,.200,0.0,0.0,,0.0,2.4,2.4,2.4,4.8,2.4,0.0,4.8,4.8,,brownch02
460,Charlie Brown Jr.,24,PHI,SG,19,2,162,2.0,7.6,.265,0.2,2.0,.111,1.8,5.6,.320,.279,2.0,2.2,.900,3.1,3.8,6.9,1.1,1.8,0.7,1.1,3.6,6.2,,brownch02
461,Markus Howard,22,DEN,SG,31,0,176,8.0,20.7,.386,5.7,14.3,.400,2.3,6.3,.355,.525,4.1,4.7,.870,0.4,2.0,2.5,1.4,1.8,0.0,1.4,3.5,25.8,,howarma02
462,Vlatko Čančar,24,DEN,PF,15,1,176,4.7,8.4,.561,1.4,2.5,.583,3.3,5.9,.552,.646,1.8,2.9,.643,1.6,4.7,6.3,3.5,0.4,0.6,1.8,3.7,12.7,,cancavl01
463,Jamorko Pickett,24,DET,PF,13,0,176,3.7,10.2,.360,2.7,8.0,.333,1.0,2.3,.455,.490,0.2,0.4,.500,1.2,5.3,6.5,1.4,0.0,1.4,1.0,2.5,10.2,,pickeja01
464,Zavier Simpson,24,OKC,PG,4,4,174,3.9,10.8,.365,0.2,1.7,.125,3.7,9.1,.409,.375,1.0,1.0,1.000,0.4,3.9,4.3,6.2,1.0,0.8,2.1,3.1,9.1,,simpsza01
465,Victor Oladipo,29,MIA,SG,8,1,173,7.3,15.2,.479,3.1,7.5,.417,4.2,7.7,.541,.582,2.9,4.0,.737,0.6,4.2,4.8,5.8,1.0,0.2,3.3,2.7,20.6,,oladivi01
466,Hassani Gravett,25,ORL,PG,8,3,171,3.8,8.0,.474,2.3,5.5,.423,1.5,2.5,.583,.618,0.6,0.8,.750,0.2,4.2,4.4,4.2,1.1,0.2,1.9,2.7,10.5,,graveha01
467,Charles Bassey,21,PHI,C,23,0,168,6.4,10.1,.638,0.0,0.9,.000,6.4,9.2,.698,.638,1.9,2.6,.750,4.7,8.6,13.3,1.5,1.1,3.6,1.7,6.9,14.8,,bassech01
468,Alize Johnson,25,3TM,PF,23,0,167,3.7,8.4,.436,0.0,0.9,.000,3.7,7.5,.486,.436,1.5,2.6,.583,6.0,7.1,13.1,1.9,1.1,0.0,2.6,3.9,8.8,,johnsal02
468,Alize Johnson,25,CHI,PF,16,0,121,3.6,6.8,.522,0.0,0.6,.000,3.6,6.2,.571,.522,1.2,2.1,.571,4.8,6.0,10.7,2.4,0.9,0.0,2.4,4.5,8.3,,johnsal02
468,Alize Johnson,25,WAS,PF,3,0,18,4.0,12.0,.333,0.0,4.0,.000,4.0,8.0,.500,.333,0.0,2.0,.000,10.0,14.0,24.0,0.0,0.0,0.0,6.0,0.0,8.0,,johnsal02
468,Alize Johnson,25,NOP,PF,4,0,28,3.9,12.9,.300,0.0,0.0,,3.9,12.9,.300,.300,3.9,5.1,.750,9.0,7.7,16.7,1.3,2.6,0.0,1.3,3.9,11.6,,johnsal02
469,Kevin Pangos,29,CLE,PG,24,3,166,3.3,10.0,.326,1.3,5.6,.231,2.0,4.3,.450,.391,0.7,0.9,.750,0.4,2.0,2.4,6.5,0.7,0.0,1.5,2.4,8.5,,pangoke01
470,Haywood Highsmith,25,MIA,SF,19,1,163,3.5,10.2,.348,2.0,6.2,.321,1.5,4.0,.389,.446,0.4,1.1,.400,2.2,3.5,5.7,1.3,0.4,0.7,0.7,2.9,9.5,,highsha01
471,Sam Hauser,24,BOS,SF,26,0,158,5.2,11.4,.460,4.3,10.0,.432,0.9,1.4,.667,.650,0.0,0.0,,1.1,5.5,6.6,2.3,0.2,0.5,0.5,1.6,14.8,,hausesa01
472,Paul Watson,27,OKC,SF,9,3,156,2.8,8.1,.343,1.4,6.0,.231,1.4,2.1,.667,.429,0.2,0.5,.500,0.7,5.5,6.2,1.8,0.7,0.7,0.9,2.3,7.2,,watsopa01
473,Cassius Stanley,22,DET,SG,9,1,155,4.4,10.7,.413,0.9,3.9,.235,3.5,6.7,.517,.457,2.3,2.3,1.000,1.2,3.3,4.4,0.9,1.2,0.5,1.4,3.9,12.1,,stanlca01
474,Bruno Fernando,23,2TM,C,30,0,152,8.5,13.0,.655,0.2,0.5,.500,8.3,12.6,.660,.664,3.6,5.7,.625,4.3,8.8,13.0,1.7,0.2,2.6,3.3,5.7,20.8,,fernabr01
474,Bruno Fernando,23,BOS,C,20,0,58,4.3,8.7,.500,0.6,0.6,1.000,3.7,8.1,.462,.536,2.5,3.1,.800,4.3,5.0,9.3,2.5,0.0,1.9,3.1,3.7,11.8,,fernabr01
474,Bruno Fernando,23,HOU,C,10,0,94,11.1,15.7,.707,0.0,0.4,.000,11.1,15.3,.725,.707,4.2,7.3,.579,4.2,11.1,15.3,1.1,0.4,3.1,3.4,6.9,26.4,,fernabr01
475,Theo Pinson,26,DAL,SF,19,0,148,3.4,9.5,.359,2.4,7.3,.333,1.0,2.2,.444,.487,2.4,2.4,1.000,0.5,4.6,5.1,4.1,1.2,0.5,1.2,2.9,11.7,,pinsoth01
476,Abdel Nader,28,PHO,SF,14,0,145,3.0,8.7,.343,1.0,3.5,.286,2.0,5.2,.381,.400,1.5,2.5,.600,1.0,5.7,6.7,1.7,2.0,1.0,2.7,5.0,8.4,,naderab01
477,Devin Cannady,25,ORL,PG,5,0,145,3.7,10.9,.341,3.7,9.2,.405,0.0,1.7,.000,.511,1.2,1.7,.714,0.2,1.2,1.5,2.5,1.2,0.7,1.2,2.2,12.4,,cannade01
478,Solomon Hill,30,ATL,SF,13,1,139,0.8,5.2,.150,0.5,3.4,.154,0.3,1.8,.143,.200,0.0,0.0,,1.6,4.4,6.0,3.1,1.0,0.5,0.3,4.1,2.1,,hillso01
479,Xavier Moon,27,LAC,SG,10,0,137,6.6,13.4,.490,1.3,3.7,.357,5.3,9.7,.541,.539,0.8,1.3,.600,0.5,3.2,3.7,6.3,1.8,0.8,1.6,2.4,15.2,,moonxa01
480,Jahmi'us Ramsey,20,SAC,SG,19,0,134,6.4,15.6,.414,1.3,4.8,.278,5.1,10.7,.475,.457,1.9,3.8,.500,1.1,2.4,3.5,1.9,0.3,0.3,1.3,2.7,16.1,,ramseja01
481,Didi Louzada,22,2TM,SF,9,1,129,3.3,9.2,.364,2.5,6.4,.391,0.8,2.8,.300,.500,0.6,0.6,1.000,1.4,3.3,4.7,1.4,0.6,0.6,1.4,3.6,9.8,,louzama01
481,Didi Louzada,22,NOP,SF,2,0,7,0.0,15.4,.000,0.0,15.4,.000,0.0,0.0,,.000,0.0,0.0,,10.3,0.0,10.3,5.1,0.0,0.0,0.0,0.0,0.0,,louzama01
481,Didi Louzada,22,POR,SG,7,1,122,3.5,8.9,.400,2.7,5.9,.450,0.9,3.0,.300,.550,0.6,0.6,1.000,0.9,3.5,4.4,1.2,0.6,0.6,1.5,3.8,10.3,,louzama01
482,Boban Marjanović,33,DAL,C,23,0,128,11.8,19.7,.600,0.3,1.1,.250,11.5,18.6,.621,.607,3.7,6.2,.591,2.3,8.7,11.0,0.8,0.0,0.8,4.2,6.8,27.6,,marjabo01
483,Marcus Garrett,23,MIA,SG,12,0,128,1.4,5.9,.238,0.3,1.1,.250,1.1,4.8,.235,.262,0.6,1.4,.400,2.5,3.9,6.5,2.0,1.4,0.8,0.6,4.5,3.7,,garrema01
484,Jay Scrubb,21,LAC,SG,18,0,121,5.4,13.7,.391,1.8,6.2,.286,3.6,7.4,.480,.457,2.1,3.0,.700,0.6,4.2,4.8,2.4,1.2,0.9,2.1,2.7,14.6,,scrubja01
485,Devontae Cacok,25,SAS,PF,15,0,121,6.2,9.2,.677,0.0,0.0,,6.2,9.2,.677,.677,1.2,2.1,.571,2.4,10.1,12.5,1.8,2.4,2.1,0.9,4.8,13.7,,cacokde01
486,Jalen Johnson,20,ATL,PF,22,0,120,6.6,12.3,.537,0.9,3.9,.231,5.7,8.4,.679,.573,1.5,2.1,.714,0.6,7.2,7.8,0.9,0.9,0.6,2.7,2.7,15.6,,johnsja05
487,Neemias Queta,22,SAC,C,15,0,120,5.1,11.4,.447,0.0,0.0,,5.1,11.4,.447,.447,3.3,5.1,.647,4.2,5.1,9.3,1.8,0.3,2.4,1.8,5.4,13.5,,quetane01
488,Melvin Frazier,25,OKC,SG,3,0,120,3.9,14.4,.271,0.3,6.3,.048,3.6,8.1,.444,.281,1.5,2.1,.714,1.5,2.4,3.9,0.3,0.3,0.0,0.9,2.4,9.6,,frazime01
489,Freddie Gillespie,24,ORL,PF,9,2,119,2.7,6.7,.409,0.0,0.3,.000,2.7,6.4,.429,.409,0.9,2.1,.429,3.9,7.0,10.9,1.5,0.9,2.7,1.5,5.4,6.4,,gillefr01
490,Jabari Parker,26,BOS,PF,12,0,112,5.8,12.2,.474,2.6,5.1,.500,3.2,7.1,.455,.579,2.9,2.9,1.000,1.6,7.4,9.0,1.9,1.3,0.3,2.6,4.2,17.0,,parkeja01
491,Derrick Walton,26,DET,PG,3,3,108,2.0,8.7,.231,1.0,4.3,.231,1.0,4.3,.231,.288,1.3,1.3,1.000,0.7,2.7,3.3,7.0,2.3,1.3,3.7,2.7,6.3,,waltode01
492,Jeff Dowtin Jr.,24,3TM,PG,9,0,108,2.7,8.7,.308,0.3,3.0,.111,2.3,5.7,.412,.327,0.7,0.7,1.000,2.7,3.3,6.0,3.3,1.7,0.3,1.7,1.7,6.3,,dowtije01
492,Jeff Dowtin Jr.,24,GSW,PG,4,0,28,3.9,7.7,.500,0.0,1.3,.000,3.9,6.4,.600,.500,0.0,0.0,,1.3,7.7,9.0,3.9,0.0,1.3,1.3,2.6,7.7,,dowtije01
492,Jeff Dowtin Jr.,24,MIL,PG,1,0,3,0.0,12.0,.000,0.0,12.0,.000,0.0,0.0,,.000,0.0,0.0,,0.0,0.0,0.0,0.0,0.0,0.0,0.0,0.0,0.0,,dowtije01
492,Jeff Dowtin Jr.,24,ORL,PG,4,0,77,2.3,8.9,.263,0.5,3.3,.143,1.9,5.6,.333,.289,0.9,0.9,1.000,3.3,1.9,5.1,3.3,2.3,0.0,1.9,1.4,6.1,,dowtije01
493,Langston Galloway,30,2TM,SG,7,0,107,2.0,8.7,.231,0.7,5.4,.125,1.3,3.4,.400,.269,0.0,0.0,,1.0,5.0,6.1,4.0,0.3,0.0,2.0,2.4,4.7,,gallola01
493,Langston Galloway,30,BRK,SG,4,0,58,3.1,8.1,.385,1.2,5.0,.250,1.9,3.1,.600,.462,0.0,0.0,,0.6,4.3,5.0,3.1,0.0,0.0,3.1,3.1,7.4,,gallola01
493,Langston Galloway,30,MIL,SG,3,0,49,0.7,9.6,.077,0.0,5.9,.000,0.7,3.7,.200,.077,0.0,0.0,,1.5,5.9,7.3,5.1,0.7,0.0,0.7,1.5,1.5,,gallola01
494,Louis King,22,SAC,SF,10,0,104,5.2,16.3,.319,2.8,9.3,.296,2.4,6.9,.350,.404,2.4,3.5,.700,0.0,4.2,4.2,3.1,0.7,0.3,0.0,4.8,15.6,,kinglo02
495,Chaundee Brown Jr.,23,2TM,SF,5,2,104,3.5,11.1,.313,2.1,6.2,.333,1.4,4.8,.286,.406,1.7,2.1,.833,0.3,5.2,5.5,1.4,0.7,0.0,0.3,2.4,10.7,,brownch05
495,Chaundee Brown Jr.,23,LAL,SF,2,0,21,1.7,12.0,.143,0.0,5.1,.000,1.7,6.9,.250,.143,0.0,0.0,,0.0,3.4,3.4,0.0,0.0,0.0,1.7,0.0,3.4,,brownch05
495,Chaundee Brown Jr.,23,ATL,SG,3,2,83,3.9,10.8,.360,2.6,6.5,.400,1.3,4.3,.300,.480,2.2,2.6,.833,0.4,5.6,6.1,1.7,0.9,0.0,0.0,3.0,12.6,,brownch05
496,Luke Kornet,26,3TM,C,15,0,103,4.5,9.4,.481,0.0,1.7,.000,4.5,7.7,.591,.481,1.4,2.1,.667,4.5,5.6,10.1,3.1,1.0,1.0,0.0,3.1,10.5,,kornelu01
496,Luke Kornet,26,CLE,C,2,0,15,2.4,12.0,.200,0.0,2.4,.000,2.4,9.6,.250,.200,4.8,7.2,.667,4.8,2.4,7.2,2.4,0.0,2.4,0.0,2.4,9.6,,kornelu01
496,Luke Kornet,26,MIL,C,1,0,3,0.0,12.0,.000,0.0,0.0,,0.0,12.0,.000,.000,0.0,0.0,,12.0,0.0,12.0,0.0,0.0,0.0,0.0,12.0,0.0,,kornelu01
496,Luke Kornet,26,BOS,C,12,0,85,5.1,8.9,.571,0.0,1.7,.000,5.1,7.2,.706,.571,0.8,1.3,.667,4.2,6.4,10.6,3.4,1.3,0.8,0.0,3.0,11.0,,kornelu01
497,Chris Silva,25,2TM,PF,10,0,91,3.2,5.9,.533,0.0,0.0,,3.2,5.9,.533,.533,4.0,4.7,.833,5.1,9.1,14.2,2.8,0.0,0.4,3.2,7.9,10.3,,silvach01
497,Chris Silva,25,MIN,PF,1,0,3,0.0,0.0,,0.0,0.0,,0.0,0.0,,,0.0,0.0,,0.0,12.0,12.0,0.0,0.0,0.0,0.0,0.0,0.0,,silvach01
497,Chris Silva,25,MIA,PF,9,0,88,3.3,6.1,.533,0.0,0.0,,3.3,6.1,.533,.533,4.1,4.9,.833,5.3,9.0,14.3,2.9,0.0,0.4,3.3,8.2,10.6,,silvach01
498,Tyler Johnson,29,2TM,PG,6,0,91,2.4,7.9,.300,2.0,5.1,.385,0.4,2.8,.143,.425,0.0,0.0,,1.2,3.6,4.7,2.8,1.2,1.2,0.8,2.8,6.7,,johnsty01
498,Tyler Johnson,29,PHI,PG,3,0,38,3.8,9.5,.400,2.8,6.6,.429,0.9,2.8,.333,.550,0.0,0.0,,0.9,4.7,5.7,1.9,0.9,0.9,0.9,3.8,10.4,,johnsty01
498,Tyler Johnson,29,SAS,PG,3,0,53,1.4,6.8,.200,1.4,4.1,.333,0.0,2.7,.000,.300,0.0,0.0,,1.4,2.7,4.1,3.4,1.4,1.4,0.7,2.0,4.1,,johnsty01
499,Devon Dotson,22,CHI,PG,11,0,85,4.7,9.7,.478,0.8,3.8,.222,3.8,5.9,.643,.522,2.1,3.8,.556,0.4,3.4,3.8,6.4,0.4,0.0,2.1,4.7,12.3,,dotsode01
500,Udonis Haslem,41,MIA,C,13,0,83,6.1,13.4,.452,0.4,1.7,.250,5.6,11.7,.481,.468,1.3,1.3,1.000,1.7,9.1,10.8,1.7,0.4,0.4,2.2,6.5,13.9,,hasleud01
501,Wes Iwundu,27,ATL,SF,3,1,82,3.5,7.9,.444,1.3,2.2,.600,2.2,5.7,.385,.528,1.3,1.8,.750,1.3,4.4,5.7,0.0,0.4,0.0,0.4,3.5,9.7,,iwundwe01
502,Bol Bol,22,DEN,PF,14,0,81,6.7,12.0,.556,0.4,1.8,.250,6.2,10.2,.609,.574,0.9,2.2,.400,1.8,7.1,8.9,2.2,0.4,0.9,1.8,1.8,14.7,,bolbo01
503,Carsen Edwards,23,DET,SG,4,0,79,4.1,13.7,.300,1.8,7.3,.250,2.3,6.4,.357,.367,0.5,0.5,1.000,0.9,1.8,2.7,6.4,0.9,0.0,2.3,1.8,10.5,,edwarca01
504,Ryan Arcidiacono,27,NYK,PG,10,0,76,2.8,5.7,.500,1.9,4.3,.444,0.9,1.4,.667,.667,0.0,0.0,,0.0,3.8,3.8,1.9,0.5,0.0,1.4,2.4,7.6,,arcidry01
505,Tyrone Wallace,27,NOP,SG,6,0,75,3.4,9.6,.350,1.0,3.8,.250,2.4,5.8,.417,.400,0.5,2.4,.200,0.0,3.8,3.8,0.5,1.4,0.5,1.0,3.4,8.2,,wallaty01
506,Isaiah Todd,20,WAS,PF,12,0,74,3.4,12.6,.269,1.9,7.8,.250,1.5,4.9,.300,.346,1.0,2.9,.333,1.5,4.4,5.8,1.9,1.9,1.0,1.9,1.9,9.7,,toddis01
507,Trevelin Queen,24,HOU,SG,10,0,74,7.3,16.1,.455,4.4,11.7,.375,2.9,4.4,.667,.591,1.9,1.9,1.000,3.4,4.4,7.8,1.9,2.4,0.5,3.4,2.9,20.9,,queentr01
508,Aleem Ford,24,ORL,SF,5,0,74,2.9,9.7,.300,1.0,7.3,.133,1.9,2.4,.800,.350,0.0,0.0,,1.0,6.3,7.3,1.0,0.5,0.0,1.9,3.4,6.8,,fordal03
509,Quinndary Weatherspoon,25,GSW,SG,11,0,73,5.9,10.4,.571,0.5,2.5,.200,5.4,7.9,.688,.595,2.5,2.5,1.000,1.0,5.9,6.9,2.5,0.5,0.5,1.5,7.4,14.8,,weathqu01
510,Yves Pons,22,MEM,SF,12,0,71,2.5,8.1,.313,1.5,4.6,.333,1.0,3.5,.286,.406,0.0,1.0,.000,2.5,3.5,6.1,0.5,0.5,2.0,0.5,3.0,6.6,,ponsyv01
511,Rayjon Tucker,24,2TM,SG,5,0,71,3.0,4.6,.667,2.0,2.5,.800,1.0,2.0,.500,.889,2.5,3.5,.714,1.5,2.5,4.1,5.1,2.0,0.0,0.5,2.5,10.6,,tuckera01
511,Rayjon Tucker,24,DEN,SG,3,0,29,1.2,2.5,.500,1.2,2.5,.500,0.0,0.0,,.750,3.7,5.0,.750,1.2,3.7,5.0,5.0,1.2,0.0,0.0,3.7,7.4,,tuckera01
511,Rayjon Tucker,24,MIL,SG,2,0,42,4.3,6.0,.714,2.6,2.6,1.000,1.7,3.4,.500,.929,1.7,2.6,.667,1.7,1.7,3.4,5.1,2.6,0.0,0.9,1.7,12.9,,tuckera01
512,Isaac Bonga,22,TOR,SF,15,0,69,1.6,6.8,.231,0.5,2.1,.250,1.0,4.7,.222,.269,2.6,4.2,.625,2.1,1.6,3.7,2.1,4.2,1.0,1.0,5.2,6.3,,bongais01
513,Brandon Knight,30,DAL,PG,5,0,65,5.5,13.8,.400,2.2,9.4,.235,3.3,4.4,.750,.480,4.4,4.4,1.000,0.0,4.4,4.4,4.4,0.6,0.0,2.2,2.8,17.7,,knighbr03
514,B.J. Johnson,26,ORL,SF,4,0,65,6.1,13.8,.440,2.2,5.5,.400,3.9,8.3,.467,.520,0.0,0.0,,3.3,5.0,8.3,0.0,0.0,0.6,0.0,2.2,14.4,,johnsbj01
515,Kai Jones,21,CHO,C,21,0,63,5.1,8.0,.643,0.6,1.1,.500,4.6,6.9,.667,.679,1.7,4.6,.375,1.7,4.6,6.3,2.3,0.6,1.1,3.4,4.6,12.6,,joneska01
516,RJ Nembhard Jr.,22,CLE,SG,14,0,63,3.4,10.3,.333,0.0,1.1,.000,3.4,9.1,.375,.333,1.7,2.3,.750,1.7,2.3,4.0,6.9,0.6,0.0,1.7,1.1,8.6,,nembhrj01
517,Malik Fitts,24,2TM,PF,15,0,63,4.6,10.9,.421,2.9,5.7,.500,1.7,5.1,.333,.553,0.0,0.0,,1.1,8.6,9.7,2.9,0.0,0.0,1.1,2.3,12.0,,fittsma01
517,Malik Fitts,24,UTA,PF,7,0,35,2.1,9.3,.222,2.1,4.1,.500,0.0,5.1,.000,.333,0.0,0.0,,0.0,10.3,10.3,0.0,0.0,0.0,2.1,3.1,6.2,,fittsma01
517,Malik Fitts,24,BOS,PF,8,0,28,7.7,12.9,.600,3.9,7.7,.500,3.9,5.1,.750,.750,0.0,0.0,,2.6,6.4,9.0,6.4,0.0,0.0,0.0,1.3,19.3,,fittsma01
518,Brodric Thomas,25,BOS,SG,12,0,60,4.8,10.8,.444,1.2,5.4,.222,3.6,5.4,.667,.500,1.8,3.0,.600,1.2,4.8,6.0,6.6,0.6,0.6,3.6,4.2,12.6,,thomabr01
519,Tacko Fall,26,CLE,C,11,1,59,3.1,7.3,.417,0.0,0.0,,3.1,7.3,.417,.417,1.2,4.3,.286,4.3,9.8,14.0,1.2,0.0,3.7,1.8,1.8,7.3,,fallta01
520,Sam Merrill,25,MEM,SG,6,0,58,5.0,14.9,.333,4.3,14.3,.304,0.6,0.6,1.000,.479,1.2,2.5,.500,0.6,3.7,4.3,2.5,0.0,0.0,1.2,1.9,15.5,,merrisa01
521,Gabriel Deck,26,OKC,PF,7,0,56,5.1,9.0,.571,1.3,2.6,.500,3.9,6.4,.600,.643,0.0,0.0,,0.6,3.2,3.9,3.2,0.6,0.0,1.3,1.3,11.6,,deckga01
522,James Ennis III,31,3TM,SF,7,0,56,7.1,15.4,.458,1.9,5.1,.375,5.1,10.3,.500,.521,2.6,3.2,.800,3.2,4.5,7.7,1.9,1.3,1.3,1.3,3.2,18.6,,ennisja01
522,James Ennis III,31,BRK,SF,2,0,14,5.1,18.0,.286,2.6,5.1,.500,2.6,12.9,.200,.357,0.0,0.0,,5.1,7.7,12.9,0.0,2.6,2.6,0.0,0.0,12.9,,ennisja01
522,James Ennis III,31,LAC,SF,2,0,28,9.0,14.1,.636,2.6,5.1,.500,6.4,9.0,.714,.727,5.1,5.1,1.000,2.6,3.9,6.4,0.0,1.3,1.3,1.3,5.1,25.7,,ennisja01
522,James Ennis III,31,DEN,SF,3,0,14,5.1,15.4,.333,0.0,5.1,.000,5.1,10.3,.500,.333,0.0,2.6,.000,2.6,2.6,5.1,7.7,0.0,0.0,2.6,2.6,10.3,,ennisja01
523,D.J. Wilson,25,TOR,PF,4,1,54,7.3,10.0,.733,0.0,1.3,.000,7.3,8.7,.846,.733,5.3,6.7,.800,0.7,10.0,10.7,3.3,3.3,0.7,1.3,4.0,20.0,,wilsodj01
524,Myles Powell,24,PHI,PG,11,0,52,3.5,11.8,.294,0.7,4.2,.167,2.8,7.6,.364,.324,1.4,1.4,1.000,0.7,3.5,4.2,2.1,0.7,0.0,2.1,5.5,9.0,,powelmy01
525,Mason Jones,23,LAL,SG,4,0,51,4.9,10.6,.467,0.7,2.8,.250,4.2,7.8,.545,.500,8.5,10.6,.800,0.7,6.4,7.1,2.8,1.4,0.0,0.7,5.6,19.1,,jonesma05
526,Tremont Waters,24,2TM,PG,3,0,50,2.9,10.1,.286,1.4,6.5,.222,1.4,3.6,.400,.357,0.0,0.0,,0.0,2.9,2.9,5.0,3.6,0.0,2.9,2.9,7.2,,watertr01
526,Tremont Waters,24,TOR,PG,2,0,42,2.6,10.3,.250,1.7,7.7,.222,0.9,2.6,.333,.333,0.0,0.0,,0.0,3.4,3.4,6.0,3.4,0.0,3.4,1.7,6.9,,watertr01
526,Tremont Waters,24,WAS,PG,1,0,8,4.5,9.0,.500,0.0,0.0,,4.5,9.0,.500,.500,0.0,0.0,,0.0,0.0,0.0,0.0,4.5,0.0,0.0,9.0,9.0,,watertr01
527,Cameron McGriff,24,POR,SF,3,0,46,3.9,11.0,.357,1.6,4.7,.333,2.3,6.3,.375,.429,1.6,1.6,1.000,4.7,7.0,11.7,2.3,0.0,0.8,0.0,5.5,11.0,,mcgrica01
528,Miye Oni,24,UTA,SG,16,0,44,1.6,7.4,.222,0.8,6.5,.125,0.8,0.8,1.000,.278,0.0,0.8,.000,0.8,4.9,5.7,4.1,0.0,0.0,0.8,5.7,4.1,,onimi01
529,Gabriel Lundberg,27,PHO,SG,4,0,44,4.1,15.5,.263,2.5,6.5,.375,1.6,9.0,.182,.342,0.0,0.0,,1.6,4.1,5.7,9.0,2.5,0.0,2.5,5.7,10.6,,lundbga01
530,Vernon Carey Jr.,20,2TM,C,7,1,44,5.7,10.6,.538,0.0,0.0,,5.7,10.6,.538,.538,4.9,10.6,.462,6.5,3.3,9.8,0.0,1.6,0.8,2.5,3.3,16.4,,careyve01
530,Vernon Carey Jr.,20,CHO,C,4,1,17,6.4,12.7,.500,0.0,0.0,,6.4,12.7,.500,.500,4.2,6.4,.667,6.4,4.2,10.6,0.0,2.1,0.0,2.1,2.1,16.9,,careyve01
530,Vernon Carey Jr.,20,WAS,C,3,0,27,5.3,9.3,.571,0.0,0.0,,5.3,9.3,.571,.571,5.3,13.3,.400,6.7,2.7,9.3,0.0,1.3,1.3,2.7,4.0,16.0,,careyve01
531,Jared Harper,24,NOP,PG,5,0,43,11.7,21.8,.538,4.2,10.0,.417,7.5,11.7,.643,.635,3.3,3.3,1.000,1.7,0.0,1.7,11.7,3.3,0.8,1.7,4.2,31.0,,harpeja01
532,Cameron Oliver,25,ATL,SF,2,0,43,8.4,12.6,.667,0.8,2.5,.333,7.5,10.0,.750,.700,1.7,2.5,.667,1.7,3.3,5.0,2.5,0.8,0.8,0.0,4.2,19.3,,oliveca01
533,Robert Woodard II,22,SAC,SF,12,0,42,1.7,13.7,.125,0.9,3.4,.250,0.9,10.3,.083,.156,1.7,1.7,1.000,4.3,5.1,9.4,2.6,0.9,0.9,0.9,2.6,6.0,,woodaro01
534,Sharife Cooper,20,ATL,PG,13,0,39,2.8,12.9,.214,0.9,5.5,.167,1.8,7.4,.250,.250,0.0,0.0,,0.0,4.6,4.6,4.6,0.0,0.0,4.6,0.9,6.5,,coopesh01
535,Cassius Winston,23,WAS,PG,7,0,39,3.7,10.2,.364,1.8,5.5,.333,1.8,4.6,.400,.455,3.7,3.7,1.000,0.0,0.9,0.9,6.5,0.0,0.0,2.8,8.3,12.9,,winstca01
536,Xavier Sneed,24,2TM,SF,9,0,39,1.8,9.2,.200,0.9,7.4,.125,0.9,1.8,.500,.250,0.0,0.0,,1.8,3.7,5.5,0.9,0.0,0.0,0.0,1.8,4.6,,sneedxa01
536,Xavier Sneed,24,MEM,SF,2,0,8,0.0,9.0,.000,0.0,9.0,.000,0.0,0.0,,.000,0.0,0.0,,4.5,4.5,9.0,0.0,0.0,0.0,0.0,9.0,0.0,,sneedxa01
536,Xavier Sneed,24,UTA,SF,7,0,31,2.3,9.3,.250,1.2,7.0,.167,1.2,2.3,.500,.313,0.0,0.0,,1.2,3.5,4.6,1.2,0.0,0.0,0.0,0.0,5.8,,sneedxa01
537,Nik Stauskas,28,2TM,SG,8,0,39,4.6,12.9,.357,3.7,9.2,.400,0.9,3.7,.250,.500,3.7,5.5,.667,0.9,1.8,2.8,1.8,0.0,0.0,0.9,0.9,16.6,,stausni01
537,Nik Stauskas,28,MIA,SG,2,0,24,4.5,12.0,.375,3.0,6.0,.500,1.5,6.0,.250,.500,4.5,6.0,.750,1.5,3.0,4.5,1.5,0.0,0.0,0.0,1.5,16.5,,stausni01
537,Nik Stauskas,28,BOS,SG,6,0,15,4.8,14.4,.333,4.8,14.4,.333,0.0,0.0,,.500,2.4,4.8,.500,0.0,0.0,0.0,2.4,0.0,0.0,2.4,0.0,16.8,,stausni01
538,Petr Cornelie,26,DEN,PF,13,0,38,4.7,14.2,.333,0.9,7.6,.125,3.8,6.6,.571,.367,2.8,3.8,.750,6.6,6.6,13.3,2.8,0.9,0.9,3.8,6.6,13.3,,cornepe01
539,Darren Collison,34,LAL,PG,3,0,37,1.9,6.8,.286,0.0,2.9,.000,1.9,3.9,.500,.286,0.0,0.0,,0.0,3.9,3.9,1.9,1.0,0.0,1.0,4.9,3.9,,collida01
540,Justin Jackson,26,2TM,SF,7,0,37,4.9,14.6,.333,2.9,8.8,.333,1.9,5.8,.333,.433,1.9,1.9,1.000,1.0,5.8,6.8,1.9,0.0,0.0,1.0,2.9,14.6,,jacksju01
540,Justin Jackson,26,BOS,SF,1,0,2,0.0,18.0,.000,0.0,0.0,,0.0,18.0,.000,.000,36.0,36.0,1.000,0.0,0.0,0.0,0.0,0.0,0.0,0.0,0.0,36.0,,jacksju01
540,Justin Jackson,26,PHO,SF,6,0,35,5.1,14.4,.357,3.1,9.3,.333,2.1,5.1,.400,.464,0.0,0.0,,1.0,6.2,7.2,2.1,0.0,0.0,1.0,3.1,13.4,,jacksju01
541,Marko Simonovic,22,CHI,C,9,0,35,4.1,15.4,.267,1.0,5.1,.200,3.1,10.3,.300,.300,8.2,11.3,.727,5.1,5.1,10.3,0.0,1.0,1.0,2.1,6.2,17.5,,simonma01
542,Cheick Diallo,25,DET,C,3,0,31,3.5,9.3,.375,0.0,0.0,,3.5,9.3,.375,.375,5.8,7.0,.833,4.6,9.3,13.9,0.0,1.2,0.0,1.2,7.0,12.8,,diallch01
543,Micah Potter,23,DET,C,3,0,31,5.8,12.8,.455,0.0,2.3,.000,5.8,10.5,.556,.455,2.3,2.3,1.000,4.6,5.8,10.5,0.0,1.2,1.2,1.2,4.6,13.9,,pottemi01
544,Juwan Morgan,24,2TM,PF,2,0,31,2.3,3.5,.667,1.2,2.3,.500,1.2,1.2,1.000,.833,0.0,0.0,,2.3,2.3,4.6,1.2,0.0,0.0,0.0,3.5,5.8,,morgaju01
544,Juwan Morgan,24,TOR,PF,1,0,27,2.7,4.0,.667,1.3,2.7,.500,1.3,1.3,1.000,.833,0.0,0.0,,2.7,2.7,5.3,1.3,0.0,0.0,0.0,4.0,6.7,,morgaju01
544,Juwan Morgan,24,BOS,PF,1,0,4,0.0,0.0,,0.0,0.0,,0.0,0.0,,,0.0,0.0,,0.0,0.0,0.0,0.0,0.0,0.0,0.0,0.0,0.0,,morgaju01
545,Jordan Schakel,23,WAS,SG,4,0,30,1.2,13.2,.091,1.2,7.2,.167,0.0,6.0,.000,.136,2.4,2.4,1.000,2.4,7.2,9.6,0.0,1.2,0.0,1.2,0.0,6.0,,schakjo01
546,Daniel Oturu,22,TOR,C,3,0,27,4.0,8.0,.500,0.0,1.3,.000,4.0,6.7,.600,.500,4.0,6.7,.600,1.3,5.3,6.7,0.0,0.0,2.7,0.0,1.3,12.0,,oturuda01
547,Deividas Sirvydis,21,DET,SG,3,0,27,1.3,13.3,.100,1.3,9.3,.143,0.0,4.0,.000,.150,0.0,0.0,,0.0,8.0,8.0,1.3,4.0,1.3,0.0,5.3,4.0,,sirvyde01
548,Mac McClung,23,2TM,SG,2,0,25,4.3,8.6,.500,1.4,4.3,.333,2.9,4.3,.667,.583,1.4,1.4,1.000,0.0,4.3,4.3,1.4,1.4,1.4,4.3,7.2,11.5,,mccluma01
548,Mac McClung,23,CHI,PG,1,0,3,12.0,12.0,1.000,0.0,0.0,,12.0,12.0,1.000,1.000,0.0,0.0,,0.0,0.0,0.0,0.0,0.0,0.0,12.0,0.0,24.0,,mccluma01
548,Mac McClung,23,LAL,SG,1,0,22,3.3,8.2,.400,1.6,4.9,.333,1.6,3.3,.500,.500,1.6,1.6,1.000,0.0,4.9,4.9,1.6,1.6,1.6,3.3,8.2,9.8,,mccluma01
549,Shaquille Harrison,28,BRK,SG,2,0,23,3.1,9.4,.333,0.0,3.1,.000,3.1,6.3,.500,.333,0.0,0.0,,1.6,4.7,6.3,4.7,1.6,1.6,3.1,4.7,6.3,,harrish01
550,Carlik Jones,24,2TM,PG,5,0,23,1.6,14.1,.111,0.0,1.6,.000,1.6,12.5,.125,.111,3.1,3.1,1.000,1.6,3.1,4.7,7.8,1.6,0.0,4.7,0.0,6.3,,jonesca03
550,Carlik Jones,24,DAL,PG,3,0,19,0.0,13.3,.000,0.0,1.9,.000,0.0,11.4,.000,.000,3.8,3.8,1.000,1.9,3.8,5.7,9.5,1.9,0.0,5.7,0.0,3.8,,jonesca03
550,Carlik Jones,24,DEN,PG,2,0,4,9.0,18.0,.500,0.0,0.0,,9.0,18.0,.500,.500,0.0,0.0,,0.0,0.0,0.0,0.0,0.0,0.0,0.0,0.0,18.0,,jonesca03
551,Chandler Hutchison,25,PHO,SF,6,0,22,1.6,3.3,.500,0.0,0.0,,1.6,3.3,.500,.500,3.3,3.3,1.000,0.0,8.2,8.2,3.3,0.0,0.0,6.5,1.6,6.5,,hutchch01
552,Damyean Dotson,27,NYK,SG,2,0,21,3.4,6.9,.500,0.0,1.7,.000,3.4,5.1,.667,.500,0.0,0.0,,0.0,3.4,3.4,1.7,0.0,0.0,0.0,0.0,6.9,,dotsoda01
553,Gabe York,28,IND,SG,2,0,21,3.4,12.0,.286,1.7,10.3,.167,1.7,1.7,1.000,.357,5.1,8.6,.600,0.0,3.4,3.4,6.9,3.4,1.7,1.7,6.9,13.7,,yorkga01
554,Joel Ayayi,21,WAS,SG,7,0,20,1.8,10.8,.167,0.0,1.8,.000,1.8,9.0,.200,.167,0.0,0.0,,1.8,3.6,5.4,7.2,0.0,0.0,0.0,0.0,3.6,,ayayijo01
555,Jay Huff,23,LAL,C,4,0,20,0.0,5.4,.000,0.0,3.6,.000,0.0,1.8,.000,.000,0.0,0.0,,1.8,5.4,7.2,1.8,1.8,1.8,1.8,1.8,0.0,,huffja01
556,McKinley Wright IV,23,MIN,PG,5,0,19,3.8,5.7,.667,1.9,3.8,.500,1.9,1.9,1.000,.833,0.0,0.0,,0.0,0.0,0.0,5.7,0.0,0.0,1.9,1.9,9.5,,wrighmc01
557,George King,28,DAL,SF,4,0,19,0.0,9.5,.000,0.0,7.6,.000,0.0,1.9,.000,.000,1.9,3.8,.500,0.0,9.5,9.5,0.0,0.0,0.0,1.9,7.6,1.9,,kingge03
558,Norvel Pelle,28,UTA,C,3,0,19,5.7,9.5,.600,0.0,0.0,,5.7,9.5,.600,.600,0.0,0.0,,5.7,5.7,11.4,0.0,0.0,1.9,3.8,1.9,11.4,,pelleno01
559,Wayne Selden,27,NYK,SG,3,0,19,1.9,7.6,.250,1.9,3.8,.500,0.0,3.8,.000,.375,3.8,7.6,.500,0.0,1.9,1.9,1.9,0.0,0.0,0.0,1.9,9.5,,seldewa01
560,Craig Sword,28,WAS,SG,3,0,19,5.7,7.6,.750,0.0,1.9,.000,5.7,5.7,1.000,.750,0.0,0.0,,0.0,0.0,0.0,1.9,7.6,0.0,1.9,13.3,11.4,,swordcr01
561,Eugene Omoruyi,24,DAL,SF,4,0,18,4.0,10.0,.400,2.0,4.0,.500,2.0,6.0,.333,.500,4.0,8.0,.500,4.0,10.0,14.0,4.0,0.0,0.0,0.0,4.0,14.0,,omorueu01
562,Emanuel Terry,25,PHO,PF,3,0,18,0.0,10.0,.000,0.0,0.0,,0.0,10.0,.000,.000,0.0,0.0,,16.0,14.0,30.0,4.0,2.0,0.0,10.0,8.0,0.0,,terryem01
563,Scotty Hopson,32,OKC,SG,1,0,18,4.0,8.0,.500,0.0,2.0,.000,4.0,6.0,.667,.500,0.0,0.0,,0.0,2.0,2.0,2.0,0.0,0.0,4.0,2.0,8.0,,hopsosc01
564,Aaron Henry,22,PHI,SF,6,0,17,2.1,10.6,.200,0.0,2.1,.000,2.1,8.5,.250,.200,0.0,0.0,,0.0,2.1,2.1,0.0,0.0,4.2,4.2,4.2,4.2,,henryaa01
565,Trayvon Palmer,27,DET,SG,1,0,17,0.0,2.1,.000,0.0,0.0,,0.0,2.1,.000,.000,0.0,0.0,,0.0,4.2,4.2,0.0,0.0,0.0,2.1,4.2,0.0,,palmetr01
566,Dakota Mathias,26,MEM,SG,6,0,16,4.5,13.5,.333,4.5,13.5,.333,0.0,0.0,,.500,0.0,0.0,,0.0,4.5,4.5,2.3,2.3,0.0,0.0,2.3,13.5,,mathida01
567,Jaylen Morris,26,SAS,SG,3,0,16,0.0,13.5,.000,0.0,4.5,.000,0.0,9.0,.000,.000,4.5,9.0,.500,0.0,4.5,4.5,4.5,0.0,0.0,2.3,4.5,4.5,,morrija01
568,Sekou Doumbouya,21,LAL,PF,2,0,16,11.3,18.0,.625,2.3,4.5,.500,9.0,13.5,.667,.688,6.8,9.0,.750,4.5,9.0,13.5,0.0,6.8,4.5,4.5,2.3,31.5,,doumbse01
569,Jemerrio Jones,26,LAL,SF,2,0,15,4.8,7.2,.667,0.0,0.0,,4.8,7.2,.667,.667,0.0,0.0,,4.8,2.4,7.2,0.0,2.4,0.0,0.0,4.8,9.6,,jonesje01
570,Moses Wright,23,2TM,PF,4,0,14,2.6,10.3,.250,0.0,2.6,.000,2.6,7.7,.333,.250,7.7,7.7,1.000,2.6,5.1,7.7,5.1,0.0,2.6,0.0,0.0,12.9,,wrighmo01
570,Moses Wright,23,LAC,PF,1,0,1,0.0,0.0,,0.0,0.0,,0.0,0.0,,,0.0,0.0,,0.0,0.0,0.0,36.0,0.0,0.0,0.0,0.0,0.0,,wrighmo01
570,Moses Wright,23,DAL,PF,3,0,13,2.8,11.1,.250,0.0,2.8,.000,2.8,8.3,.333,.250,8.3,8.3,1.000,2.8,5.5,8.3,2.8,0.0,2.8,0.0,0.0,13.8,,wrighmo01
571,Cat Barber,27,ATL,PG,3,0,13,0.0,11.1,.000,0.0,0.0,,0.0,11.1,.000,.000,0.0,11.1,.000,2.8,5.5,8.3,8.3,0.0,0.0,2.8,2.8,0.0,,barbeca01
572,Jarron Cumberland,24,POR,SG,3,0,12,3.0,6.0,.500,0.0,3.0,.000,3.0,3.0,1.000,.500,0.0,0.0,,3.0,6.0,9.0,3.0,0.0,0.0,0.0,6.0,6.0,,cumbeja01
573,JaQuori McLaughlin,24,DAL,PG,4,0,11,0.0,6.5,.000,0.0,3.3,.000,0.0,3.3,.000,.000,0.0,0.0,,0.0,0.0,0.0,6.5,0.0,0.0,0.0,3.3,0.0,,mclauja01
574,Rob Edwards,25,OKC,SG,2,0,11,3.3,13.1,.250,3.3,13.1,.250,0.0,0.0,,.375,0.0,0.0,,0.0,9.8,9.8,0.0,0.0,0.0,3.3,0.0,9.8,,edwarro01
575,Emmanuel Mudiay,25,SAC,PG,2,0,11,0.0,6.5,.000,0.0,0.0,,0.0,6.5,.000,.000,9.8,13.1,.750,0.0,0.0,0.0,13.1,3.3,0.0,3.3,3.3,9.8,,mudiaem01
576,Tre Scott,25,CLE,SF,2,0,11,9.8,19.6,.500,0.0,3.3,.000,9.8,16.4,.600,.500,0.0,0.0,,3.3,3.3,6.5,0.0,3.3,3.3,0.0,6.5,19.6,,scotttr01
577,Shaq Buchanan,25,MEM,SG,2,0,10,3.6,14.4,.250,0.0,7.2,.000,3.6,7.2,.500,.250,0.0,0.0,,3.6,3.6,7.2,7.2,3.6,0.0,7.2,3.6,7.2,,buchash01
578,DaQuan Jeffries,24,MEM,SG,3,0,9,4.0,8.0,.500,0.0,4.0,.000,4.0,4.0,1.000,.500,0.0,0.0,,0.0,8.0,8.0,4.0,0.0,0.0,0.0,4.0,8.0,,jeffrda01
579,Jon Teske,24,MEM,C,3,0,8,0.0,4.5,.000,0.0,0.0,,0.0,4.5,.000,.000,0.0,9.0,.000,0.0,9.0,9.0,4.5,4.5,0.0,0.0,4.5,0.0,,teskejo01
580,Feron Hunt,22,NYK,SF,2,0,8,0.0,9.0,.000,0.0,0.0,,0.0,9.0,.000,.000,0.0,0.0,,4.5,0.0,4.5,4.5,4.5,0.0,4.5,4.5,0.0,,huntfe01
581,Anthony Lamb,24,SAS,SF,2,0,8,0.0,9.0,.000,0.0,9.0,.000,0.0,0.0,,.000,0.0,0.0,,0.0,4.5,4.5,9.0,0.0,0.0,0.0,0.0,0.0,,lamban01
582,M.J. Walker,23,PHO,SG,2,0,8,0.0,18.0,.000,0.0,9.0,.000,0.0,9.0,.000,.000,0.0,0.0,,0.0,4.5,4.5,4.5,9.0,0.0,0.0,4.5,0.0,,walkemj01
583,Malik Newman,24,CLE,PG,1,0,8,13.5,22.5,.600,0.0,4.5,.000,13.5,18.0,.750,.600,9.0,9.0,1.000,0.0,4.5,4.5,4.5,0.0,0.0,4.5,0.0,36.0,,newmama01
584,Paris Bass,26,PHO,SF,2,0,7,10.3,30.9,.333,0.0,10.3,.000,10.3,20.6,.500,.333,10.3,10.3,1.000,10.3,10.3,20.6,0.0,5.1,0.0,10.3,10.3,30.9,,basspa01
585,Scottie Lewis,21,CHO,SG,2,0,7,0.0,0.0,,0.0,0.0,,0.0,0.0,,,5.1,10.3,.500,0.0,0.0,0.0,5.1,5.1,0.0,0.0,0.0,5.1,,lewissc01
586,Jaysean Paige,27,DET,PG,1,0,7,0.0,15.4,.000,0.0,10.3,.000,0.0,5.1,.000,.000,0.0,0.0,,0.0,5.1,5.1,5.1,0.0,0.0,5.1,10.3,0.0,,paigeja01
587,Jordan Goodwin,23,WAS,SG,2,0,6,0.0,18.0,.000,0.0,6.0,.000,0.0,12.0,.000,.000,0.0,0.0,,0.0,6.0,6.0,0.0,0.0,0.0,0.0,6.0,0.0,,goodwjo01
588,Jaden Springer,19,PHI,SG,2,0,6,6.0,6.0,1.000,0.0,0.0,,6.0,6.0,1.000,1.000,0.0,0.0,,6.0,6.0,12.0,0.0,0.0,12.0,6.0,0.0,12.0,,sprinja01
589,Arnoldas Kulboka,24,CHO,SF,2,0,5,0.0,7.2,.000,0.0,7.2,.000,0.0,0.0,,.000,0.0,0.0,,0.0,0.0,0.0,0.0,0.0,0.0,0.0,7.2,0.0,,kulboar01
590,Zylan Cheatham,26,UTA,SF,1,0,5,0.0,21.6,.000,0.0,14.4,.000,0.0,7.2,.000,.000,0.0,0.0,,0.0,0.0,0.0,0.0,0.0,0.0,0.0,0.0,0.0,,cheatzy01
591,Matt Ryan,24,BOS,SF,1,0,5,7.2,36.0,.200,7.2,36.0,.200,0.0,0.0,,.300,0.0,0.0,,0.0,0.0,0.0,0.0,7.2,0.0,0.0,0.0,21.6,,ryanma01
592,Tyrell Terry,21,MEM,PG,2,0,3,12.0,12.0,1.000,0.0,0.0,,12.0,12.0,1.000,1.000,0.0,0.0,,0.0,0.0,0.0,0.0,0.0,0.0,0.0,12.0,24.0,,terryty01
593,Javin DeLaurier,23,MIL,C,1,0,3,0.0,0.0,,0.0,0.0,,0.0,0.0,,,0.0,0.0,,0.0,12.0,12.0,0.0,12.0,0.0,0.0,12.0,0.0,,delauja01
594,Jaime Echenique,24,WAS,C,1,0,3,0.0,0.0,,0.0,0.0,,0.0,0.0,,,0.0,0.0,,0.0,0.0,0.0,0.0,0.0,0.0,0.0,0.0,0.0,,echenja01
595,Nate Hinton,22,IND,SG,2,0,2,0.0,18.0,.000,0.0,0.0,,0.0,18.0,.000,.000,0.0,0.0,,0.0,0.0,0.0,0.0,0.0,0.0,18.0,0.0,0.0,,hintona01
596,David Johnson,20,TOR,SG,2,0,2,0.0,18.0,.000,0.0,18.0,.000,0.0,0.0,,.000,0.0,0.0,,0.0,0.0,0.0,0.0,0.0,0.0,0.0,0.0,0.0,,johnsda08
597,Jordan Bell,27,CHI,C,1,0,2,0.0,0.0,,0.0,0.0,,0.0,0.0,,,0.0,0.0,,18.0,0.0,18.0,0.0,18.0,0.0,0.0,36.0,0.0,,belljo01
598,Tyler Hall,24,NYK,SG,1,0,2,0.0,0.0,,0.0,0.0,,0.0,0.0,,,0.0,0.0,,0.0,0.0,0.0,0.0,0.0,0.0,0.0,0.0,0.0,,hallty01
599,Joe Johnson,40,BOS,SG,1,0,2,18.0,18.0,1.000,0.0,0.0,,18.0,18.0,1.000,1.000,0.0,0.0,,0.0,0.0,0.0,0.0,0.0,0.0,0.0,0.0,36.0,,johnsjo02
600,C.J. Miles,34,BOS,SG,1,0,2,0.0,0.0,,0.0,0.0,,0.0,0.0,,,0.0,0.0,,0.0,0.0,0.0,0.0,0.0,0.0,0.0,18.0,0.0,,milescj01
601,Matt Mooney,25,NYK,SG,1,0,2,0.0,18.0,.000,0.0,18.0,.000,0.0,0.0,,.000,0.0,0.0,,0.0,0.0,0.0,0.0,18.0,0.0,18.0,0.0,0.0,,moonema01
602,Ahmad Caver,25,IND,SG,1,0,1,36.0,36.0,1.000,0.0,0.0,,36.0,36.0,1.000,1.000,0.0,0.0,,0.0,0.0,0.0,0.0,0.0,0.0,0.0,0.0,72.0,,caverah01
603,Sam Dekker,27,TOR,PF,1,0,1,0.0,0.0,,0.0,0.0,,0.0,0.0,,,0.0,0.0,,0.0,0.0,0.0,0.0,0.0,0.0,0.0,0.0,0.0,,dekkesa01
604,DeJon Jarreau,24,IND,SG,1,0,1,0.0,0.0,,0.0,0.0,,0.0,0.0,,,0.0,0.0,,0.0,0.0,0.0,0.0,0.0,0.0,0.0,0.0,0.0,,jarrede01
605,Ade Murkey,24,SAC,SG,1,0,1,0.0,0.0,,0.0,0.0,,0.0,0.0,,,0.0,0.0,,0.0,0.0,0.0,0.0,0.0,0.0,0.0,0.0,0.0,,murkead01
,League Average,,,,,,,,,.461,,,.354,,,.533,.532,,,.775,,,,,,,,,,,-9999
