Rk,Player,Age,Team,Pos,G,GS,MP,FG,FGA,FG%,3P,3PA,3P%,2P,2PA,2P%,eFG%,FT,FTA,FT%,ORB,DRB,TRB,AST,STL,BLK,TOV,PF,PTS,Awards,Player-additional
1,Amen Thompson,23,HOU,PG,79,79,2953,6.8,12.7,.534,0.3,1.4,.216,6.5,11.3,.573,.545,3.7,4.8,.779,2.9,4.6,7.5,5.1,1.5,0.6,2.3,2.1,17.6,DPOY-8,thompam01
2,Kevin Durant,37,HOU,SF,78,78,2840,9.1,17.4,.520,2.4,5.7,.413,6.7,11.7,.572,.588,5.2,5.9,.874,0.5,4.9,5.4,4.7,0.8,0.9,3.1,1.8,25.7,CPOY-9ASNBA2,duranke01
3,Desmond Bane,27,ORL,SG,82,82,2756,7.6,15.7,.484,2.2,5.6,.391,5.4,10.2,.535,.553,4.1,4.5,.908,1.3,3.1,4.4,4.4,1.1,0.5,2.1,3.3,21.5,,banede01
4,Toumani Camara,25,POR,PF,82,82,2731,5.2,11.7,.440,2.9,7.8,.370,2.3,3.9,.579,.563,1.3,1.8,.708,1.7,3.8,5.5,2.6,1.2,0.5,1.9,3.1,14.5,,camarto01
5,Jabari Smith Jr.,22,HOU,PF,77,77,2705,5.8,13.0,.450,2.4,6.5,.363,3.5,6.5,.537,.541,2.2,2.8,.775,1.4,5.6,7.0,1.9,0.7,0.9,1.4,2.6,16.2,,smithja05
6,Mikal Bridges,29,NYK,SF,82,82,2692,6.3,12.9,.490,2.1,5.6,.371,4.2,7.3,.582,.571,1.1,1.3,.827,1.1,3.1,4.2,4.1,1.4,0.8,1.1,2.1,15.8,,bridgmi01
7,Scottie Barnes,24,TOR,PF,80,80,2681,7.6,15.1,.507,0.9,3.0,.304,6.7,12.1,.557,.537,3.2,4.0,.815,2.0,6.1,8.1,6.4,1.5,1.6,2.8,2.8,19.4,DPOY-5ASDEF2,barnesc01
8,Tyrese Maxey,25,PHI,PG,70,70,2661,9.4,20.3,.462,3.0,8.1,.367,6.4,12.2,.525,.536,5.0,5.6,.892,0.3,3.6,3.9,6.2,1.8,0.7,2.3,2.0,26.8,CPOY-7ASNBA3,maxeyty01
9,Jamal Murray,28,DEN,PG,75,75,2652,8.9,18.5,.483,3.3,7.6,.435,5.6,10.8,.517,.573,4.7,5.3,.887,0.4,4.0,4.5,7.3,0.9,0.4,2.3,1.8,25.9,CPOY-2ASNBA3,murraja01
10,Derrick White,31,BOS,SG,77,77,2625,6.0,15.2,.394,2.9,8.8,.327,3.1,6.4,.487,.489,2.5,2.8,.902,1.2,3.5,4.6,5.7,1.2,1.3,1.8,1.6,17.4,DPOY-6DEF1,whitede01
11,VJ Edgecombe,20,PHI,SG,75,75,2623,6.2,14.1,.438,2.0,5.8,.354,4.1,8.4,.496,.510,2.0,2.5,.818,1.7,4.1,5.8,4.3,1.5,0.5,1.9,2.9,16.5,ROY-3,edgecvj01
12,Julius Randle,31,MIN,PF,79,79,2610,8.0,16.6,.481,1.5,4.8,.315,6.5,11.9,.547,.526,5.5,6.8,.802,1.8,5.5,7.3,5.5,1.2,0.2,3.0,3.1,23.0,,randlju01
13,Brandon Ingram,28,TOR,SF,77,77,2604,8.5,17.8,.477,1.9,4.9,.382,6.6,12.9,.512,.529,4.0,4.9,.820,0.9,5.1,5.9,3.9,0.8,0.8,2.6,2.0,22.9,AS,ingrabr01
14,Nickeil Alexander-Walker,27,ATL,SG,78,71,2603,7.6,16.5,.459,3.5,8.7,.399,4.1,7.8,.525,.564,3.8,4.2,.902,0.7,3.0,3.7,4.0,1.4,0.6,2.2,2.4,22.5,MIP-1,alexani01
15,Jalen Brunson,29,NYK,PG,74,74,2590,9.6,20.5,.467,2.7,7.3,.369,6.9,13.2,.522,.533,4.9,5.9,.841,0.4,3.0,3.4,7.0,0.8,0.1,2.4,2.4,26.8,CPOY-5ASNBA2,brunsja01
16,Payton Pritchard,28,BOS,PG,79,50,2556,7.1,15.4,.464,3.0,7.9,.377,4.1,7.5,.556,.561,1.7,1.9,.890,1.0,3.4,4.4,5.7,0.8,0.1,1.5,1.7,18.9,,pritcpa01
17,Kon Knueppel,20,CHO,SF,81,80,2551,7.3,15.3,.475,3.9,9.1,.425,3.4,6.2,.548,.601,2.8,3.2,.863,1.4,4.7,6.1,3.9,0.8,0.3,2.3,2.4,21.1,ROY-2,knuepko01
18,Jalen Johnson,24,ATL,SF,72,72,2532,8.5,17.5,.489,1.7,4.8,.352,6.8,12.6,.541,.537,4.3,5.4,.788,1.4,9.1,10.5,8.0,1.3,0.4,3.5,2.1,23.0,ASNBA3,johnsja05
19,Dyson Daniels,22,ATL,SG,76,76,2520,5.7,11.1,.517,0.3,1.7,.188,5.4,9.4,.576,.532,1.1,1.7,.615,2.6,4.8,7.4,6.4,2.1,0.4,1.9,2.4,12.9,DPOY-9DEF2,daniedy01
20,Paolo Banchero,23,ORL,PF,72,72,2502,7.6,16.6,.459,1.2,4.0,.305,6.4,12.6,.507,.496,6.6,8.5,.775,1.2,7.5,8.7,5.4,0.7,0.6,3.2,2.1,23.0,,banchpa01
21,Donte DiVincenzo,29,MIN,SG,82,82,2494,4.9,12.1,.406,3.5,9.3,.379,1.4,2.8,.497,.552,1.1,1.5,.743,1.0,3.9,4.9,4.5,1.5,0.5,1.7,2.8,14.4,,divindo01
22,Jaylen Brown,29,BOS,SF,71,71,2443,10.8,22.7,.477,2.1,6.0,.347,8.8,16.8,.523,.522,6.3,7.9,.795,1.2,6.1,7.3,5.4,1.1,0.4,3.8,2.8,30.0,MVP-6ASNBA2,brownja02
23,James Harden,36,2TM,PG,70,70,2438,7.2,16.6,.434,3.2,8.5,.375,4.0,8.1,.495,.529,6.8,7.7,.884,0.6,4.4,5.0,8.2,1.2,0.4,3.6,2.0,24.4,,hardeja01
23,James Harden,36,LAC,PG,44,44,1559,7.5,17.8,.419,3.1,9.0,.347,4.3,8.8,.492,.506,7.8,8.6,.901,0.6,4.3,4.9,8.3,1.3,0.4,3.7,1.9,25.8,,hardeja01
23,James Harden,36,CLE,PG,26,26,879,6.7,14.4,.466,3.3,7.5,.435,3.4,6.9,.500,.580,5.2,6.1,.840,0.5,4.5,5.1,8.2,0.9,0.5,3.4,2.2,21.9,,hardeja01
24,DeMar DeRozan,36,SAC,PF,77,77,2406,7.5,15.0,.497,0.7,2.2,.320,6.8,12.8,.527,.520,5.6,6.4,.868,0.5,2.9,3.4,4.7,1.2,0.3,1.4,2.2,21.2,,derozde01
25,Alperen Şengün,23,HOU,C,72,72,2398,8.8,16.9,.519,0.6,2.0,.305,8.2,14.9,.547,.537,3.9,5.6,.691,3.2,6.4,9.6,6.7,1.3,1.2,3.4,3.6,22.0,AS,sengual01
26,Miles Bridges,27,CHO,PF,77,77,2387,7.2,15.7,.460,2.2,6.7,.333,5.0,9.0,.554,.531,3.1,3.8,.822,1.1,5.7,6.8,3.7,0.7,0.5,1.6,2.0,19.8,,bridgmi02
27,Rudy Gobert,33,MIN,C,76,76,2380,5.1,7.4,.682,0.0,0.1,.000,5.1,7.4,.689,.682,2.4,4.6,.526,4.5,8.7,13.2,1.9,0.9,1.9,1.6,3.0,12.5,DPOY-4DEF1,goberru01
28,Ryan Rollins,23,MIL,PG,74,67,2376,7.4,15.6,.472,2.8,6.9,.406,4.6,8.7,.523,.561,1.9,2.4,.796,0.8,4.3,5.1,6.3,1.7,0.5,3.0,2.9,19.4,,rolliry01
29,Bam Adebayo,28,MIA,C,73,73,2365,7.7,17.4,.442,1.9,6.1,.318,5.8,11.3,.509,.497,5.0,6.4,.778,2.3,8.9,11.1,3.5,1.3,0.7,1.8,1.9,22.3,DPOY-11DEF2,adebaba01
30,Cooper Flagg,19,DAL,SF,70,70,2344,8.6,18.3,.468,1.1,3.7,.295,7.5,14.6,.513,.498,4.3,5.3,.827,1.3,5.8,7.2,4.9,1.3,1.0,2.5,2.2,22.6,ROY-1,flaggco01
31,Donovan Mitchell,29,CLE,SG,70,70,2342,10.4,21.6,.483,3.4,9.5,.364,7.0,12.1,.577,.563,5.7,6.6,.865,0.8,4.1,4.9,6.1,1.6,0.3,3.0,2.5,30.0,MVP-7ASNBA2,mitchdo01
32,Trey Murphy III,25,NOP,SF,66,66,2341,7.6,16.1,.470,3.3,8.7,.379,4.3,7.5,.577,.572,3.4,3.8,.886,1.0,4.8,5.8,3.8,1.5,0.4,1.8,2.1,21.8,,murphtr02
33,Brandin Podziemski,22,GSW,SG,82,43,2333,6.1,13.4,.455,2.4,6.4,.371,3.7,7.0,.531,.543,3.0,3.7,.797,1.1,5.4,6.5,4.7,1.4,0.2,2.0,2.1,17.5,,podzibr01
34,Karl-Anthony Towns,30,NYK,C,75,75,2322,8.0,16.0,.501,1.8,4.8,.368,6.3,11.2,.557,.556,5.5,6.4,.858,3.6,10.2,13.8,3.5,1.0,0.6,2.9,4.0,23.3,AS,townska01
35,Jaden McDaniels,25,MIN,PF,73,73,2316,6.5,12.6,.515,1.6,3.9,.412,4.9,8.7,.562,.579,2.3,2.7,.835,1.2,3.6,4.8,3.1,1.3,1.1,2.0,3.8,16.8,,mcdanja02
36,Onyeka Okongwu,25,ATL,C,74,63,2297,6.5,13.5,.480,2.3,6.0,.376,4.2,7.5,.564,.564,2.4,3.2,.757,2.2,6.6,8.8,3.6,1.3,1.2,2.0,3.8,17.6,,okongon01
37,Luka Dončić,26,LAL,PG,64,64,2289,10.9,22.9,.476,4.0,10.9,.366,6.9,12.0,.575,.563,7.9,10.1,.780,0.6,7.1,7.8,8.3,1.7,0.5,4.0,2.4,33.7,MVP-4CPOY-8ASNBA1,doncilu01
38,Wendell Carter Jr.,26,ORL,C,78,78,2288,5.1,10.0,.512,1.1,3.6,.319,4.0,6.5,.618,.568,3.1,3.9,.792,2.5,6.5,9.1,2.4,0.9,0.8,1.6,4.2,14.5,,cartewe01
39,Collin Gillespie,26,PHO,PG,80,58,2282,5.6,13.3,.418,3.7,9.1,.401,1.9,4.2,.455,.556,1.2,1.4,.874,1.4,3.8,5.2,5.9,1.6,0.3,2.0,2.1,16.0,,gilleco01
40,Bub Carrington,20,WAS,PG,82,48,2271,5.0,11.7,.424,2.7,6.6,.408,2.3,5.2,.443,.538,1.3,1.8,.730,0.5,3.9,4.4,6.0,0.8,0.3,3.0,2.9,13.9,,carrica01
41,A.J. Green,26,MIL,SG,78,68,2270,4.2,9.8,.424,3.7,8.8,.419,0.5,1.0,.469,.612,0.8,1.0,.855,0.5,2.9,3.4,2.4,0.6,0.1,1.2,2.8,12.8,,greenaj01
42,Julian Champagnie,24,SAS,SF,82,68,2266,4.8,10.9,.437,3.1,8.1,.381,1.7,2.8,.599,.578,1.8,2.1,.844,1.2,6.3,7.5,2.0,1.0,0.6,1.1,2.1,14.5,,champju02
43,Nikola Jokić,30,DEN,C,65,65,2265,10.2,18.0,.569,1.8,4.7,.380,8.5,13.3,.636,.618,6.3,7.6,.831,3.1,10.2,13.3,11.1,1.5,0.8,3.9,2.7,28.6,MVP-2CPOY-6ASNBA1,jokicni01
44,CJ McCollum,34,2TM,PG,76,60,2264,8.3,18.3,.455,3.0,8.1,.375,5.3,10.2,.519,.538,2.9,3.8,.772,1.0,3.0,4.0,4.7,1.0,0.6,2.1,2.3,22.6,,mccolcj01
44,CJ McCollum,34,WAS,SG,35,35,1082,8.0,17.6,.454,3.2,8.1,.393,4.8,9.5,.505,.544,2.7,3.4,.804,0.8,3.4,4.1,4.2,0.8,0.3,1.9,2.4,21.9,,mccolcj01
44,CJ McCollum,34,ATL,PG,41,25,1182,8.7,19.0,.456,2.9,8.1,.357,5.8,10.9,.529,.532,3.1,4.1,.748,1.2,2.7,3.9,5.1,1.2,0.8,2.3,2.2,23.3,,mccolcj01
45,Shai Gilgeous-Alexander,27,OKC,PG,68,68,2259,11.6,21.1,.553,1.8,4.7,.386,9.8,16.3,.602,.597,8.6,9.8,.879,0.6,4.0,4.7,7.1,1.5,0.8,2.4,2.2,33.7,MVP-1CPOY-1ASNBA1,gilgesh01
46,Matas Buzelis,21,CHI,PF,77,77,2248,7.1,15.4,.463,2.8,7.9,.349,4.4,7.5,.583,.553,3.0,3.8,.786,1.2,5.9,7.2,2.5,0.9,1.9,2.5,2.8,20.0,,buzelma01
47,Saddiq Bey,26,NOP,SF,72,64,2246,7.0,15.5,.451,2.4,6.6,.367,4.6,8.9,.514,.529,4.0,4.7,.841,1.9,4.5,6.4,2.9,1.1,0.1,1.1,1.5,20.4,,beysa01
48,Max Christie,22,DAL,SG,77,68,2244,5.1,11.6,.441,2.9,7.2,.404,2.2,4.5,.502,.566,2.0,2.2,.899,0.2,3.8,4.0,2.4,0.8,0.4,1.5,1.6,15.2,,chrisma02
49,De'Aaron Fox,28,SAS,PG,72,72,2231,8.2,16.9,.486,2.1,6.4,.332,6.1,10.5,.580,.549,3.0,4.0,.760,0.7,3.7,4.4,7.2,1.4,0.3,2.6,2.6,21.6,AS,foxde01
50,Immanuel Quickley,26,TOR,PG,70,70,2231,6.5,14.6,.443,2.9,7.7,.374,3.6,6.9,.520,.541,2.7,3.3,.821,0.6,3.9,4.6,6.7,1.5,0.1,1.6,2.3,18.6,,quickim01
51,Kris Dunn,31,LAC,PG,82,68,2230,3.7,7.7,.476,1.3,3.5,.374,2.4,4.2,.559,.560,1.0,1.3,.765,0.9,3.4,4.4,4.8,2.1,0.2,1.8,3.1,9.6,,dunnkr01
52,OG Anunoby,28,NYK,PF,67,67,2224,6.3,13.0,.484,2.5,6.6,.386,3.8,6.4,.584,.581,3.0,3.6,.828,1.4,4.3,5.7,2.3,1.7,0.8,2.0,2.7,18.1,DPOY-10DEF2,anunoog01
53,Royce O'Neale,32,PHO,SF,78,67,2213,4.3,10.2,.421,3.4,8.5,.408,0.8,1.7,.486,.590,0.4,0.6,.711,1.0,5.1,6.1,3.4,1.4,0.5,1.7,2.9,12.4,,onealro01
54,Quentin Grimes,25,PHI,SG,75,19,2206,5.5,12.3,.450,2.1,6.2,.334,3.5,6.1,.568,.534,3.2,3.9,.840,0.8,3.7,4.5,4.0,1.0,0.5,2.2,2.5,16.4,,grimequ01
55,Deni Avdija,25,POR,SF,66,66,2199,8.1,17.4,.462,2.0,6.4,.318,6.0,11.0,.547,.521,8.0,10.0,.802,1.2,6.2,7.4,7.2,0.8,0.7,4.1,2.8,26.2,AS,avdijde01
56,Naji Marshall,28,DAL,SF,74,47,2184,6.9,13.5,.510,1.0,3.5,.291,5.9,10.0,.587,.548,3.8,4.9,.760,1.1,4.7,5.7,4.0,1.4,0.1,2.0,2.4,18.6,,marshna01
57,Cade Cunningham,24,DET,PG,64,64,2172,9.1,19.7,.461,2.1,6.1,.342,7.0,13.6,.514,.513,5.1,6.3,.812,0.9,5.0,5.9,10.5,1.5,0.9,3.9,3.2,25.4,MVP-5CPOY-4ASNBA1,cunnica01
58,Reed Sheppard,21,HOU,SG,82,21,2147,6.8,15.9,.430,3.8,9.7,.394,3.0,6.2,.486,.550,1.2,1.4,.802,0.5,3.5,4.0,4.6,2.0,0.9,2.1,2.8,18.6,6MOY-6,sheppre01
59,Devin Booker,29,PHO,SG,64,64,2146,9.2,20.1,.456,2.0,6.2,.330,7.1,13.9,.512,.507,7.6,8.7,.873,0.8,3.4,4.2,6.5,0.9,0.3,3.4,2.8,28.0,AS,bookede01
60,Anthony Edwards,24,MIN,SG,61,60,2137,10.1,20.7,.489,3.5,8.7,.399,6.7,12.1,.554,.572,5.9,7.4,.796,0.6,4.5,5.1,3.8,1.4,0.8,2.9,2.0,29.6,CPOY-3AS,edwaran01
61,Tim Hardaway Jr.,33,DEN,SG,80,6,2127,5.9,13.2,.447,3.8,9.3,.407,2.1,3.9,.541,.591,2.7,3.3,.811,0.3,3.2,3.5,1.8,0.7,0.2,0.7,1.7,18.3,6MOY-3,hardati02
62,Jaime Jaquez Jr.,24,MIA,SF,75,1,2121,7.9,15.5,.507,1.0,3.1,.317,6.9,12.4,.555,.539,2.8,3.7,.769,1.6,4.7,6.4,6.0,0.9,0.4,2.6,2.3,19.6,6MOY-2,jaqueja01
63,Duncan Robinson,31,DET,SG,77,77,2113,5.4,11.9,.456,3.7,9.1,.410,1.7,2.8,.605,.613,1.4,1.9,.755,0.5,3.0,3.5,2.7,0.7,0.4,0.9,2.9,16.0,,robindu01
64,Jeremiah Fears,19,NOP,PG,82,49,2112,7.4,17.1,.434,1.7,5.2,.330,5.7,11.9,.480,.485,3.3,4.2,.789,1.0,4.1,5.1,4.8,1.7,0.5,3.0,2.6,19.9,,fearsje01
65,Donovan Clingan,21,POR,C,77,77,2094,6.1,11.8,.520,1.4,4.2,.341,4.7,7.5,.621,.582,2.4,3.5,.680,6.0,9.4,15.3,2.8,0.8,2.2,1.6,3.1,16.1,,clingdo01
66,Kawhi Leonard,34,LAC,SF,65,65,2085,11.0,21.7,.505,3.0,7.7,.387,8.0,14.0,.569,.573,6.4,7.2,.892,1.2,5.9,7.1,4.0,2.1,0.5,2.3,1.3,31.3,MVP-7CPOY-10ASNBA2,leonaka01
67,Evan Mobley,24,CLE,PF,65,63,2074,8.1,14.9,.546,1.1,3.6,.297,7.1,11.3,.626,.582,3.1,5.2,.606,2.7,7.5,10.2,4.1,0.8,2.0,2.1,2.8,20.5,,mobleev01
68,Andrew Wiggins,30,MIA,SF,68,68,2063,6.8,14.3,.475,2.4,5.8,.414,4.4,8.5,.516,.559,2.2,2.8,.784,2.0,3.7,5.7,3.2,1.3,1.2,1.8,2.7,18.2,,wiggian01
69,Jake LaRavia,24,LAL,PF,82,43,2061,4.2,9.1,.459,1.4,4.2,.321,2.8,4.9,.579,.533,2.0,2.7,.763,2.0,3.7,5.7,2.5,1.8,0.7,1.5,3.4,11.8,,laravja01
70,Pascal Siakam,31,IND,PF,62,62,2057,9.8,20.2,.484,1.8,5.1,.358,7.9,15.1,.527,.529,4.6,6.6,.693,1.6,5.6,7.2,4.1,1.2,0.4,2.4,2.6,26.0,AS,siakapa01
71,Cason Wallace,22,OKC,SG,77,58,2046,4.4,10.3,.432,1.8,5.1,.351,2.7,5.2,.510,.518,1.0,1.2,.809,1.1,3.1,4.2,3.5,2.6,0.5,1.3,2.7,11.6,DPOY-7DEF2,wallaca01
72,Devin Vassell,25,SAS,SG,67,65,2044,5.8,13.3,.437,2.9,7.6,.384,2.9,5.7,.508,.547,1.9,2.3,.815,0.7,4.1,4.7,2.9,1.0,0.4,1.1,1.9,16.4,,vassede01
73,Stephon Castle,21,SAS,PG,68,67,2038,6.8,14.4,.471,1.4,4.3,.332,5.4,10.1,.531,.521,5.0,6.8,.734,1.7,4.7,6.4,8.9,1.4,0.3,3.8,3.9,20.0,,castlst01
74,Derik Queen,21,NOP,C,81,48,2023,6.3,13.3,.473,0.4,1.6,.261,5.9,11.7,.502,.489,3.9,4.9,.795,2.4,7.8,10.2,5.3,1.5,1.3,3.4,3.8,16.9,,queende01
75,LaMelo Ball,24,CHO,PG,72,69,2017,9.0,22.2,.407,4.9,13.2,.368,4.2,9.0,.464,.516,2.9,3.2,.899,1.2,5.0,6.2,9.2,1.6,0.3,3.6,3.5,25.8,,ballla01
76,Naz Reid,26,MIN,C,77,3,2007,7.1,15.6,.456,2.9,8.0,.362,4.2,7.6,.556,.549,1.6,2.2,.732,1.6,6.9,8.6,3.0,1.4,1.4,2.3,3.5,18.8,6MOY-4,reidna01
77,Davion Mitchell,27,MIA,PG,70,70,2000,4.7,9.6,.490,1.6,4.1,.395,3.1,5.5,.561,.574,0.8,1.2,.646,0.6,2.8,3.3,8.2,1.2,0.2,1.9,3.3,11.8,,mitchda01
78,Bruce Brown,29,DEN,SG,82,4,1998,4.5,9.4,.475,1.0,2.7,.385,3.4,6.7,.511,.530,1.7,2.3,.762,1.5,4.2,5.7,3.1,1.5,0.4,1.6,3.5,11.7,,brownbr01
79,Chet Holmgren,23,OKC,PF,69,69,1997,7.8,14.0,.557,1.6,4.4,.362,6.2,9.7,.646,.614,4.1,5.1,.792,2.3,8.7,11.1,2.1,0.8,2.4,1.9,2.8,21.3,DPOY-2ASNBA3DEF1,holmgch01
80,Josh Hart,30,NYK,SF,66,52,1994,5.4,10.7,.508,1.8,4.4,.413,3.6,6.3,.574,.593,1.6,2.3,.720,1.7,7.1,8.8,5.7,1.4,0.3,2.3,3.0,14.3,,hartjo01
81,LeBron James,41,LAL,SF,60,60,1989,8.6,16.6,.515,1.4,4.4,.317,7.2,12.2,.586,.557,4.2,5.7,.737,0.8,5.8,6.6,7.8,1.3,0.6,3.2,1.5,22.7,AS,jamesle01
82,Ace Bailey,19,UTA,SF,72,61,1988,7.2,16.2,.443,2.5,7.2,.344,4.7,8.9,.522,.520,1.2,1.6,.750,1.9,3.6,5.5,2.4,1.1,0.9,1.9,3.5,18.0,,baileac01
83,Harrison Barnes,33,SAS,PF,77,52,1986,4.7,10.4,.456,2.5,6.5,.388,2.2,3.9,.567,.577,1.8,2.2,.829,1.1,2.7,3.9,2.7,0.9,0.2,1.1,1.5,13.9,,barneha02
84,Jalen Duren,22,DET,C,70,70,1976,9.5,14.6,.650,0.0,0.0,,9.5,14.6,.650,.650,5.8,7.8,.747,4.8,8.6,13.4,2.5,1.0,1.1,2.4,3.6,24.9,DPOY-11ASNBA3,durenja01
85,Brandon Miller,23,CHO,SF,65,65,1968,8.3,19.1,.435,3.7,9.7,.383,4.6,9.3,.489,.533,3.6,4.1,.892,1.3,4.6,5.8,4.0,1.2,0.8,3.0,3.3,24.0,,millebr02
86,Maxime Raynaud,22,SAC,C,74,56,1964,7.0,12.3,.571,0.4,1.4,.324,6.6,10.9,.601,.589,2.4,3.1,.786,2.6,7.6,10.2,1.8,0.7,0.7,1.7,3.1,16.9,,raynama01
87,Deandre Ayton,27,LAL,C,72,72,1958,7.4,11.1,.671,0.0,0.0,,7.4,11.1,.671,.671,1.7,2.6,.645,3.4,7.2,10.6,1.1,0.8,1.3,1.5,2.9,16.5,,aytonde01
88,Jarace Walker,22,IND,PF,76,41,1953,5.7,13.5,.419,2.5,6.6,.374,3.2,6.9,.462,.510,2.5,3.4,.749,0.9,6.3,7.2,3.5,1.2,0.5,2.6,2.3,16.3,,walkeja02
89,Sam Hauser,28,BOS,PF,78,49,1934,4.7,11.2,.419,3.7,9.4,.393,1.0,1.8,.557,.584,0.3,0.4,.850,1.0,4.5,5.6,2.1,0.7,0.4,0.7,2.1,13.4,,hausesa01
90,Rui Hachimura,27,LAL,PF,68,41,1927,5.7,11.2,.514,2.2,4.9,.443,3.6,6.3,.570,.611,0.9,1.3,.694,0.8,3.5,4.2,1.1,0.7,0.4,0.8,2.1,14.6,,hachiru01
91,Neemias Queta,26,BOS,C,76,75,1926,6.1,9.3,.653,0.0,0.1,.125,6.1,9.2,.662,.654,2.3,3.3,.703,4.3,7.6,11.9,2.4,1.1,1.9,1.4,4.0,14.5,,quetane01
92,Nic Claxton,26,BRK,C,69,68,1920,6.2,10.9,.571,0.1,0.4,.158,6.2,10.6,.585,.574,2.6,4.3,.616,3.2,5.8,9.0,4.7,0.8,1.4,1.8,3.0,15.2,,claxtni01
93,Myles Turner,29,MIL,C,71,71,1912,5.3,12.2,.440,2.8,7.2,.383,2.6,4.9,.523,.553,2.5,3.3,.740,1.4,5.7,7.1,1.9,0.9,2.2,1.6,3.5,15.9,,turnemy01
94,Keldon Johnson,26,SAS,SF,82,0,1911,7.8,15.0,.519,1.9,5.1,.363,5.9,9.9,.601,.582,2.9,3.7,.794,2.6,5.7,8.3,2.1,0.9,0.2,1.3,3.1,20.4,6MOY-1,johnske04
95,Anthony Black,22,ORL,PG,64,40,1910,6.5,14.6,.447,1.9,5.7,.333,4.6,8.9,.519,.512,3.2,4.4,.732,0.9,3.7,4.6,4.4,1.7,0.8,2.5,3.2,18.1,,blackan01
96,Tristan Da Silva,24,ORL,SF,77,34,1899,5.3,11.8,.450,2.3,6.1,.374,3.0,5.7,.532,.547,1.6,1.8,.884,1.1,4.3,5.4,2.4,1.3,0.5,1.3,2.2,14.4,,dasiltr01
97,Moussa Diabaté,24,CHO,C,73,47,1899,4.3,6.9,.631,0.0,0.0,.500,4.3,6.8,.632,.632,2.2,3.3,.659,5.2,6.9,12.0,2.7,1.1,1.4,1.4,3.3,10.9,,diabamo01
98,Ausar Thompson,23,DET,SF,73,72,1896,5.8,11.0,.525,0.1,0.5,.250,5.6,10.5,.537,.530,2.1,3.6,.571,2.8,5.1,7.9,4.3,2.8,1.3,2.1,3.8,13.7,DPOY-3DEF1,thompau01
99,Nique Clifford,23,SAC,SG,75,28,1882,4.8,11.4,.418,1.5,4.4,.333,3.3,7.0,.471,.482,1.3,1.9,.722,1.2,4.2,5.4,3.4,1.3,0.5,2.2,3.0,12.3,,cliffni01
100,Ayo Dosunmu,26,2TM,SG,69,19,1881,7.4,14.3,.517,2.4,5.4,.439,5.0,8.9,.563,.599,2.4,2.8,.876,0.9,3.6,4.5,4.8,1.1,0.3,1.8,2.5,19.6,6MOY-9,dosunay01
100,Ayo Dosunmu,26,CHI,SG,45,10,1187,7.6,14.7,.514,2.6,5.9,.451,4.9,8.9,.556,.604,2.7,3.2,.857,1.0,3.1,4.1,5.0,1.0,0.4,1.9,2.4,20.5,,dosunay01
100,Ayo Dosunmu,26,MIN,SG,24,9,694,7.1,13.5,.521,1.9,4.5,.414,5.2,9.0,.575,.590,1.9,2.1,.925,0.7,4.5,5.2,4.4,1.2,0.3,1.8,2.7,17.9,,dosunay01
101,John Collins,28,LAC,PF,69,56,1872,7.0,12.7,.552,1.7,4.2,.406,5.3,8.5,.625,.620,2.3,3.0,.766,2.1,4.9,7.1,1.3,1.2,1.0,1.8,3.6,18.0,,collijo01
102,Draymond Green,35,GSW,PF,68,68,1869,3.9,9.5,.418,1.9,6.0,.326,2.0,3.5,.575,.520,1.1,1.6,.702,1.1,6.2,7.2,7.2,1.2,0.8,3.5,3.8,11.0,DPOY-11,greendr01
103,Victor Wembanyama,22,SAS,C,64,55,1866,10.7,20.8,.512,2.4,6.8,.349,8.3,14.1,.590,.569,7.2,8.7,.827,2.5,11.7,14.2,3.8,1.3,3.8,3.0,3.0,30.9,MVP-3DPOY-1ASNBA1DEF1,wembavi01
104,Russell Westbrook,37,SAC,SF,64,58,1853,7.0,16.3,.427,2.5,7.4,.338,4.5,8.9,.500,.503,2.5,3.6,.694,1.6,5.2,6.8,8.3,1.6,0.2,4.1,2.9,18.9,,westbru01
105,Jamal Shead,23,TOR,PG,82,12,1852,3.6,9.8,.367,1.6,5.1,.321,2.0,4.7,.417,.450,1.8,2.3,.784,0.5,2.3,2.8,8.6,1.5,0.3,2.2,3.1,10.6,6MOY-12,sheadja01
106,Pelle Larsson,24,MIA,SG,70,54,1849,5.4,10.9,.496,1.2,3.7,.323,4.2,7.1,.586,.551,3.6,4.5,.797,1.3,3.4,4.8,4.6,1.0,0.3,2.0,2.9,15.6,,larsspe01
107,Luguentz Dort,26,OKC,SF,69,69,1849,3.9,10.2,.385,2.5,7.2,.344,1.4,3.0,.487,.508,0.9,1.1,.759,1.1,3.7,4.8,1.7,1.2,0.5,1.1,3.5,11.2,,dortlu01
108,Sion James,23,CHO,SG,82,19,1843,2.7,7.3,.371,1.6,4.6,.352,1.1,2.7,.404,.483,1.6,1.9,.837,1.0,4.6,5.6,3.2,1.0,0.4,1.3,2.9,8.6,,jamessi01
109,Zion Williamson,25,NOP,PF,62,55,1841,9.5,15.8,.600,0.0,0.1,.250,9.4,15.7,.601,.600,6.5,9.1,.716,2.4,4.5,6.9,3.9,1.2,0.7,2.5,2.8,25.5,,willizi01
110,Jaylen Wells,22,MEM,SG,69,69,1821,6.0,13.8,.431,2.6,7.2,.353,3.4,6.6,.517,.524,2.6,3.4,.784,1.2,3.1,4.3,2.2,1.2,0.2,1.5,2.9,17.1,,wellsja01
111,Nikola Vučević,35,2TM,C,64,49,1818,7.8,15.8,.493,2.0,5.4,.369,5.8,10.5,.557,.556,1.5,1.8,.828,2.5,8.2,10.6,4.2,0.8,0.8,1.7,2.5,19.1,,vucevni01
111,Nikola Vučević,35,CHI,C,48,48,1480,8.1,16.1,.505,2.0,5.3,.376,6.1,10.8,.568,.567,1.5,1.8,.838,2.4,8.1,10.5,4.4,0.8,0.8,1.7,2.4,19.7,,vucevni01
111,Nikola Vučević,35,BOS,C,16,1,338,6.5,14.8,.439,1.9,5.6,.340,4.6,9.2,.500,.504,1.6,2.0,.789,2.7,8.6,11.3,3.4,0.7,1.1,1.7,3.2,16.5,,vucevni01
112,Oso Ighodaro,23,PHO,PF,82,24,1808,4.8,7.3,.653,0.0,0.0,.000,4.8,7.3,.655,.653,1.1,2.3,.453,2.7,5.6,8.3,3.7,1.5,1.1,2.0,4.3,10.6,,ighodos01
113,Kyle Kuzma,30,MIL,PF,69,43,1806,6.8,13.7,.492,1.7,4.8,.347,5.1,9.0,.569,.552,2.7,3.7,.726,1.1,5.1,6.2,3.7,0.9,0.6,2.4,2.7,17.9,,kuzmaky01
114,Kyle Filipowski,22,UTA,C,77,41,1801,6.5,13.1,.492,1.5,4.6,.325,5.0,8.6,.580,.548,3.2,4.2,.750,2.9,8.2,11.0,4.0,1.5,0.8,2.5,4.6,17.6,,filipky01
115,Andrew Nembhard,26,IND,PG,57,57,1786,6.7,15.2,.442,2.2,6.0,.361,4.6,9.2,.495,.513,3.9,4.7,.825,0.5,2.7,3.2,8.8,1.0,0.2,2.8,2.5,19.5,,nembhan01
116,Keyonte George,22,UTA,PG,54,54,1786,8.1,17.8,.456,2.7,7.3,.371,5.4,10.5,.515,.532,6.8,7.6,.892,0.5,3.5,4.0,6.7,1.2,0.3,3.3,2.4,25.7,,georgke01
117,Noah Clowney,21,BRK,PF,66,60,1780,5.1,12.8,.396,2.6,7.9,.329,2.4,4.8,.506,.498,3.6,4.5,.804,1.1,4.5,5.5,2.2,1.0,0.9,2.1,3.4,16.4,,clownno01
118,Jaylon Tyson,23,CLE,SG,66,42,1777,6.7,13.6,.493,2.7,6.0,.446,4.0,7.5,.530,.592,1.6,2.2,.738,2.4,4.5,6.8,3.0,1.1,0.6,2.0,3.3,17.7,,tysonja01
119,Marcus Smart,31,LAL,SG,62,54,1769,3.8,9.7,.395,2.0,6.0,.331,1.9,3.7,.497,.497,2.2,2.6,.822,0.7,2.8,3.5,3.8,1.8,0.5,1.9,3.3,11.8,,smartma01
120,Brice Sensabaugh,22,UTA,SF,75,22,1762,8.0,17.5,.460,3.3,9.0,.367,4.7,8.5,.559,.554,3.4,4.1,.826,1.1,3.6,4.7,2.9,1.1,0.2,2.5,2.9,22.8,,sensabr01
121,Austin Reaves,27,LAL,SG,51,45,1762,7.6,15.6,.490,2.4,6.7,.360,5.2,8.9,.588,.567,6.6,7.6,.871,0.7,4.2,4.9,5.7,1.1,0.4,3.1,2.2,24.3,,reaveau01
122,Tre Jones,26,CHI,PG,65,41,1752,7.0,12.7,.553,0.8,2.7,.315,6.2,10.0,.616,.586,3.9,4.7,.841,0.8,3.4,4.2,7.2,1.6,0.2,1.9,1.9,18.8,,jonestr01
123,Sandro Mamukelashvili,26,TOR,C,80,13,1751,6.8,13.0,.523,2.4,6.1,.389,4.4,6.9,.642,.614,2.4,3.2,.747,2.2,5.9,8.1,3.1,1.3,0.8,1.4,3.0,18.4,6MOY-10,mamuksa01
124,Tobias Harris,33,DET,PF,63,63,1746,6.4,13.6,.469,1.7,4.6,.368,4.7,9.0,.521,.531,2.8,3.2,.866,1.1,5.5,6.7,3.2,1.2,0.5,1.3,2.2,17.2,,harrito02
125,Precious Achiuwa,26,SAC,C,73,57,1745,6.5,12.3,.528,0.6,2.0,.278,6.0,10.3,.577,.551,1.6,2.9,.554,3.7,6.5,10.2,2.1,1.3,1.0,1.3,2.5,15.2,,achiupr01
126,P.J. Washington,27,DAL,PF,56,53,1736,6.1,13.6,.450,1.6,4.9,.325,4.6,8.8,.519,.508,2.6,3.8,.687,1.7,6.4,8.2,2.0,1.1,1.2,1.9,2.5,16.4,,washipj01
127,Josh Giddey,23,CHI,PG,54,51,1731,6.7,14.9,.448,2.1,5.9,.364,4.5,9.0,.502,.520,3.6,4.7,.763,1.4,7.9,9.3,10.3,1.1,0.6,4.1,1.9,19.1,,giddejo01
128,RJ Barrett,25,TOR,SF,57,57,1726,8.4,17.0,.491,2.0,5.9,.339,6.4,11.1,.572,.550,4.2,5.8,.717,1.1,5.1,6.3,3.9,0.9,0.4,2.1,3.1,22.9,,barrerj01
129,Jay Huff,27,IND,C,82,47,1719,6.1,12.8,.476,2.5,7.8,.319,3.6,5.0,.723,.574,1.7,2.1,.828,1.5,5.3,6.8,2.5,0.9,3.2,1.6,4.1,16.4,,huffja01
130,Norman Powell,32,MIA,SG,58,52,1717,8.8,18.8,.470,3.3,8.6,.380,5.6,10.2,.546,.558,5.5,6.7,.827,0.5,3.8,4.3,3.0,1.3,0.3,2.3,2.7,26.4,AS,powelno01
131,Cam Spencer,25,MEM,SG,72,20,1714,5.5,11.7,.473,3.1,6.8,.449,2.5,4.9,.506,.604,2.6,2.8,.940,0.8,3.0,3.8,8.4,1.1,0.2,2.0,2.2,16.8,,spencca01
132,Kel'el Ware,21,MIA,C,77,34,1704,7.3,13.7,.530,1.9,4.9,.395,5.3,8.8,.606,.601,1.5,2.0,.740,4.6,10.1,14.7,1.2,1.2,1.8,1.3,2.5,18.0,,wareke01
133,Dillon Brooks,30,PHO,SF,56,56,1702,8.8,20.3,.435,2.7,7.8,.344,6.1,12.5,.492,.501,3.6,4.3,.842,0.9,3.4,4.3,2.1,1.2,0.2,2.1,3.9,23.9,,brookdi01
134,Dennis Schröder,32,2TM,PG,70,17,1697,5.4,13.3,.405,1.6,4.8,.329,3.8,8.5,.449,.465,3.6,4.3,.834,0.7,3.3,4.0,7.2,1.2,0.2,2.6,2.3,16.0,,schrode01
134,Dennis Schröder,32,SAC,PG,40,14,1056,5.9,14.4,.408,1.9,5.7,.343,3.9,8.7,.449,.475,3.7,4.5,.820,0.7,3.4,4.2,7.2,1.1,0.2,2.7,2.3,17.4,,schrode01
134,Dennis Schröder,32,CLE,PG,30,3,641,4.7,11.6,.401,1.0,3.5,.290,3.7,8.1,.448,.444,3.5,4.0,.861,0.6,3.2,3.8,7.3,1.3,0.3,2.5,2.4,13.8,,schrode01
135,Isaac Okoro,25,CHI,SG,63,62,1695,4.5,9.7,.460,1.6,4.7,.330,2.9,5.1,.580,.539,1.9,2.4,.795,1.5,2.2,3.7,2.1,1.0,0.6,1.0,3.4,12.4,,okorois01
136,Jerami Grant,31,POR,PF,57,38,1695,7.0,15.5,.453,2.9,7.4,.389,4.1,8.1,.513,.547,5.6,6.8,.814,1.2,3.0,4.2,2.6,0.9,0.8,2.5,3.0,22.5,,grantje01
137,Dominick Barlow,22,PHI,PF,71,59,1689,4.6,8.5,.539,0.4,1.7,.256,4.1,6.8,.612,.565,2.0,2.8,.718,2.8,4.4,7.2,1.9,1.3,1.1,1.2,3.2,11.6,,barlodo01
138,Michael Porter Jr.,27,BRK,SF,52,52,1689,9.5,20.4,.463,3.8,10.3,.363,5.7,10.1,.567,.555,4.2,4.8,.859,1.5,6.4,7.8,3.4,1.2,0.3,2.6,2.5,26.8,,portemi01
139,Luke Kennard,29,2TM,SG,78,6,1681,5.1,9.5,.533,2.5,5.2,.478,2.5,4.2,.601,.665,1.3,1.5,.913,0.7,3.2,3.9,3.7,1.2,0.2,1.3,2.2,14.0,,kennalu01
139,Luke Kennard,29,ATL,SG,46,0,944,4.9,9.2,.538,2.8,5.7,.497,2.1,3.5,.604,.692,1.2,1.3,.914,0.7,3.1,3.8,3.7,1.3,0.2,1.2,2.0,13.9,,kennalu01
139,Luke Kennard,29,LAL,SG,32,6,737,5.2,9.9,.527,2.1,4.7,.448,3.1,5.2,.598,.633,1.5,1.7,.912,0.6,3.4,4.1,3.8,1.1,0.1,1.4,2.3,14.1,,kennalu01
140,Cameron Johnson,29,DEN,SF,54,54,1647,5.0,10.4,.480,2.4,5.6,.430,2.6,4.8,.539,.596,2.1,2.4,.839,0.9,3.6,4.5,2.9,0.9,0.5,1.0,2.7,14.4,,johnsca02
141,Brook Lopez,37,LAC,C,75,40,1635,5.1,11.9,.428,2.5,7.0,.360,2.6,5.0,.524,.533,1.2,1.6,.757,1.0,5.0,6.0,2.1,1.0,1.9,1.3,3.4,14.0,,lopezbr01
142,Will Riley,19,WAS,SF,74,18,1633,6.0,13.6,.439,1.7,5.4,.316,4.3,8.2,.520,.502,3.2,4.0,.800,1.2,3.4,4.7,3.2,1.2,0.2,2.1,2.0,16.8,,rileywi01
143,Cody Williams,21,UTA,SG,67,41,1631,5.3,11.2,.468,0.6,2.9,.214,4.6,8.3,.556,.495,1.9,2.6,.706,1.3,3.0,4.4,3.0,1.1,0.6,1.6,2.7,13.0,,willico04
144,Bennedict Mathurin,23,2TM,SF,54,25,1620,6.5,15.0,.430,1.7,5.3,.315,4.8,9.8,.492,.485,6.5,7.5,.869,1.2,5.3,6.5,2.9,1.0,0.3,2.6,3.0,21.1,,mathube01
144,Bennedict Mathurin,23,IND,SF,28,24,891,6.3,14.5,.433,2.3,6.3,.372,3.9,8.2,.480,.514,5.2,5.9,.884,0.9,5.2,6.1,2.5,0.7,0.2,2.6,3.1,20.1,,mathube01
144,Bennedict Mathurin,23,LAC,SF,26,1,729,6.7,15.8,.426,0.8,4.0,.207,5.9,11.7,.502,.453,8.0,9.4,.858,1.6,5.4,7.0,3.3,1.3,0.4,2.7,3.0,22.3,,mathube01
145,Bobby Portis,30,MIL,PF,67,9,1619,8.1,16.7,.488,3.0,6.6,.456,5.1,10.1,.509,.578,1.1,1.5,.706,2.0,7.5,9.5,2.3,0.9,0.3,1.5,2.4,20.3,,portibo01
146,Collin Sexton,27,2TM,SG,68,22,1614,8.0,16.6,.485,2.5,6.2,.401,5.5,10.3,.536,.561,4.9,5.7,.855,0.9,2.5,3.5,5.0,1.7,0.2,3.1,3.2,23.4,,sextoco01
146,Collin Sexton,27,CHO,SG,42,12,938,7.8,15.9,.488,2.2,5.6,.393,5.6,10.3,.539,.557,5.2,5.9,.877,0.7,2.4,3.1,6.0,1.4,0.3,3.4,2.9,22.9,,sextoco01
146,Collin Sexton,27,CHI,SG,26,10,676,8.4,17.5,.482,2.9,7.1,.410,5.5,10.3,.531,.566,4.4,5.4,.822,1.2,2.8,4.0,3.5,2.1,0.2,2.8,3.7,24.2,,sextoco01
147,Cedric Coward,22,MEM,SG,62,47,1598,6.9,14.6,.471,2.1,6.2,.338,4.8,8.4,.568,.542,3.2,3.7,.843,1.9,6.3,8.2,3.9,0.9,0.6,2.4,2.8,19.0,ROY-5,cowarce01
148,Peyton Watson,23,DEN,SF,54,40,1598,6.4,13.1,.491,1.8,4.4,.411,4.6,8.7,.531,.560,3.1,4.3,.730,1.1,4.8,5.9,2.5,1.1,1.4,2.1,3.1,17.8,,watsope01
149,Herbert Jones,27,NOP,SF,56,56,1588,4.1,10.8,.383,1.8,5.9,.309,2.3,5.0,.470,.467,1.1,1.4,.806,1.1,3.2,4.3,3.5,2.0,0.6,1.7,4.0,11.2,,joneshe01
150,Jalen Suggs,24,ORL,PG,57,56,1574,6.4,14.8,.435,2.8,8.2,.339,3.7,6.6,.554,.529,2.3,2.7,.855,0.8,4.2,5.0,7.1,2.4,0.9,3.5,3.3,18.0,,suggsja01
151,Kelly Oubre Jr.,30,PHI,SF,50,41,1574,5.8,12.4,.467,2.0,5.5,.360,3.8,7.0,.551,.546,2.5,3.3,.766,1.1,4.6,5.8,1.8,1.6,0.5,1.6,2.9,16.1,,oubreke01
152,Jordan Goodwin,27,PHO,PG,70,10,1572,5.2,12.7,.413,2.6,6.9,.371,2.7,5.8,.462,.514,0.9,1.3,.696,3.2,4.6,7.8,3.5,2.4,0.3,1.6,3.0,13.9,,goodwjo01
153,Jrue Holiday,35,POR,PG,53,51,1560,7.4,16.4,.451,3.2,8.4,.378,4.2,8.0,.527,.548,2.0,2.4,.838,1.6,4.0,5.7,7.4,1.2,0.1,3.4,1.8,20.0,,holidjr01
154,Dylan Harper,19,SAS,SG,69,4,1558,7.6,15.2,.505,1.4,4.1,.343,6.2,11.0,.565,.551,2.1,2.7,.756,1.2,4.2,5.4,6.1,1.2,0.6,2.3,3.2,18.8,ROY-46MOY-11,harpedy01
155,Ron Holland,20,DET,SF,78,5,1551,5.5,12.6,.432,1.2,4.6,.253,4.3,8.0,.535,.478,2.8,3.5,.805,1.9,5.4,7.3,2.2,2.1,0.6,2.2,4.2,14.9,,hollaro01
156,Tari Eason,24,HOU,PF,60,34,1549,5.6,13.5,.416,2.2,6.0,.358,3.4,7.4,.463,.496,1.2,1.6,.776,2.9,5.9,8.7,2.1,1.7,0.7,1.9,3.2,14.6,,easonta01
157,Kevin Huerter,27,2TM,SF,69,14,1549,6.3,13.9,.451,2.3,7.6,.308,3.9,6.3,.624,.535,1.3,1.7,.775,0.8,4.8,5.6,4.1,1.5,0.8,1.7,2.7,16.1,,huertke01
157,Kevin Huerter,27,CHI,SF,44,11,1037,6.4,14.0,.455,2.4,7.7,.314,4.0,6.3,.630,.542,1.4,1.9,.732,0.8,5.1,5.9,4.0,1.2,0.9,1.7,3.0,16.6,,huertke01
157,Kevin Huerter,27,DET,SG,25,3,512,6.0,13.5,.443,2.1,7.2,.294,3.9,6.3,.611,.521,1.0,1.1,.933,0.8,4.2,5.0,4.4,2.0,0.5,1.6,2.1,15.0,,huertke01
158,Moses Moody,23,GSW,SG,60,49,1540,5.7,13.0,.440,3.5,8.8,.401,2.2,4.2,.522,.575,2.0,2.6,.770,1.2,3.5,4.7,2.3,1.4,0.8,1.3,2.9,17.0,,moodymo01
159,Terance Mann,29,BRK,SG,63,51,1529,4.0,8.7,.457,1.3,3.6,.364,2.6,5.0,.523,.533,1.5,1.9,.788,1.6,3.1,4.7,4.5,1.0,0.4,1.7,3.6,10.7,,mannte01
160,Jarrett Allen,27,CLE,C,56,56,1519,8.0,12.5,.638,0.0,0.2,.100,8.0,12.3,.649,.639,4.4,6.2,.709,3.4,7.9,11.3,2.4,1.3,1.1,1.8,2.3,20.4,,allenja01
161,Isaiah Collier,21,UTA,PG,59,19,1517,6.1,12.2,.495,0.6,2.4,.270,5.4,9.8,.549,.521,3.6,5.0,.722,0.5,3.1,3.6,10.0,1.6,0.5,3.5,3.3,16.3,,colliis01
162,Isaiah Joe,26,OKC,SG,71,9,1507,5.9,13.0,.455,4.3,10.2,.423,1.6,2.7,.574,.622,2.6,2.9,.894,0.8,3.5,4.3,2.2,1.2,0.3,1.1,2.9,18.8,,joeis01
163,Jock Landale,30,2TM,C,68,27,1506,6.7,13.1,.515,1.8,4.6,.383,5.0,8.5,.586,.582,1.9,3.0,.635,4.4,4.9,9.3,2.7,0.8,0.9,1.4,3.6,17.2,,landajo01
163,Jock Landale,30,MEM,C,45,25,1060,6.8,13.2,.514,1.7,4.4,.380,5.1,8.8,.581,.577,2.0,3.0,.674,4.8,5.1,9.9,2.5,0.8,0.7,1.6,3.5,17.3,,landajo01
163,Jock Landale,30,ATL,C,23,2,446,6.6,12.8,.516,2.0,5.2,.391,4.6,7.7,.600,.594,1.6,3.0,.541,3.4,4.3,7.7,3.2,0.8,1.1,1.1,3.9,16.9,,landajo01
164,Zaccharie Risacher,20,ATL,SF,67,46,1503,5.8,12.8,.455,2.3,6.2,.368,3.6,6.7,.536,.544,1.4,2.2,.644,1.7,4.5,6.2,1.8,1.4,0.9,1.4,3.5,15.4,,risacza01
165,Klay Thompson,35,DAL,SF,69,8,1497,6.9,17.5,.393,4.9,12.7,.383,2.0,4.8,.418,.532,0.9,1.1,.766,0.4,3.0,3.4,2.3,0.8,0.5,1.5,1.7,19.5,,thompkl01
166,Ryan Kalkbrenner,24,CHO,C,69,31,1479,5.3,7.1,.753,0.0,0.1,.000,5.3,7.0,.766,.753,2.0,2.8,.716,4.1,5.1,9.2,1.3,0.8,2.5,1.5,2.6,12.7,,kalkbry01
167,Keon Ellis,26,2TM,SG,72,11,1478,4.1,9.4,.440,2.2,6.1,.363,1.9,3.2,.586,.559,1.2,1.7,.729,0.9,2.4,3.3,1.8,2.0,1.1,1.0,3.3,11.7,,elliske01
167,Keon Ellis,26,SAC,SG,43,5,758,3.9,9.9,.397,2.5,6.8,.368,1.4,3.1,.462,.524,0.9,1.5,.625,0.7,1.9,2.6,1.2,2.2,1.0,1.0,3.3,11.4,,elliske01
167,Keon Ellis,26,CLE,SG,29,6,720,4.3,8.7,.491,1.9,5.3,.355,2.4,3.4,.706,.600,1.5,1.9,.816,1.1,2.9,4.0,2.3,1.8,1.2,1.0,3.2,12.0,,elliske01
168,Ja'Kobe Walter,21,TOR,SG,72,19,1474,4.4,9.9,.446,2.7,6.6,.409,1.7,3.3,.519,.582,1.7,2.2,.789,1.4,3.2,4.5,2.1,1.8,0.3,0.9,4.0,13.2,,walteja01
169,Patrick Williams,24,CHI,PF,72,6,1474,4.3,11.7,.372,2.3,6.7,.347,2.0,5.0,.407,.472,1.3,1.8,.720,1.2,4.1,5.3,2.6,1.2,0.6,1.8,2.3,12.3,,willipa01
170,Ajay Mitchell,23,OKC,SG,57,16,1473,7.0,14.4,.485,1.5,4.3,.347,5.5,10.1,.543,.536,3.4,4.0,.870,1.0,3.7,4.6,5.0,1.7,0.4,2.0,2.9,18.9,6MOY-5,mitchaj01
171,Shaedon Sharpe,22,POR,SG,50,42,1471,9.6,21.2,.452,2.5,7.5,.337,7.1,13.8,.514,.511,3.8,4.8,.787,1.2,4.1,5.3,3.2,1.7,0.1,3.6,2.4,25.5,,sharpsh01
172,Bilal Coulibaly,21,WAS,SG,56,56,1468,5.6,13.3,.425,1.6,5.0,.319,4.0,8.3,.490,.485,3.2,4.3,.746,1.2,4.8,6.0,3.6,1.8,1.3,2.0,3.2,16.1,,coulibi01
173,Grayson Allen,30,PHO,SG,51,27,1467,6.6,16.4,.403,3.9,11.2,.349,2.7,5.2,.519,.522,3.5,4.1,.857,0.9,2.9,3.8,4.8,1.7,0.3,2.0,2.9,20.6,,allengr01
174,Brandon Williams,26,DAL,PG,66,15,1463,7.2,15.2,.472,0.9,3.8,.232,6.3,11.4,.552,.501,5.9,7.5,.793,0.7,4.0,4.7,6.3,1.5,0.5,3.1,2.5,21.1,,willibr03
175,Daniss Jenkins,24,DET,PG,72,19,1455,5.7,14.1,.408,1.8,4.8,.374,3.9,9.2,.426,.473,3.3,4.0,.832,1.3,2.8,4.1,6.9,1.6,0.4,2.8,2.6,16.6,,jenkida01
176,Jaren Jackson Jr.,26,2TM,C,48,48,1454,8.5,17.8,.476,2.1,5.8,.357,6.4,12.0,.533,.534,4.0,5.0,.803,1.0,5.7,6.7,2.3,1.3,1.7,2.6,4.4,23.1,,jacksja02
176,Jaren Jackson Jr.,26,MEM,C,45,45,1382,8.3,17.5,.475,2.1,5.7,.359,6.2,11.7,.531,.534,3.9,4.9,.797,1.1,5.7,6.7,2.2,1.2,1.8,2.6,4.4,22.5,,jacksja02
176,Jaren Jackson Jr.,26,UTA,C,3,3,72,12.0,24.5,.490,2.5,7.5,.333,9.5,17.0,.559,.541,7.0,8.0,.875,0.5,6.0,6.5,4.0,3.0,0.5,3.5,4.5,33.5,,jacksja02
177,Javonte Green,32,DET,SG,82,6,1446,4.6,10.3,.447,2.3,6.1,.381,2.3,4.2,.545,.560,2.6,3.1,.840,1.5,4.2,5.7,1.4,2.5,0.6,1.1,2.7,14.2,,greenja02
178,Ivica Zubac,28,2TM,C,48,47,1446,7.2,12.0,.598,0.0,0.0,,7.2,12.0,.598,.598,2.5,3.5,.711,4.0,8.6,12.7,2.6,0.4,1.0,2.1,2.8,16.9,,zubaciv01
178,Ivica Zubac,28,LAC,C,43,42,1328,7.1,11.6,.613,0.0,0.0,,7.1,11.6,.613,.613,2.5,3.6,.705,4.0,8.8,12.8,2.6,0.4,1.0,2.2,2.8,16.8,,zubaciv01
178,Ivica Zubac,28,IND,C,5,5,118,7.6,16.2,.472,0.0,0.0,,7.6,16.2,.472,.472,2.4,3.1,.800,4.3,6.7,11.0,2.7,0.6,1.2,1.2,2.4,17.7,,zubaciv01
179,Tre Johnson,19,WAS,SG,60,42,1443,6.8,16.1,.419,2.9,8.0,.358,3.9,8.1,.479,.508,1.9,2.2,.874,0.7,3.5,4.2,3.0,0.8,0.4,2.3,3.0,18.3,,johnstr03
180,Lauri Markkanen,28,UTA,PF,42,42,1443,9.6,20.1,.477,2.9,8.1,.355,6.7,12.0,.559,.548,6.0,6.7,.896,2.1,5.1,7.2,2.2,1.0,0.5,1.6,1.9,28.0,,markkla01
181,Khris Middleton,34,2TM,SF,63,50,1439,5.7,13.5,.420,1.7,4.7,.360,4.0,8.9,.452,.482,3.0,3.4,.875,1.3,4.5,5.8,4.4,1.0,0.2,2.7,3.6,16.0,,middlkh01
181,Khris Middleton,34,WAS,SF,34,34,827,5.7,13.1,.433,1.4,4.3,.333,4.2,8.7,.483,.488,2.5,3.0,.841,1.3,4.5,5.8,4.8,1.1,0.4,2.5,3.7,15.3,,middlkh01
181,Khris Middleton,34,DAL,SF,29,16,612,5.7,14.1,.404,2.0,5.1,.391,3.7,9.0,.412,.475,3.6,3.9,.910,1.2,4.5,5.7,3.8,0.9,0.0,3.0,3.4,17.0,,middlkh01
182,Sidy Cissoko,21,POR,SF,75,26,1435,3.3,8.4,.398,1.5,5.0,.298,1.9,3.4,.544,.487,1.5,2.2,.659,1.6,2.6,4.2,2.8,1.3,0.6,1.8,4.6,9.6,,cissosi01
183,Luke Kornet,30,SAS,C,68,25,1430,4.4,6.8,.643,0.0,0.0,,4.4,6.8,.643,.643,2.4,2.9,.825,4.6,5.9,10.4,3.2,0.8,1.6,0.7,3.0,11.2,,kornelu01
184,Baylor Scheierman,25,BOS,SG,77,20,1429,3.8,8.4,.453,2.4,6.1,.399,1.4,2.3,.600,.599,0.7,0.8,.903,1.4,5.3,6.8,2.9,1.1,0.2,1.2,2.7,10.8,,scheiba01
185,Spencer Jones,24,DEN,SF,64,37,1417,3.4,6.7,.504,1.4,3.7,.396,1.9,3.0,.636,.613,0.8,1.3,.608,1.9,3.4,5.3,1.3,1.3,0.7,0.8,4.4,8.9,,jonessp01
186,Mark Williams,24,PHO,C,60,55,1416,7.2,11.1,.644,0.0,0.0,1.000,7.1,11.1,.643,.645,3.4,4.4,.771,4.7,7.4,12.1,1.5,1.4,1.4,1.7,3.4,17.8,,willima07
187,Aaron Wiggins,27,OKC,SG,65,21,1414,5.9,13.6,.431,2.4,6.9,.356,3.4,6.8,.508,.521,1.3,1.8,.736,1.0,4.0,5.1,2.8,1.5,0.7,2.1,2.1,15.6,,wiggiaa01
188,Walter Clayton,22,2TM,PG,69,6,1410,4.5,11.8,.384,1.9,6.2,.307,2.6,5.5,.470,.465,2.8,3.1,.901,0.6,2.9,3.5,7.1,1.1,0.5,3.0,3.0,13.7,,claytwa01
188,Walter Clayton,22,UTA,PG,45,0,811,4.5,11.4,.398,2.0,6.3,.308,2.6,5.0,.513,.484,2.6,2.8,.935,0.7,3.2,3.9,6.3,1.1,0.5,2.5,3.5,13.6,,claytwa01
188,Walter Clayton,22,MEM,PG,24,6,599,4.5,12.3,.366,1.9,6.1,.307,2.6,6.3,.423,.441,3.1,3.5,.864,0.6,2.5,3.1,8.2,1.2,0.4,3.5,2.5,13.9,,claytwa01
189,Christian Braun,24,DEN,SG,44,44,1399,5.2,10.0,.519,1.1,3.7,.301,4.1,6.3,.646,.575,2.0,2.6,.782,1.6,3.9,5.4,3.1,0.8,0.3,1.1,2.7,13.5,,braunch01
190,Gui Santos,23,GSW,PF,68,30,1395,5.9,11.9,.500,2.0,5.7,.351,3.9,6.1,.639,.585,2.2,3.1,.725,1.9,4.9,6.9,4.1,1.6,0.6,2.6,3.7,16.1,,santogu01
191,Vít Krejčí,25,2TM,PG,65,8,1392,5.0,11.1,.448,3.3,8.5,.390,1.7,2.6,.634,.597,1.0,1.3,.745,0.8,3.0,3.8,2.6,1.2,0.5,1.1,3.6,14.2,,krejcvi01
191,Vít Krejčí,25,ATL,PG,46,8,1028,5.0,10.8,.464,3.5,8.4,.423,1.5,2.4,.609,.628,0.9,1.3,.750,0.7,2.7,3.4,2.4,1.3,0.5,1.1,3.8,14.5,,krejcvi01
191,Vít Krejčí,25,POR,PG,19,0,364,4.8,12.0,.405,2.7,8.8,.303,2.2,3.2,.688,.517,1.1,1.5,.733,1.2,3.9,5.0,3.2,1.0,0.5,1.1,3.0,13.5,,krejcvi01
192,Kyshawn George,22,WAS,SF,48,48,1391,6.5,14.9,.438,2.6,6.7,.381,4.0,8.2,.486,.524,2.7,3.4,.802,1.1,5.2,6.3,5.5,1.2,1.1,3.2,4.4,18.4,,georgky01
193,Ben Sheppard,24,IND,SG,65,20,1390,4.4,10.0,.434,2.2,6.0,.362,2.2,4.0,.542,.543,1.0,1.3,.765,1.1,3.9,5.1,3.0,1.0,0.2,1.1,3.0,11.9,,sheppbe01
194,Justin Champagnie,24,WAS,SF,69,19,1377,6.1,12.1,.502,1.4,4.3,.319,4.7,7.7,.605,.560,2.1,2.7,.784,3.8,6.2,10.0,2.2,1.5,1.1,1.2,3.0,15.6,,champju01
195,Will Richard,23,GSW,SG,69,21,1377,4.2,9.0,.468,1.9,5.5,.335,2.4,3.5,.679,.571,1.2,1.4,.852,1.8,2.7,4.5,2.4,2.1,0.2,1.4,3.4,11.5,,richawi02
196,Gary Trent Jr.,27,MIL,SG,65,21,1377,4.8,12.4,.387,3.2,8.9,.360,1.6,3.4,.458,.517,1.0,1.4,.769,0.2,1.5,1.8,2.1,0.9,0.1,1.1,2.2,13.8,,trentga02
197,Sam Merrill,29,CLE,SG,52,38,1377,5.8,12.7,.461,4.1,9.8,.421,1.7,2.8,.596,.624,1.5,1.8,.855,0.7,2.7,3.5,3.3,0.9,0.2,1.1,3.3,17.3,,merrisa01
198,Anfernee Simons,26,2TM,SG,55,5,1372,7.5,17.0,.440,3.8,9.9,.385,3.6,7.1,.517,.552,1.8,2.0,.896,0.8,2.7,3.5,3.5,0.7,0.2,1.8,2.5,20.6,,simonan01
198,Anfernee Simons,26,BOS,SG,49,0,1202,7.5,17.0,.440,3.9,9.9,.395,3.6,7.2,.502,.555,1.9,2.2,.889,0.8,2.8,3.5,3.5,0.8,0.2,1.6,2.5,20.8,,simonan01
198,Anfernee Simons,26,CHI,SG,6,5,170,7.4,16.9,.438,3.4,10.6,.320,4.0,6.4,.633,.538,1.1,1.1,1.000,1.1,2.5,3.6,3.8,0.0,0.4,2.8,2.5,19.3,,simonan01
199,Jose Alvarado,27,2TM,PG,69,3,1370,4.9,11.8,.416,2.7,7.5,.352,2.3,4.3,.531,.529,0.9,1.2,.761,0.7,3.8,4.5,6.1,1.7,0.2,2.0,3.4,13.4,,alvarjo01
199,Jose Alvarado,27,NOP,PG,41,0,896,4.7,11.3,.418,2.8,7.8,.363,1.9,3.5,.540,.543,0.8,1.0,.833,0.6,3.9,4.6,5.1,1.5,0.2,1.9,3.2,13.0,,alvarjo01
199,Jose Alvarado,27,NYK,PG,28,3,474,5.3,12.8,.414,2.4,7.1,.330,3.0,5.7,.520,.506,1.1,1.7,.682,0.8,3.6,4.3,8.1,2.2,0.3,2.3,3.7,14.1,,alvarjo01
200,Malik Monk,27,SAC,SG,62,3,1364,7.3,16.7,.438,3.3,8.3,.395,4.0,8.4,.481,.536,2.5,2.8,.879,0.4,2.7,3.1,4.9,1.0,0.6,2.4,2.6,20.4,,monkma01
201,Ryan Dunn,23,PHO,SF,70,16,1355,4.4,9.6,.453,1.5,4.5,.331,2.9,5.1,.560,.530,0.6,1.2,.489,2.6,5.3,7.9,2.7,1.6,0.8,1.5,3.5,10.8,,dunnry01
202,Josh Okogie,27,HOU,SG,78,32,1354,3.3,7.8,.425,1.6,4.3,.385,1.7,3.5,.474,.531,1.1,1.8,.594,2.2,3.2,5.3,1.8,1.7,0.4,1.1,2.8,9.4,,okogijo01
203,Kobe Sanders,23,LAC,SG,68,16,1351,4.8,10.2,.466,2.1,5.2,.408,2.6,5.0,.527,.570,1.5,1.8,.826,0.8,3.3,4.1,2.9,1.3,0.3,2.2,3.9,13.2,,sandeko01
204,Derrick Jones Jr.,28,LAC,SF,50,45,1350,5.0,10.1,.499,1.5,4.1,.359,3.6,6.0,.593,.571,1.9,2.5,.763,1.6,3.0,4.6,1.8,1.2,1.3,1.1,2.8,13.4,,jonesde02
205,Darius Garland,26,2TM,PG,45,43,1344,8.3,18.0,.460,3.3,8.2,.396,5.0,9.8,.514,.551,2.8,3.3,.861,0.5,2.4,2.9,8.1,1.2,0.2,3.5,2.3,22.6,,garlada01
205,Darius Garland,26,CLE,PG,26,26,792,7.7,17.1,.451,2.7,7.5,.360,5.0,9.7,.521,.529,3.1,3.6,.861,0.5,2.3,2.9,8.2,1.0,0.1,3.3,2.2,21.2,,garlada01
205,Darius Garland,26,LAC,PG,19,17,552,9.1,19.2,.471,4.1,9.4,.438,5.0,9.8,.503,.578,2.4,2.8,.860,0.4,2.5,2.9,7.9,1.4,0.3,3.7,2.3,24.7,,garlada01
206,Aaron Nesmith,26,IND,SF,45,42,1335,5.7,13.8,.414,2.8,7.5,.379,2.9,6.3,.455,.517,2.5,3.0,.829,1.3,3.7,5.0,2.3,0.7,0.6,1.7,3.3,16.7,,nesmiaa01
207,Kris Murray,25,POR,SF,57,15,1333,3.5,7.5,.467,0.9,3.3,.279,2.6,4.2,.617,.529,1.1,1.5,.684,2.4,3.1,5.6,2.2,1.4,0.6,1.3,2.5,8.9,,murrakr01
208,Stephen Curry,37,GSW,PG,43,41,1329,10.1,21.6,.468,5.1,13.1,.393,5.0,8.5,.584,.587,5.5,6.0,.923,0.5,3.7,4.2,5.5,1.3,0.5,3.3,2.0,30.9,AS,curryst01
209,Jordan Miller,26,LAC,SF,60,1,1325,5.8,10.8,.531,1.0,3.0,.345,4.7,7.9,.602,.579,3.7,4.8,.777,1.4,3.6,4.9,3.7,1.2,0.3,1.7,1.7,16.2,,millejo02
210,Drake Powell,20,BRK,SG,63,24,1320,3.9,9.8,.402,1.4,5.0,.280,2.5,4.8,.528,.473,1.9,2.1,.896,0.6,2.5,3.0,2.5,1.0,0.4,1.6,2.4,11.1,,poweldr01
211,Jericho Sims,27,MIL,C,67,19,1318,4.0,5.1,.784,0.0,0.0,,4.0,5.1,.784,.784,1.2,1.9,.620,4.0,6.1,10.1,2.8,0.5,0.5,2.0,4.0,9.1,,simsje01
212,Dean Wade,29,CLE,PF,59,38,1318,3.3,7.6,.439,1.9,5.4,.362,1.4,2.2,.622,.567,0.7,1.0,.711,1.4,5.3,6.7,2.4,1.2,0.6,0.4,2.5,9.3,,wadede01
213,Isaiah Stewart,24,DET,C,58,13,1317,6.0,11.0,.550,1.1,3.3,.333,4.9,7.7,.642,.600,2.7,3.6,.756,2.6,5.3,7.9,1.8,0.4,2.5,1.8,4.5,15.9,6MOY-7,stewais01
214,Egor Dëmin,19,BRK,PG,52,45,1308,4.9,12.4,.399,3.4,8.9,.385,1.5,3.5,.433,.537,1.5,1.8,.831,0.6,4.0,4.5,4.8,1.2,0.5,2.4,2.6,14.8,,demineg01
215,Alex Sarr,20,WAS,C,48,48,1305,8.7,18.1,.482,1.4,4.1,.333,7.3,14.0,.526,.520,2.8,4.0,.692,2.9,6.9,9.8,3.6,1.1,2.6,2.3,2.9,21.6,,sarral01
216,Yves Missi,21,NOP,C,66,14,1297,4.4,8.2,.544,0.0,0.0,.000,4.4,8.1,.546,.544,1.6,2.8,.559,5.1,5.6,10.7,2.3,0.6,2.8,1.5,3.1,10.5,,missiyv01
217,Nicolas Batum,37,LAC,PF,74,6,1295,2.7,6.6,.403,2.6,6.3,.404,0.1,0.3,.400,.597,0.3,0.3,.818,0.6,4.5,5.1,1.8,1.3,0.6,1.0,2.8,8.1,,batumni01
218,Ziaire Williams,24,BRK,SF,56,13,1281,5.2,12.2,.425,2.4,7.1,.343,2.8,5.1,.538,.524,3.3,3.9,.850,0.8,2.9,3.8,1.7,2.1,0.6,1.7,3.3,16.1,,willizi02
219,Jordan Clarkson,33,NYK,SG,72,1,1279,6.7,14.8,.451,2.0,6.0,.327,4.7,8.8,.535,.517,2.2,2.6,.830,1.7,1.8,3.6,2.7,0.8,0.3,1.8,3.5,17.5,,clarkjo01
220,Jaylin Williams,23,OKC,PF,65,11,1277,4.2,9.9,.423,2.8,7.2,.383,1.4,2.7,.531,.563,2.1,2.6,.793,0.9,9.2,10.1,4.5,0.9,1.2,1.9,3.6,13.2,,willija07
221,Kevin Porter Jr.,25,MIL,PG,38,36,1261,6.8,14.7,.465,1.3,4.1,.322,5.5,10.6,.520,.510,3.9,4.5,.878,1.0,4.7,5.7,8.0,2.4,0.5,3.1,2.5,18.9,,porteke02
222,Coby White,25,2TM,SG,50,26,1249,8.0,18.0,.446,3.3,9.2,.362,4.7,8.8,.534,.539,5.7,6.9,.817,0.5,4.4,4.9,5.8,0.7,0.1,3.7,3.2,25.0,,whiteco01
222,Coby White,25,CHI,SG,29,26,843,7.3,16.8,.438,3.1,8.9,.346,4.3,7.9,.541,.529,5.3,6.6,.805,0.3,4.3,4.6,5.8,0.9,0.1,3.8,3.0,23.1,,whiteco01
222,Coby White,25,CHO,SG,21,0,406,9.4,20.4,.461,3.8,9.8,.391,5.6,10.6,.525,.554,6.5,7.7,.839,0.9,4.6,5.5,5.7,0.4,0.3,3.5,3.5,29.1,,whiteco01
223,Collin Murray-Boyles,20,TOR,PF,57,22,1246,5.7,9.9,.579,0.5,1.4,.340,5.2,8.4,.620,.604,2.1,3.1,.657,3.8,4.4,8.2,3.1,1.5,1.5,1.7,4.2,14.0,,murraco01
224,Nolan Traoré,19,BRK,PG,56,31,1243,5.3,13.9,.380,1.8,5.6,.318,3.5,8.3,.422,.444,2.1,2.7,.787,0.4,2.5,2.9,6.2,1.3,0.7,3.7,3.4,14.5,,traorno01
225,Adem Bona,22,PHI,C,71,18,1234,3.8,6.4,.595,0.1,0.2,.333,3.8,6.2,.603,.600,2.3,3.3,.708,3.7,5.2,9.0,0.9,0.9,2.4,1.6,4.5,10.0,,bonaad01
226,Andre Drummond,32,PHI,C,63,25,1231,4.6,9.9,.472,0.9,2.6,.356,3.7,7.2,.514,.519,1.5,2.5,.631,5.8,9.7,15.6,2.3,1.1,1.4,1.8,3.7,11.8,,drumman01
227,Pat Spencer,29,GSW,PG,66,14,1229,5.4,12.8,.427,1.8,4.9,.357,3.7,7.9,.470,.495,1.3,1.7,.772,1.5,3.1,4.6,6.8,1.4,0.1,2.5,2.2,13.9,,spencpa01
228,Zach LaVine,30,SAC,SG,39,37,1224,7.7,16.1,.479,2.9,7.5,.390,4.8,8.6,.556,.569,3.7,4.2,.880,0.2,2.9,3.2,2.6,0.8,0.3,2.2,2.4,22.0,,lavinza01
229,Jordan Walsh,21,BOS,PF,68,25,1212,4.0,7.9,.509,1.4,3.7,.384,2.6,4.2,.620,.599,1.3,1.7,.772,2.5,5.6,8.1,1.6,1.5,0.9,1.0,4.1,10.8,,walshjo01
230,Jaxson Hayes,25,LAL,C,66,9,1207,5.9,7.8,.756,0.1,0.1,1.000,5.8,7.7,.753,.761,2.9,4.5,.653,3.0,5.1,8.1,1.8,0.9,1.6,0.9,3.8,14.8,,hayesja02
231,Joel Embiid,31,PHI,C,38,38,1201,10.2,20.9,.489,1.6,4.8,.333,8.6,16.1,.535,.527,8.6,10.0,.854,2.2,6.5,8.8,4.5,0.6,1.4,3.3,2.5,30.6,,embiijo01
232,Marvin Bagley III,26,2TM,PF,60,12,1201,7.6,12.3,.618,0.7,1.6,.462,6.9,10.8,.641,.647,2.8,4.3,.660,4.5,6.5,11.0,2.5,0.8,1.3,1.8,3.7,18.8,,baglema01
232,Marvin Bagley III,26,WAS,PF,38,8,731,7.6,12.1,.626,0.4,0.9,.421,7.2,11.2,.643,.642,3.4,4.8,.711,4.8,5.9,10.6,2.8,1.0,1.3,2.2,3.8,19.0,,baglema01
232,Marvin Bagley III,26,DAL,PF,22,4,470,7.7,12.6,.606,1.2,2.5,.485,6.4,10.1,.636,.655,2.0,3.6,.553,4.1,7.4,11.5,2.2,0.6,1.2,1.3,3.4,18.5,,baglema01
233,Santi Aldama,25,MEM,PF,43,11,1198,6.9,14.3,.479,2.1,6.0,.350,4.7,8.3,.572,.553,2.3,3.4,.667,2.0,6.6,8.6,3.8,1.1,0.9,1.7,2.1,18.1,,aldamsa01
234,Daniel Gafford,27,DAL,C,55,44,1195,6.2,9.5,.655,0.0,0.0,,6.2,9.5,.655,.655,3.3,4.9,.683,4.2,7.2,11.4,1.7,1.3,2.1,1.9,4.3,15.8,,gaffoda01
235,Danny Wolf,21,BRK,PF,57,15,1187,5.4,13.3,.405,2.1,6.4,.322,3.3,6.9,.480,.482,2.5,3.3,.771,1.7,6.8,8.5,3.9,0.9,1.0,2.2,3.8,15.4,,wolfda01
236,Jimmy Butler,36,GSW,SF,38,38,1182,7.3,14.1,.519,1.0,2.6,.376,6.3,11.5,.552,.554,7.6,8.7,.864,2.7,3.7,6.4,5.6,1.7,0.2,1.8,1.4,23.1,,butleji01
237,Mouhamed Gueye,23,ATL,PF,77,8,1179,4.0,8.9,.452,1.2,4.0,.308,2.8,4.9,.569,.521,1.2,1.9,.645,2.7,5.7,8.4,2.1,1.9,1.2,1.0,3.9,10.4,,gueyemo02
238,GG Jackson II,21,MEM,PF,55,28,1178,7.8,15.7,.496,2.0,5.9,.332,5.8,9.8,.595,.558,3.4,4.6,.742,1.5,5.7,7.2,2.5,0.9,1.3,2.6,2.3,21.0,,jacksgg01
239,Bones Hyland,25,MIN,PG,71,3,1177,6.5,14.3,.453,3.5,9.1,.388,2.9,5.2,.568,.577,2.0,2.5,.780,0.7,3.2,3.9,5.8,1.3,0.5,2.1,3.7,18.5,,hylanbo01
240,De'Andre Hunter,28,2TM,SF,45,25,1176,6.4,15.3,.415,2.3,7.5,.305,4.1,7.8,.522,.490,3.8,4.4,.867,0.9,4.7,5.7,2.8,0.9,0.2,2.3,3.4,18.8,,huntede01
240,De'Andre Hunter,28,CLE,SF,43,23,1125,6.5,15.4,.423,2.3,7.6,.308,4.2,7.8,.535,.499,3.8,4.4,.869,0.9,4.9,5.8,2.8,1.0,0.2,2.3,3.4,19.2,,huntede01
240,De'Andre Hunter,28,SAC,SF,2,2,51,2.8,13.4,.211,1.4,6.4,.222,1.4,7.1,.200,.263,3.5,4.2,.833,0.7,1.4,2.1,0.7,0.0,0.0,2.8,3.5,10.6,,huntede01
241,Mitchell Robinson,27,NYK,C,60,16,1175,4.6,6.3,.723,0.0,0.0,,4.6,6.3,.723,.723,1.3,3.2,.408,7.7,8.4,16.1,1.6,1.7,2.1,1.3,3.9,10.4,6MOY-8,robinmi01
242,Simone Fontecchio,30,MIA,SF,70,9,1173,6.0,14.5,.412,3.8,10.1,.375,2.2,4.4,.497,.542,2.6,3.1,.843,1.7,4.8,6.5,3.1,1.1,0.3,1.5,3.2,18.3,,fontesi01
243,Ryan Nembhard,22,DAL,PG,60,27,1171,5.0,12.0,.415,1.5,4.2,.356,3.5,7.8,.447,.477,0.8,1.0,.806,0.4,3.7,4.1,9.7,0.8,0.1,2.6,2.6,12.2,,nembhry01
244,Landry Shamet,28,NYK,SG,51,12,1171,4.9,11.2,.437,3.2,8.1,.392,1.7,3.1,.554,.578,1.7,2.3,.711,0.7,2.1,2.8,2.2,1.0,0.3,0.9,2.4,14.6,,shamela01
245,Day'Ron Sharpe,24,BRK,C,62,7,1160,6.6,11.0,.601,0.3,1.2,.231,6.4,9.8,.647,.614,3.2,4.7,.678,5.3,7.5,12.8,4.5,2.1,0.8,3.3,4.6,16.8,,sharpda01
246,Jared McCain,21,2TM,SG,67,3,1160,6.3,14.9,.425,3.1,8.0,.385,3.3,6.9,.471,.528,1.6,1.8,.864,0.7,3.5,4.3,2.8,1.1,0.2,1.7,2.5,17.3,,mccaija01
246,Jared McCain,21,PHI,SG,37,1,620,5.2,13.4,.385,2.6,6.9,.378,2.6,6.5,.393,.483,1.3,1.5,.880,0.3,4.0,4.4,3.6,1.3,0.1,1.7,2.5,14.2,,mccaija01
246,Jared McCain,21,OKC,SG,30,2,540,7.7,16.6,.462,3.6,9.2,.391,4.1,7.4,.550,.570,1.9,2.3,.853,1.1,3.0,4.1,1.9,0.9,0.2,1.7,2.5,20.9,,mccaija01
247,Quinten Post,25,GSW,PF,67,35,1159,6.0,13.6,.440,2.9,8.6,.336,3.1,5.0,.617,.546,1.1,1.3,.791,2.1,6.2,8.4,2.9,0.8,1.1,1.7,3.9,15.9,,postqu01
248,Svi Mykhailiuk,28,UTA,SF,50,41,1156,5.4,11.3,.478,3.1,7.5,.408,2.3,3.8,.615,.613,0.8,0.9,.893,1.1,2.7,3.9,2.9,0.8,0.1,1.3,2.0,14.6,,mykhasv01
249,Caris LeVert,31,DET,SG,60,0,1154,5.1,12.2,.417,1.9,5.6,.333,3.2,6.6,.488,.494,1.8,2.6,.679,0.7,2.9,3.6,5.0,1.6,1.3,2.6,2.8,13.8,,leverca01
250,Jakob Poeltl,30,TOR,C,46,44,1149,6.8,9.7,.700,0.0,0.0,,6.8,9.7,.700,.700,1.8,3.1,.602,3.6,6.5,10.1,2.9,1.3,1.0,1.8,4.5,15.4,,poeltja01
251,Craig Porter Jr.,25,CLE,PG,64,3,1148,3.6,8.1,.450,1.0,2.9,.355,2.6,5.2,.503,.514,0.8,1.3,.600,2.7,4.2,6.9,6.4,1.8,1.2,1.9,2.2,9.1,,portecr01
252,Gary Payton II,33,GSW,SG,73,1,1142,7.6,13.1,.583,1.2,4.0,.291,6.5,9.1,.712,.628,0.8,1.3,.650,3.2,5.2,8.4,3.9,2.1,0.7,2.0,4.2,17.2,,paytoga02
253,Dru Smith,28,MIA,SG,70,1,1141,4.3,10.3,.415,1.2,4.1,.295,3.1,6.2,.495,.474,2.7,3.3,.829,2.0,3.5,5.5,5.7,3.2,0.7,1.7,3.4,12.5,,smithdr01
254,Isaiah Hartenstein,27,OKC,C,47,46,1137,5.8,9.4,.622,0.0,0.2,.000,5.8,9.2,.637,.622,2.0,3.3,.610,4.7,9.3,14.0,5.3,1.5,1.1,2.6,3.7,13.7,,harteis01
255,Paul George,35,PHI,PF,37,37,1135,7.1,16.3,.439,3.2,8.1,.392,4.0,8.2,.484,.536,2.9,3.5,.820,0.6,5.6,6.2,4.2,2.0,0.5,2.0,2.7,20.3,,georgpa01
256,Jarred Vanderbilt,26,LAL,PF,65,3,1128,3.6,7.7,.471,0.9,3.2,.293,2.7,4.5,.596,.531,1.1,1.8,.589,2.6,6.8,9.3,2.7,1.8,0.6,1.8,3.3,9.2,,vandeja01
257,De'Anthony Melton,27,GSW,PG,49,24,1125,6.9,16.9,.407,2.3,7.8,.294,4.6,9.1,.505,.475,3.2,3.9,.826,1.2,3.8,5.1,4.0,2.5,0.6,2.9,2.9,19.3,,meltode01
258,Luka Garza,27,BOS,C,69,6,1118,6.6,11.5,.577,1.8,4.1,.433,4.9,7.4,.657,.654,2.9,3.8,.769,5.0,4.0,9.0,2.1,0.9,0.9,1.5,5.2,17.9,,garzalu01
259,Taylor Hendricks,22,2TM,PF,59,17,1118,5.2,11.4,.459,2.0,5.9,.342,3.2,5.5,.585,.548,1.6,2.3,.681,2.1,5.0,7.1,1.8,1.6,1.0,1.6,3.2,14.1,,hendrta01
259,Taylor Hendricks,22,UTA,PF,33,6,492,4.2,9.4,.453,1.8,5.1,.343,2.5,4.2,.586,.547,1.7,2.3,.719,2.1,5.1,7.2,1.8,1.0,0.6,1.5,2.9,11.9,,hendrta01
259,Taylor Hendricks,22,MEM,PF,26,11,626,6.0,13.1,.463,2.2,6.6,.342,3.8,6.5,.584,.548,1.5,2.3,.650,2.1,4.9,7.0,1.8,2.1,1.3,1.7,3.4,15.8,,hendrta01
260,John Konchar,29,2TM,SG,56,8,1115,3.0,6.4,.472,0.9,3.2,.283,2.1,3.2,.660,.543,1.0,1.4,.727,2.4,5.4,7.7,3.8,2.7,1.2,1.1,2.6,8.0,,konchjo01
260,John Konchar,29,MEM,SG,30,1,435,3.1,5.9,.521,1.1,3.2,.333,2.0,2.6,.750,.613,0.7,1.1,.615,1.7,6.0,7.6,3.3,2.6,1.1,1.2,2.5,7.9,,konchjo01
260,John Konchar,29,UTA,SG,26,7,680,3.0,6.8,.445,0.8,3.2,.250,2.2,3.6,.618,.504,1.3,1.6,.774,2.9,5.0,7.8,4.1,2.8,1.3,1.1,2.6,8.1,,konchjo01
261,Ousmane Dieng,22,2TM,C,57,20,1099,5.5,13.0,.422,2.1,6.1,.341,3.4,7.0,.493,.501,1.0,1.5,.711,0.9,4.9,5.9,4.5,0.8,0.6,2.5,2.6,14.1,,diengou01
261,Ousmane Dieng,22,OKC,C,27,0,295,4.6,11.1,.418,2.2,6.0,.367,2.4,5.1,.476,.516,0.7,0.7,1.000,1.0,4.1,5.1,3.4,0.2,0.9,1.0,2.7,12.2,,diengou01
261,Ousmane Dieng,22,MIL,C,30,20,804,5.8,13.7,.423,2.0,6.1,.331,3.8,7.7,.497,.497,1.2,1.7,.667,0.9,5.2,6.2,4.8,1.0,0.4,3.0,2.5,14.8,,diengou01
262,Jalen Smith,25,CHI,C,53,21,1095,6.4,13.3,.483,2.7,7.2,.373,3.7,6.0,.614,.584,2.3,3.1,.742,3.2,8.4,11.7,2.1,0.8,1.4,1.7,3.6,17.8,,smithja04
263,Kentavious Caldwell-Pope,32,MEM,SG,51,14,1088,5.0,12.1,.410,1.8,5.8,.316,3.1,6.4,.495,.485,2.4,2.6,.913,0.7,3.5,4.1,4.6,1.4,0.3,2.0,1.9,14.2,,caldwke01
264,Hugo González,19,BOS,SF,74,3,1084,3.9,8.2,.476,1.4,3.9,.362,2.5,4.3,.577,.561,0.4,0.9,.500,2.1,6.1,8.2,1.3,1.4,0.7,1.3,4.1,9.6,,gonzahu01
265,Jusuf Nurkić,31,UTA,C,41,36,1083,6.0,11.9,.503,0.8,2.4,.352,5.2,9.5,.540,.538,2.1,3.8,.549,3.5,10.6,14.1,6.5,1.7,0.7,3.4,4.5,14.9,,nurkiju01
266,Miles McBride,25,NYK,SG,41,15,1080,5.7,13.5,.423,3.7,9.0,.413,2.0,4.4,.444,.562,1.2,1.6,.787,0.8,2.5,3.3,3.5,1.2,0.3,1.1,2.3,16.4,,mcbrimi01
267,Corey Kispert,26,2TM,SF,58,10,1080,6.1,13.1,.467,2.9,7.9,.367,3.2,5.2,.618,.577,2.6,3.2,.794,0.9,3.5,4.4,3.1,0.5,0.3,1.5,2.0,17.7,,kispeco01
267,Corey Kispert,26,WAS,SF,19,2,370,5.7,11.6,.496,2.9,7.4,.395,2.8,4.2,.674,.622,2.5,3.3,.765,0.6,3.7,4.3,3.1,0.8,0.3,1.4,1.9,16.9,,kispeco01
267,Corey Kispert,26,ATL,SF,39,8,710,6.3,13.9,.455,2.9,8.2,.354,3.4,5.8,.596,.558,2.6,3.2,.810,1.1,3.4,4.5,3.0,0.4,0.3,1.6,2.0,18.2,,kispeco01
268,Rayan Rupert,21,2TM,SG,64,8,1072,4.1,10.5,.393,1.5,4.6,.324,2.7,5.9,.446,.463,1.4,1.8,.778,1.6,4.7,6.3,2.3,1.8,0.3,1.8,4.2,11.1,,ruperra01
268,Rayan Rupert,21,POR,SG,48,0,577,3.3,9.2,.361,1.4,4.4,.310,1.9,4.7,.408,.435,0.6,0.9,.643,1.4,3.9,5.4,2.1,1.8,0.1,1.7,3.7,8.5,,ruperra01
268,Rayan Rupert,21,MEM,SG,16,8,495,5.1,12.1,.422,1.6,4.7,.338,3.5,7.3,.475,.488,2.4,2.9,.825,1.8,5.6,7.4,2.5,1.9,0.5,2.0,4.7,14.2,,ruperra01
269,Gradey Dick,22,TOR,SG,76,1,1067,5.4,13.0,.419,1.9,6.3,.301,3.5,6.7,.530,.492,2.6,3.0,.875,1.4,3.5,5.0,1.7,1.5,0.2,1.5,3.4,15.4,,dickgr01
270,Giannis Antetokounmpo,31,MIL,PF,36,36,1039,12.9,20.7,.624,0.5,1.6,.333,12.4,19.2,.647,.636,8.0,12.4,.650,3.4,8.8,12.2,6.8,1.2,0.8,4.0,3.0,34.4,AS,antetgi01
271,Tyler Herro,26,MIA,SG,33,28,1033,8.6,17.9,.480,2.9,7.7,.378,5.7,10.2,.556,.561,3.5,3.8,.917,0.5,5.0,5.5,4.7,0.8,0.4,2.2,2.2,23.6,,herroty01
272,Jamir Watkins,24,WAS,SG,50,7,1032,4.6,10.3,.446,1.6,5.5,.297,3.0,4.8,.616,.525,2.0,2.9,.695,1.7,5.1,6.8,2.3,1.9,0.9,1.4,4.5,12.8,,watkija01
273,Alex Caruso,31,OKC,SG,56,0,1020,4.5,10.6,.423,1.9,6.4,.293,2.6,4.2,.622,.512,1.4,1.8,.804,1.0,4.5,5.5,3.9,2.5,0.6,1.7,2.4,12.3,,carusal01
274,Franz Wagner,24,ORL,SF,34,32,1019,8.6,17.9,.481,1.7,4.9,.345,6.9,13.0,.533,.529,5.8,7.0,.823,1.5,4.7,6.3,4.0,1.1,0.4,2.0,2.5,24.7,,wagnefr01
275,Caleb Love,24,POR,SG,49,1,1013,6.8,17.4,.388,3.3,10.4,.318,3.4,7.0,.490,.483,1.3,1.7,.735,0.9,3.2,4.1,4.4,1.0,0.1,2.2,1.7,18.1,,loveca01
276,Robert Williams,28,POR,C,59,1,1008,6.3,8.9,.708,0.3,0.8,.391,6.0,8.1,.740,.726,1.2,2.0,.596,5.0,9.8,14.8,2.1,1.2,3.1,1.7,2.6,14.2,,williro04
277,Guerschon Yabusele,30,2TM,C,67,19,1007,4.5,11.2,.401,2.5,7.0,.352,2.0,4.1,.483,.511,1.9,2.6,.750,2.0,6.4,8.4,2.3,0.9,0.6,1.5,2.9,13.3,,yabusgu01
277,Guerschon Yabusele,30,NYK,C,41,0,366,4.1,10.5,.393,2.0,6.7,.294,2.2,3.8,.564,.486,0.8,1.2,.667,2.4,6.2,8.6,1.8,0.6,0.5,1.5,3.5,11.0,,yabusgu01
277,Guerschon Yabusele,30,CHI,C,26,19,641,4.7,11.5,.405,2.8,7.2,.383,1.9,4.3,.442,.524,2.6,3.4,.767,1.8,6.5,8.3,2.5,1.1,0.6,1.5,2.5,14.7,,yabusgu01
278,Aaron Gordon,30,DEN,PF,36,33,1005,7.1,14.3,.497,2.2,5.6,.389,4.9,8.6,.568,.574,4.5,5.8,.767,1.8,5.7,7.5,3.4,0.8,0.4,1.4,2.2,20.8,,gordoaa01
279,Nae'Qwan Tomlin,25,CLE,PF,64,3,1004,5.4,11.3,.478,1.0,4.1,.235,4.4,7.1,.618,.521,1.7,2.2,.770,3.1,3.6,6.7,1.9,1.5,1.2,1.0,4.5,13.4,,tomlina01
280,Mike Conley,38,MIN,PG,54,15,991,2.6,7.8,.335,2.0,6.0,.337,0.6,1.8,.327,.465,1.6,1.8,.900,0.7,2.7,3.4,5.7,1.3,0.5,1.2,3.1,8.9,,conlemi01
281,Olivier-Maxence Prosper,23,MEM,PF,53,24,984,7.0,12.8,.549,2.2,5.4,.405,4.8,7.4,.653,.634,3.1,4.2,.754,2.2,4.7,6.8,1.9,1.5,0.5,1.7,3.0,19.4,,prospol01
282,Tyus Jones,29,3TM,PG,67,12,979,2.8,8.0,.349,1.5,5.0,.292,1.3,3.0,.444,.440,0.3,0.3,.778,0.4,2.4,2.8,5.8,1.4,0.1,0.9,1.1,7.3,,jonesty01
282,Tyus Jones,29,ORL,PG,48,8,754,2.6,7.5,.342,1.4,4.9,.294,1.1,2.7,.429,.437,0.3,0.3,1.000,0.4,2.1,2.5,5.5,1.6,0.1,0.7,1.2,6.9,,jonesty01
282,Tyus Jones,29,DAL,PG,8,2,133,3.5,9.2,.382,1.1,5.1,.211,2.4,4.1,.600,.441,0.3,0.5,.500,0.3,2.2,2.4,8.1,0.8,0.0,1.4,1.4,8.4,,jonesty01
282,Tyus Jones,29,DEN,PG,11,2,92,3.5,10.2,.346,2.3,6.3,.375,1.2,3.9,.300,.462,0.0,0.4,.000,0.8,4.7,5.5,5.1,0.4,0.0,2.3,0.4,9.4,,jonesty01
283,Justin Edwards,22,PHI,SF,64,12,977,5.3,11.8,.447,2.5,6.6,.372,2.8,5.2,.543,.552,1.2,1.4,.846,1.0,2.5,3.5,2.9,2.0,0.4,1.3,3.4,14.2,,edwarju01
284,Ochai Agbaji,25,2TM,SG,62,13,973,4.5,10.4,.436,1.3,4.7,.266,3.3,5.6,.579,.496,1.3,1.6,.837,1.7,3.5,5.2,1.7,0.9,0.6,1.1,3.4,11.6,,agbajoc01
284,Ochai Agbaji,25,TOR,SG,42,13,650,4.0,9.4,.424,0.7,3.6,.185,3.3,5.8,.571,.459,1.4,1.6,.862,1.8,3.4,5.3,1.7,0.9,0.6,1.1,4.2,10.0,,agbajoc01
284,Ochai Agbaji,25,BRK,SG,20,0,323,5.6,12.3,.455,2.5,7.0,.349,3.1,5.2,.596,.555,1.2,1.6,.786,1.4,3.7,5.1,1.9,0.8,0.7,1.3,2.0,14.8,,agbajoc01
285,Goga Bitadze,26,ORL,C,64,3,972,5.6,8.3,.676,0.1,0.4,.182,5.6,7.9,.701,.680,2.6,3.6,.711,5.1,6.8,11.9,3.1,1.4,2.3,1.6,5.0,13.9,,bitadgo01
286,Rob Dillingham,21,2TM,PG,65,0,970,6.0,15.3,.396,1.6,4.9,.316,4.5,10.4,.434,.447,1.5,2.0,.745,0.7,4.2,4.9,5.3,1.7,0.2,3.7,4.2,15.2,,dilliro01
286,Rob Dillingham,21,MIN,PG,35,0,326,5.2,15.6,.333,1.3,3.6,.364,3.9,11.9,.324,.376,1.7,2.2,.750,0.6,4.0,4.5,6.4,2.1,0.3,4.0,4.0,13.4,,dilliro01
286,Rob Dillingham,21,CHI,PG,30,0,644,6.5,15.1,.428,1.7,5.6,.300,4.8,9.6,.503,.483,1.5,2.0,.743,0.8,4.2,5.0,4.8,1.6,0.2,3.6,4.4,16.1,,dilliro01
287,Al Horford,39,GSW,C,45,13,969,5.1,12.0,.426,2.7,7.6,.361,2.4,4.4,.538,.540,0.8,1.0,.846,1.6,6.5,8.1,4.3,1.1,1.9,1.6,1.9,13.8,,horfoal01
288,T.J. McConnell,33,IND,PG,56,4,963,9.0,16.8,.538,0.6,1.9,.320,8.4,15.0,.565,.556,0.9,1.1,.862,0.8,3.8,4.6,10.7,2.1,0.4,2.4,2.3,19.6,,mccontj01
289,Kobe Brown,26,2TM,PF,61,10,963,4.7,10.1,.469,1.9,5.2,.374,2.8,4.9,.568,.565,1.8,2.2,.797,2.5,4.4,6.9,3.0,0.9,0.4,2.0,2.6,13.2,,brownko01
289,Kobe Brown,26,LAC,PF,34,0,295,4.0,10.3,.393,1.6,6.0,.265,2.4,4.3,.571,.470,2.6,3.2,.808,2.2,4.3,6.5,3.3,1.1,0.2,1.8,2.0,12.2,,brownko01
289,Kobe Brown,26,IND,PF,27,10,668,5.1,10.1,.503,2.1,4.9,.433,3.0,5.2,.567,.607,1.4,1.8,.788,2.7,4.4,7.1,2.9,0.8,0.5,2.0,2.9,13.6,,brownko01
290,Anthony Gill,33,WAS,PF,55,8,951,5.1,8.1,.628,0.6,1.8,.354,4.5,6.3,.707,.667,1.3,1.7,.739,2.2,3.8,6.0,2.6,1.2,0.8,1.4,3.3,12.2,,gillan01
291,Kasparas Jakučionis,19,MIA,PG,53,12,945,3.9,9.1,.429,2.5,5.9,.423,1.4,3.1,.439,.567,2.2,2.5,.879,1.6,3.6,5.3,5.2,1.3,0.3,1.9,3.8,12.5,,jakucka01
292,Jalen Williams,24,OKC,SG,33,33,936,8.3,17.2,.484,0.9,3.0,.299,7.4,14.2,.523,.510,4.2,5.0,.837,1.0,4.8,5.8,7.0,1.5,0.3,2.4,2.5,21.7,,willija06
293,Jordan Poole,26,NOP,PG,39,8,933,6.4,17.1,.372,3.7,11.1,.333,2.7,6.0,.442,.480,3.8,4.4,.860,0.3,2.6,3.0,4.6,0.8,0.6,2.7,3.4,20.2,,poolejo01
294,Clint Capela,31,HOU,C,75,3,926,4.6,8.8,.520,0.0,0.1,.500,4.5,8.7,.520,.522,1.7,3.0,.577,6.2,7.2,13.4,1.9,1.4,2.4,1.6,2.9,11.0,,capelca01
295,Ben Saraf,19,BRK,SG,44,11,916,4.7,11.9,.396,0.7,3.5,.211,4.0,8.4,.474,.427,2.9,3.5,.830,0.8,2.8,3.6,5.7,1.5,0.3,3.9,3.2,13.0,,sarafbe01
296,Micah Peavy,24,NOP,SG,61,4,913,4.2,10.8,.385,1.1,4.3,.259,3.1,6.6,.467,.436,0.9,1.1,.759,1.8,2.8,4.6,2.4,1.7,0.4,0.8,3.8,10.3,,peavymi01
297,Karlo Matković,24,NOP,PF,62,2,912,5.6,9.3,.604,1.5,3.6,.422,4.1,5.7,.717,.685,1.2,1.6,.732,2.8,6.2,9.0,2.0,1.0,2.1,1.3,4.1,13.9,,matkoka01
298,Josh Green,25,CHO,SG,58,0,908,3.3,7.2,.459,2.3,5.5,.420,1.0,1.7,.581,.619,1.0,1.1,.893,1.8,2.3,4.0,1.9,1.4,0.2,1.4,2.5,9.9,,greenjo02
299,Micah Potter,27,IND,C,47,7,908,6.0,11.6,.515,2.8,6.7,.423,3.2,5.0,.640,.637,3.4,4.0,.842,2.3,6.9,9.2,2.7,0.9,0.6,1.9,3.3,18.2,,pottemi01
300,Isaiah Jackson,24,2TM,C,55,14,908,6.0,9.4,.637,0.0,0.1,.000,6.0,9.3,.645,.637,2.7,4.2,.648,4.5,7.0,11.5,2.1,1.4,1.9,2.3,5.8,14.7,,jacksis01
300,Isaiah Jackson,24,IND,C,38,14,638,5.4,9.3,.582,0.0,0.1,.000,5.4,9.3,.585,.582,2.9,4.2,.689,4.9,7.1,11.9,1.7,1.5,1.6,2.4,6.1,13.7,,jacksis01
300,Isaiah Jackson,24,LAC,C,17,0,270,7.3,9.6,.764,0.0,0.3,.000,7.3,9.3,.786,.764,2.3,4.1,.548,3.6,6.9,10.5,2.8,1.3,2.7,2.0,5.2,16.9,,jacksis01
301,Dylan Cardwell,24,SAC,C,44,1,907,4.2,7.1,.587,0.1,0.2,.500,4.1,6.9,.589,.592,1.0,2.0,.510,5.8,7.3,13.2,2.5,1.2,2.7,1.5,6.4,9.4,,cardwdy01
302,Dwight Powell,34,DAL,C,63,12,904,2.6,4.0,.644,0.1,0.3,.286,2.5,3.7,.670,.653,3.1,4.5,.696,3.8,6.4,10.2,2.7,1.4,0.8,1.6,5.3,8.4,,poweldw01
303,Paul Reed,26,DET,C,65,11,901,8.4,13.5,.617,0.5,1.6,.325,7.8,11.9,.656,.636,2.9,4.4,.664,5.2,6.6,11.7,3.2,2.3,2.4,2.3,4.8,20.1,,reedpa01
304,Jaden Hardy,23,2TM,SG,57,4,898,7.3,17.2,.424,4.2,10.5,.397,3.1,6.7,.467,.545,2.2,3.0,.733,0.6,2.8,3.4,2.3,0.6,0.2,2.5,3.6,21.0,,hardyja02
304,Jaden Hardy,23,DAL,SG,34,4,428,6.6,16.3,.402,3.9,10.4,.371,2.7,5.9,.457,.521,2.6,3.4,.775,0.9,3.0,4.0,2.4,0.8,0.2,2.3,3.3,19.6,,hardyja02
304,Jaden Hardy,23,WAS,SG,23,0,470,8.0,18.0,.443,4.4,10.6,.420,3.5,7.4,.474,.566,1.8,2.7,.686,0.3,2.7,3.0,2.2,0.5,0.3,2.7,3.8,22.2,,hardyja02
305,Quenton Jackson,27,IND,PG,49,19,897,6.2,13.2,.470,1.7,4.7,.356,4.5,8.4,.533,.534,3.9,4.8,.824,1.1,3.5,4.6,5.6,1.2,0.2,2.5,3.3,18.0,,jacksqu01
306,Jaylen Clark,24,MIN,SG,68,1,888,4.0,9.2,.434,1.3,4.1,.327,2.7,5.1,.520,.507,1.8,2.7,.657,2.2,2.7,4.9,1.7,1.9,0.4,0.9,3.5,11.1,,clarkja02
307,Cam Thomas,24,2TM,SG,42,8,881,7.7,18.8,.410,2.1,6.9,.310,5.6,12.0,.468,.466,5.6,6.9,.811,0.4,2.5,2.9,4.4,0.4,0.2,3.0,1.8,23.2,,thomaca02
307,Cam Thomas,24,BRK,SG,24,8,582,7.6,19.1,.399,2.4,7.2,.325,5.3,11.8,.445,.461,5.6,6.7,.843,0.6,2.1,2.7,4.6,0.2,0.1,3.0,1.9,23.2,,thomaca02
307,Cam Thomas,24,MIL,SG,18,0,299,7.9,18.4,.431,1.7,6.1,.275,6.3,12.3,.510,.477,5.5,7.3,.754,0.2,3.1,3.4,4.1,0.6,0.2,3.1,1.4,23.1,,thomaca02
308,Bryce McGowens,23,NOP,SG,42,13,880,4.7,9.7,.481,1.6,3.8,.409,3.1,5.9,.528,.561,3.0,3.9,.779,0.5,3.1,3.6,2.5,1.1,0.3,0.7,3.6,13.9,,mcgowbr01
309,Gabe Vincent,29,2TM,PG,53,7,879,3.1,8.8,.352,2.4,7.1,.341,0.7,1.8,.395,.488,0.8,0.9,.870,0.7,1.5,2.2,3.1,1.1,0.1,1.1,3.2,9.5,,vincega01
309,Gabe Vincent,29,LAL,PG,29,7,559,2.9,8.4,.346,2.4,6.6,.369,0.5,1.7,.259,.492,0.6,0.7,.909,0.5,1.3,1.7,2.4,0.9,0.1,0.8,3.4,8.9,,vincega01
309,Gabe Vincent,29,ATL,PG,24,0,320,3.5,9.7,.360,2.4,7.9,.300,1.1,1.8,.625,.483,1.1,1.4,.833,1.1,1.9,3.0,4.4,1.5,0.2,1.7,2.9,10.5,,vincega01
310,Jonas Valančiūnas,33,DEN,C,65,6,871,9.4,16.1,.582,0.3,1.1,.308,9.1,15.0,.602,.592,4.3,5.6,.772,4.3,9.3,13.6,3.2,0.6,1.5,3.0,5.5,23.4,,valanjo01
311,Jevon Carter,30,2TM,PG,53,1,867,5.1,12.7,.401,3.2,8.9,.363,1.9,3.8,.489,.528,0.6,0.8,.789,0.6,3.1,3.7,3.6,1.7,0.4,1.5,2.4,14.1,,carteje01
311,Jevon Carter,30,CHI,PG,23,0,254,5.8,14.6,.398,4.5,11.1,.410,1.3,3.5,.360,.553,1.4,1.4,1.000,0.7,3.0,3.7,2.7,1.8,0.3,1.6,2.7,17.6,,carteje01
311,Jevon Carter,30,ORL,PG,30,1,613,4.8,12.0,.402,2.7,8.0,.336,2.1,3.9,.537,.515,0.3,0.5,.556,0.5,3.2,3.7,4.0,1.6,0.5,1.5,2.2,12.6,,carteje01
312,Trendon Watford,25,PHI,PF,53,7,864,5.7,11.2,.515,0.4,2.1,.200,5.3,9.1,.587,.534,2.5,3.2,.779,1.6,5.7,7.3,5.5,0.7,0.9,2.7,4.5,14.4,,watfotr01
313,Julian Strawther,23,DEN,SG,57,14,861,6.2,13.3,.467,2.4,6.3,.387,3.8,7.1,.538,.558,2.4,2.9,.814,0.5,4.3,4.8,2.6,1.0,0.3,1.5,3.1,17.3,,strawju01
314,Jalen Wilson,25,BRK,PF,54,2,859,4.6,11.7,.396,2.3,6.4,.355,2.3,5.3,.444,.493,2.9,4.0,.719,0.7,4.1,4.8,2.1,0.9,0.1,1.6,3.6,14.4,,wilsoja03
315,Caleb Martin,30,DAL,SF,58,12,856,3.6,7.9,.450,0.8,2.4,.351,2.7,5.6,.492,.503,1.6,2.6,.607,1.2,4.8,6.0,3.4,1.7,0.6,1.7,3.6,9.5,,martica02
316,Kenrich Williams,31,OKC,PF,56,2,855,5.9,12.5,.473,2.1,5.4,.388,3.8,7.0,.539,.557,1.4,2.2,.635,2.5,5.4,7.9,3.3,1.3,0.2,1.8,2.5,15.3,,willike04
317,Kyle Anderson,32,3TM,SF,43,5,853,4.5,8.5,.530,0.2,0.5,.364,4.3,8.1,.539,.540,2.0,2.9,.706,1.8,4.6,6.3,5.3,1.9,1.1,1.6,4.1,11.2,,anderky01
317,Kyle Anderson,32,UTA,SF,20,0,401,5.1,9.8,.523,0.3,0.4,.600,4.8,9.3,.519,.537,2.2,3.4,.658,1.7,4.2,5.9,5.5,2.1,0.9,1.5,4.1,12.7,,anderky01
317,Kyle Anderson,32,MEM,SF,4,3,89,6.1,7.7,.789,0.4,0.4,1.000,5.7,7.3,.778,.816,2.4,3.2,.750,1.2,4.4,5.7,1.2,2.4,1.6,2.8,4.9,15.0,,anderky01
317,Kyle Anderson,32,MIN,SF,19,2,363,3.5,7.3,.473,0.0,0.5,.000,3.5,6.8,.507,.473,1.7,2.2,.773,2.0,5.0,6.9,6.1,1.6,1.2,1.5,3.8,8.6,,anderky01
318,Daeqwon Plowden,27,SAC,SG,32,7,844,5.1,11.9,.430,2.6,7.9,.333,2.5,4.0,.624,.541,1.8,2.1,.857,1.4,2.7,4.1,1.7,1.0,0.3,1.1,3.3,14.7,,plowdda01
319,Josh Minott,23,2TM,PF,49,11,834,5.4,10.9,.500,2.8,6.6,.418,2.7,4.3,.626,.627,2.1,2.6,.787,2.1,4.7,6.8,2.0,1.9,1.0,1.9,3.2,15.7,,minotjo01
319,Josh Minott,23,BOS,PF,33,10,526,4.7,9.3,.507,2.3,5.3,.442,2.4,4.0,.593,.632,1.4,1.8,.769,2.7,5.3,8.1,2.3,1.6,0.8,1.4,3.5,13.1,,minotjo01
319,Josh Minott,23,BRK,SF,16,1,308,6.7,13.6,.491,3.5,8.9,.395,3.2,4.7,.675,.621,3.3,4.1,.800,0.9,3.7,4.7,1.5,2.3,1.4,2.7,2.6,20.1,,minotjo01
320,Javon Small,23,MEM,PG,41,12,830,5.8,12.5,.465,2.6,6.2,.423,3.2,6.3,.507,.569,2.9,3.6,.829,1.6,4.0,5.6,6.5,1.5,0.4,2.4,2.8,17.2,,smallja01
321,Jonathan Kuminga,23,2TM,PF,36,14,830,6.8,14.7,.463,1.5,4.6,.333,5.3,10.1,.521,.515,3.9,5.3,.724,2.1,6.6,8.8,3.6,1.0,0.5,2.9,2.4,19.0,,kuminjo01
321,Jonathan Kuminga,23,GSW,PF,20,13,476,6.7,14.7,.454,1.3,4.0,.321,5.4,10.7,.504,.497,3.7,5.0,.742,2.2,6.7,8.8,3.8,0.6,0.5,3.5,2.5,18.3,,kuminjo01
321,Jonathan Kuminga,23,ATL,PF,16,1,354,7.0,14.7,.476,1.8,5.3,.346,5.2,9.5,.548,.538,4.1,5.8,.702,2.0,6.6,8.6,3.4,1.4,0.5,2.1,2.2,19.9,,kuminjo01
322,Jalen Green,23,PHO,SG,32,27,828,9.4,22.3,.422,3.1,9.9,.313,6.3,12.4,.509,.491,2.8,3.8,.747,0.7,4.3,5.0,4.0,1.5,0.3,3.1,1.8,24.7,,greenja05
323,Vince Williams Jr.,25,2TM,SG,40,12,820,4.5,12.8,.353,2.4,7.8,.311,2.1,5.0,.417,.447,1.7,2.2,.780,1.7,5.1,6.8,7.3,1.3,0.7,3.1,3.5,13.2,,willivi01
323,Vince Williams Jr.,25,MEM,PG,34,12,736,4.5,12.9,.352,2.4,7.8,.308,2.2,5.1,.419,.445,1.8,2.3,.804,1.7,5.0,6.7,7.3,1.3,0.7,3.1,3.5,13.3,,willivi01
323,Vince Williams Jr.,25,UTA,SG,6,0,84,4.3,12.0,.357,2.6,7.7,.333,1.7,4.3,.400,.464,0.9,1.7,.500,2.1,6.0,8.1,6.9,0.9,0.9,3.0,3.9,12.0,,willivi01
324,Buddy Hield,33,2TM,SG,51,3,819,6.3,14.4,.437,3.3,9.3,.349,3.0,5.1,.600,.550,1.3,1.6,.811,1.2,3.9,5.1,3.1,1.7,0.4,2.1,2.5,17.1,,hieldbu01
324,Buddy Hield,33,GSW,SG,44,3,768,6.1,14.1,.433,3.1,9.1,.344,3.0,4.9,.600,.545,1.3,1.6,.794,1.2,3.8,5.1,3.1,1.7,0.4,2.0,2.6,16.6,,hieldbu01
324,Buddy Hield,33,ATL,SG,7,0,51,9.2,19.1,.481,4.9,12.0,.412,4.2,7.1,.600,.611,2.1,2.1,1.000,0.7,4.9,5.6,3.5,1.4,0.0,4.2,0.7,25.4,,hieldbu01
325,Carter Bryant,20,SAS,PF,71,0,818,4.8,11.7,.408,2.3,6.8,.335,2.5,4.8,.509,.506,1.3,1.8,.714,1.7,6.2,7.8,2.1,0.7,1.0,1.5,4.1,13.1,,bryanca01
326,Nikola Jović,22,MIA,PF,47,1,808,5.1,14.0,.366,2.0,7.4,.269,3.1,6.5,.476,.438,3.1,4.5,.683,1.1,5.7,6.8,4.5,1.2,0.8,2.9,2.9,15.3,,jovicni01
327,Jalen Pickett,26,DEN,SG,50,18,807,4.4,10.3,.422,2.2,5.7,.386,2.2,4.7,.467,.528,0.7,0.8,.789,0.8,4.3,5.1,5.1,0.6,0.2,1.5,1.9,11.6,,pickeja02
328,Keegan Murray,25,SAC,PF,23,22,793,5.7,13.6,.420,1.4,5.1,.277,4.3,8.5,.505,.472,1.7,2.2,.776,1.5,4.5,6.0,1.7,1.1,1.6,1.2,1.9,14.6,,murrake02
329,Aaron Holiday,29,HOU,PG,57,1,781,4.8,11.6,.417,3.1,7.8,.394,1.8,3.8,.463,.550,1.6,1.9,.854,0.6,2.1,2.7,2.8,1.2,0.2,1.8,3.3,14.4,,holidaa01
330,Tyrese Martin,26,2TM,SG,46,6,777,5.1,12.8,.394,2.5,7.6,.321,2.6,5.2,.500,.489,0.9,1.3,.679,1.6,3.8,5.4,3.6,1.2,0.3,1.9,1.5,13.4,,martity01
330,Tyrese Martin,26,BRK,SG,37,6,696,5.2,13.2,.392,2.6,7.9,.336,2.5,5.3,.476,.492,1.0,1.3,.731,1.7,3.8,5.5,3.6,1.1,0.2,1.7,1.6,14.0,,martity01
330,Tyrese Martin,26,PHI,SG,9,0,81,4.0,9.8,.409,0.9,5.8,.154,3.1,4.0,.778,.455,0.0,0.9,.000,0.9,3.6,4.4,4.0,1.3,0.9,3.1,1.3,8.9,,martity01
331,Kristaps Porziņģis,30,2TM,C,32,23,769,8.1,18.2,.446,2.5,7.5,.338,5.6,10.7,.522,.515,6.2,7.4,.842,1.9,5.9,7.8,3.8,0.8,1.8,1.9,4.3,25.0,,porzikr01
331,Kristaps Porziņģis,30,ATL,C,17,12,413,8.4,18.3,.457,2.7,7.5,.360,5.7,10.8,.524,.531,5.9,7.1,.840,1.8,5.8,7.6,4.0,0.8,1.9,1.4,4.7,25.4,,porzikr01
331,Kristaps Porziņģis,30,GSW,C,15,11,356,7.8,18.0,.433,2.3,7.5,.311,5.5,10.5,.519,.497,6.6,7.8,.844,1.9,6.2,8.1,3.5,0.9,1.6,2.5,3.8,24.5,,porzikr01
332,Jabari Walker,23,PHI,PF,64,6,762,4.6,10.1,.455,1.5,4.5,.337,3.1,5.6,.551,.531,2.4,3.2,.735,3.4,5.7,9.1,1.6,1.1,0.6,1.3,4.9,13.0,,walkeja01
333,Noah Penda,21,ORL,SF,59,2,757,3.9,9.7,.404,1.4,4.4,.323,2.5,5.2,.473,.478,1.6,2.3,.688,3.2,5.7,8.9,3.3,1.4,0.9,2.0,3.3,10.8,,pendano01
334,Scoot Henderson,21,POR,PG,30,10,748,6.9,16.5,.418,2.7,7.8,.352,4.1,8.7,.478,.501,4.0,4.8,.840,0.9,3.0,3.9,5.4,1.3,0.4,3.5,4.1,20.6,,hendesc01
335,Pete Nance,25,MIL,PF,47,6,737,4.9,9.5,.515,2.4,5.8,.420,2.4,3.7,.667,.644,0.2,0.5,.364,1.3,4.8,6.1,2.3,0.7,0.7,1.3,3.0,12.4,,nancepe01
336,Thomas Bryant,28,CLE,C,60,1,732,6.6,13.1,.506,2.3,6.4,.359,4.3,6.7,.647,.594,2.6,3.2,.803,2.9,7.2,10.1,1.6,0.9,1.3,1.4,3.7,18.2,,bryanth01
337,Steven Adams,32,HOU,C,32,11,730,3.5,6.9,.504,0.0,0.0,,3.5,6.9,.504,.504,2.3,4.0,.580,7.2,6.5,13.6,2.4,1.1,1.0,1.7,2.7,9.2,,adamsst01
338,Lonzo Ball,28,CLE,PG,35,3,728,2.6,8.7,.301,2.0,7.3,.272,0.6,1.4,.448,.415,0.7,1.0,.667,1.3,5.6,6.9,6.7,2.2,0.4,2.6,2.3,7.9,,balllo01
339,Tyler Kolek,24,NYK,PG,62,1,727,5.3,12.3,.435,2.2,5.6,.386,3.2,6.6,.478,.524,0.7,1.0,.700,0.8,4.1,4.9,8.4,1.1,0.2,2.7,3.2,13.6,,kolekty01
340,Leonard Miller,22,2TM,SF,46,12,719,7.3,13.1,.553,1.6,5.0,.323,5.7,8.2,.693,.615,2.0,2.7,.736,2.7,6.4,9.1,2.0,0.9,0.8,1.8,3.3,18.1,,millele01
340,Leonard Miller,22,MIN,SF,19,0,95,6.8,12.5,.545,0.4,4.5,.083,6.4,8.0,.810,.561,2.7,4.2,.636,2.7,6.8,9.5,1.9,1.5,0.0,3.4,4.5,16.7,,millele01
340,Leonard Miller,22,CHI,SF,27,12,624,7.3,13.2,.555,1.8,5.0,.356,5.5,8.2,.676,.622,1.8,2.4,.762,2.7,6.3,9.0,2.0,0.7,0.9,1.6,3.1,18.3,,millele01
341,Grant Williams,27,CHO,PF,36,3,711,3.9,9.3,.426,2.6,6.8,.388,1.3,2.5,.531,.568,2.2,2.7,.815,2.3,4.9,7.2,2.8,0.9,0.9,1.6,2.8,12.8,,willigr01
342,Nick Richards,28,2TM,C,48,6,701,5.3,10.3,.512,0.3,0.9,.278,5.0,9.4,.536,.525,3.3,5.2,.644,4.0,8.5,12.5,0.8,0.5,1.6,3.0,4.5,14.2,,richani01
342,Nick Richards,28,PHO,C,28,2,254,5.0,10.1,.493,0.0,0.0,,5.0,10.1,.493,.493,2.7,4.0,.679,5.0,7.9,12.9,1.1,0.6,2.0,3.5,5.5,12.6,,richani01
342,Nick Richards,28,CHI,C,20,4,447,5.5,10.5,.523,0.4,1.4,.278,5.1,9.0,.563,.542,3.7,5.9,.630,3.4,8.9,12.2,0.6,0.5,1.4,2.7,3.9,15.1,,richani01
343,Sharife Cooper,24,WAS,PG,41,1,700,6.5,12.7,.514,1.5,3.9,.382,5.0,8.8,.573,.573,2.6,3.1,.833,0.9,3.5,4.4,6.4,0.8,0.3,3.1,3.1,17.1,,coopesh01
344,Devin Carter,23,SAC,PG,38,12,700,6.2,15.0,.414,1.5,5.9,.263,4.7,9.2,.511,.466,3.4,4.8,.713,1.9,4.6,6.4,5.2,1.7,0.5,2.8,2.6,17.4,,cartede02
345,Jett Howard,22,ORL,SF,55,0,695,5.4,13.0,.418,2.8,7.5,.372,2.6,5.5,.481,.526,1.9,2.0,.949,1.2,3.3,4.5,2.3,0.5,0.6,0.8,3.4,15.6,,howarje01
346,Jordan Hawkins,23,NOP,SG,51,1,692,4.9,13.4,.366,2.4,7.0,.348,2.4,6.3,.385,.457,1.2,1.4,.852,1.0,3.5,4.6,2.2,0.7,0.5,1.8,1.6,13.4,,hawkijo01
347,Rasheer Fleming,21,PHO,PF,55,1,673,4.7,11.5,.405,2.4,7.0,.346,2.2,4.5,.494,.509,1.0,1.8,.559,3.0,3.6,6.6,0.9,1.2,1.1,1.6,3.4,12.7,,flemira01
348,Jahmai Mashack,23,MEM,SG,31,7,673,4.1,10.4,.395,1.0,4.0,.253,3.1,6.4,.483,.444,1.0,1.9,.543,1.2,3.1,4.3,3.7,2.0,0.7,2.6,3.6,10.3,,mashaja01
349,Tristan Vukcevic,22,WAS,C,49,12,671,8.2,17.0,.479,2.7,7.7,.347,5.5,9.3,.590,.558,4.7,6.0,.784,1.7,6.2,7.9,3.0,1.2,1.8,3.3,4.4,23.7,,vukcetr01
350,Jaden Ivey,23,2TM,SG,37,5,670,6.1,13.8,.445,2.7,7.2,.373,3.4,6.6,.525,.543,2.0,2.5,.809,1.3,3.6,4.9,3.7,1.2,0.8,2.2,2.8,17.0,,iveyja01
350,Jaden Ivey,23,DET,SG,33,2,555,6.4,14.3,.450,2.7,7.3,.372,3.7,6.9,.533,.545,1.9,2.5,.789,1.2,3.4,4.7,3.4,1.0,0.8,2.3,2.9,17.5,,iveyja01
350,Jaden Ivey,23,CHI,SG,4,3,115,4.7,11.3,.417,2.5,6.6,.381,2.2,4.7,.467,.528,2.5,2.8,.889,1.6,4.4,5.9,5.0,2.5,0.6,1.9,2.8,14.4,,iveyja01
351,Tre Mann,24,CHO,PG,53,1,669,5.9,16.3,.360,2.7,8.3,.323,3.2,8.0,.399,.442,1.2,1.5,.852,1.1,3.9,5.0,4.6,1.3,0.3,2.9,3.7,15.7,,manntr01
352,Gary Harris,31,MIL,SG,48,2,661,2.5,5.7,.442,1.5,3.7,.412,1.0,2.0,.500,.577,0.4,0.5,.889,0.9,2.5,3.3,2.8,1.5,0.5,1.0,2.9,7.0,,harriga01
353,Ethan Thompson,26,IND,SG,32,13,653,4.1,10.8,.378,2.1,6.4,.328,2.0,4.4,.450,.474,2.0,2.6,.787,0.9,2.9,3.8,3.1,1.1,0.5,1.4,3.8,12.3,,thompet01
354,Jamaree Bouyea,26,PHO,PG,46,1,644,6.0,13.2,.458,1.3,4.4,.295,4.8,8.8,.538,.506,1.3,2.0,.686,1.0,3.6,4.6,4.6,1.6,0.9,1.7,2.1,14.7,,bouyeja01
355,Johnny Furphy,21,IND,SG,35,21,643,3.9,8.3,.470,1.3,4.0,.324,2.6,4.4,.603,.547,1.0,2.0,.486,1.8,6.8,8.6,2.3,1.1,0.4,1.6,3.6,10.1,,furphjo01
356,Mohamed Diawara,20,NYK,SF,69,7,634,5.1,12.1,.423,2.7,7.4,.369,2.4,4.7,.506,.535,1.0,1.4,.750,0.9,4.5,5.3,3.0,1.0,0.3,1.7,2.8,14.0,,diawamo01
357,Zeke Nnaji,25,DEN,PF,52,4,626,4.1,8.7,.470,0.8,3.1,.259,3.3,5.6,.588,.517,2.0,2.5,.773,1.9,5.9,7.8,1.7,1.0,1.4,1.6,4.1,10.9,,nnajize01
358,Anthony Davis,32,DAL,PF,20,20,626,9.7,19.2,.506,0.6,2.1,.270,9.1,17.1,.535,.521,3.4,4.7,.728,3.6,9.1,12.7,3.2,1.3,1.9,2.4,2.4,23.4,,davisan02
359,Dorian Finney-Smith,32,HOU,PF,37,1,620,2.6,7.7,.333,1.6,5.8,.270,1.0,1.9,.531,.436,0.5,0.5,.889,2.0,3.4,5.4,2.1,0.9,0.3,1.3,3.5,7.1,,finnedo01
360,Kam Jones,23,IND,SG,37,7,616,4.0,9.9,.402,1.3,4.4,.293,2.7,5.5,.489,.467,0.2,0.5,.500,0.9,2.6,3.5,7.0,1.1,0.0,2.1,2.3,9.5,,joneska03
361,Kevin Love,37,UTA,PF,37,5,613,4.6,11.7,.397,3.1,8.3,.373,1.5,3.3,.456,.530,2.2,2.6,.841,3.2,9.4,12.6,3.9,0.8,0.5,1.8,3.2,14.6,,loveke01
362,Taurean Prince,31,MIL,SF,26,7,611,5.1,11.3,.450,3.6,8.2,.436,1.5,3.0,.490,.610,0.4,0.4,1.000,0.2,4.5,4.8,2.7,0.9,0.4,1.8,2.8,14.1,,princta02
363,Jase Richardson,20,ORL,SG,54,0,587,5.5,11.5,.473,1.7,4.8,.354,3.7,6.7,.560,.548,2.0,2.8,.717,1.3,2.6,3.9,3.6,1.2,0.1,1.5,3.3,14.7,,richaja02
364,Tidjane Salaün,20,CHO,PF,37,0,575,5.0,10.0,.503,2.3,5.2,.434,2.8,4.8,.579,.616,1.6,2.5,.650,1.6,7.7,9.3,1.7,1.0,0.4,1.6,3.4,13.9,,salauti01
365,Ja Morant,26,MEM,PG,20,20,569,8.4,20.4,.410,1.3,5.4,.235,7.1,15.0,.473,.441,6.6,7.4,.897,0.5,3.6,4.1,10.2,1.3,0.4,4.5,2.5,24.6,,moranja01
366,Domantas Sabonis,29,SAC,C,19,15,564,7.7,14.1,.543,0.3,1.7,.185,7.3,12.4,.593,.554,3.6,4.9,.727,4.1,9.7,13.8,5.0,1.1,0.3,3.3,4.2,19.2,,sabondo01
367,Dalton Knecht,24,LAL,SF,54,1,553,5.7,12.4,.455,2.5,7.2,.342,3.2,5.2,.613,.555,1.0,1.4,.727,0.9,4.0,4.9,1.4,0.7,0.7,1.5,2.9,14.8,,knechda01
368,Drew Eubanks,28,SAC,C,42,11,552,6.1,10.2,.596,0.1,0.5,.143,6.0,9.7,.617,.599,2.1,3.7,.561,2.5,5.7,8.3,1.2,1.0,1.7,2.0,3.7,14.3,,eubandr01
369,Dalen Terry,23,2TM,SG,48,0,551,4.4,10.1,.439,1.6,4.3,.364,2.9,5.8,.494,.516,1.0,2.0,.533,1.7,3.9,5.6,4.3,1.9,1.0,1.7,3.2,11.5,,terryda01
369,Dalen Terry,23,CHI,SG,34,0,377,4.3,9.7,.441,1.8,4.4,.413,2.5,5.3,.464,.534,0.9,1.6,.529,1.8,4.3,6.1,4.1,2.1,1.1,2.0,3.2,11.3,,terryda01
369,Dalen Terry,23,PHI,SG,14,0,174,4.8,11.0,.434,1.0,4.1,.250,3.7,6.8,.545,.481,1.4,2.7,.538,1.4,3.1,4.6,4.8,1.4,0.8,1.0,3.3,12.0,,terryda01
370,Tyrese Proctor,21,CLE,PG,50,1,545,6.1,14.9,.413,3.0,8.7,.351,3.1,6.2,.500,.516,2.6,3.0,.889,0.7,3.5,4.2,4.9,1.7,0.0,2.6,3.9,18.0,,proctty01
371,Elijah Harkless,25,UTA,SG,26,9,545,3.6,10.6,.335,1.4,5.8,.239,2.2,4.8,.452,.401,3.2,4.2,.766,0.7,2.8,3.5,5.0,2.0,0.4,1.7,3.4,11.8,,harklej01
372,Terrence Shannon Jr.,25,MIN,SG,43,2,538,5.2,11.4,.450,2.1,5.1,.408,3.1,6.4,.484,.541,3.7,4.7,.800,0.7,2.6,3.3,2.5,0.9,0.1,1.6,3.3,16.1,,shannte01
373,Keaton Wallace,26,ATL,PG,53,3,536,4.6,11.5,.398,2.6,6.9,.373,2.0,4.6,.435,.509,0.8,1.2,.667,0.2,3.6,3.8,6.3,1.6,0.3,1.9,3.2,12.5,,wallake01
374,Moussa Cisse,23,DAL,C,38,1,530,4.5,7.8,.574,0.0,0.0,,4.5,7.8,.574,.574,2.6,5.5,.469,6.0,8.6,14.7,0.6,1.3,3.1,2.0,5.0,11.5,,cissemo01
375,Cole Anthony,25,MIL,PG,35,0,527,6.7,15.8,.424,1.5,4.9,.306,5.2,10.9,.478,.472,1.1,1.8,.615,1.1,4.9,5.9,8.3,1.4,0.8,4.4,5.0,16.0,,anthoco01
376,Jayson Tatum,27,BOS,PF,16,16,522,8.1,19.8,.411,3.2,9.9,.329,4.9,9.9,.493,.493,4.5,5.4,.823,0.6,10.5,11.0,5.9,1.5,0.2,2.7,1.8,24.0,,tatumja01
377,Jonathan Isaac,28,ORL,PF,52,0,521,3.2,7.5,.422,0.5,2.6,.184,2.7,4.9,.549,.454,2.4,4.0,.603,3.0,6.1,9.1,1.5,1.4,2.1,1.2,2.8,9.3,,isaacjo01
378,Jamison Battle,24,TOR,SF,61,2,517,5.2,10.1,.510,2.4,5.9,.412,2.7,4.2,.650,.631,0.6,1.0,.643,1.4,4.8,6.2,1.7,0.5,0.2,1.3,2.9,13.4,,battlja01
379,Asa Newell,20,ATL,PF,44,2,500,6.6,12.2,.538,2.1,5.4,.387,4.5,6.8,.660,.624,1.2,2.1,.552,3.2,3.7,6.9,1.9,1.2,1.1,1.7,4.7,16.3,,newelas01
380,Ariel Hukporti,23,NYK,C,54,5,498,3.3,5.8,.563,0.1,0.3,.250,3.2,5.5,.579,.569,1.9,2.4,.788,4.0,7.4,11.5,2.1,0.7,1.9,2.3,4.8,8.5,,hukpoar01
381,Trayce Jackson-Davis,25,2TM,C,53,1,496,5.2,9.0,.573,0.1,0.1,1.000,5.1,8.9,.569,.577,2.8,5.4,.514,4.8,5.7,10.5,2.8,1.2,1.7,1.6,3.3,13.1,,jackstr02
381,Trayce Jackson-Davis,25,GSW,C,36,1,411,5.3,8.9,.588,0.1,0.1,1.000,5.2,8.8,.584,.593,2.5,4.6,.558,4.1,5.7,9.8,2.8,1.1,1.7,1.6,3.5,13.1,,jackstr02
381,Trayce Jackson-Davis,25,TOR,C,17,0,85,4.7,9.3,.500,0.0,0.0,,4.7,9.3,.500,.500,3.8,9.3,.409,8.0,5.9,14.0,3.0,1.7,2.1,1.7,2.1,13.1,,jackstr02
382,D'Angelo Russell,29,DAL,PG,26,3,495,6.8,16.9,.405,2.4,8.1,.295,4.4,8.7,.508,.476,3.1,4.4,.717,0.6,3.9,4.4,7.6,0.9,0.1,3.6,2.2,19.2,,russeda01
383,Taelon Peter,23,IND,SG,38,0,492,4.4,11.6,.380,3.0,9.1,.328,1.4,2.4,.576,.509,0.7,1.2,.625,0.7,3.6,4.3,2.9,1.9,0.3,2.0,2.8,12.5,,peterta01
384,Bez Mbeng,22,UTA,SG,15,5,492,3.7,7.3,.500,0.4,2.3,.194,3.2,5.0,.638,.530,1.2,1.8,.640,1.3,2.9,4.2,4.5,2.5,0.4,1.6,3.4,8.9,,mbengbe01
385,Amir Coffey,28,2TM,SG,46,3,490,4.0,8.3,.487,1.2,3.6,.347,2.8,4.7,.594,.562,1.6,2.1,.786,1.4,2.8,4.2,2.0,0.7,0.4,0.7,2.2,10.9,,coffeam01
385,Amir Coffey,28,MIL,SG,30,2,265,3.5,7.5,.473,1.0,3.4,.280,2.6,4.1,.633,.536,1.8,2.0,.867,0.8,2.7,3.5,1.5,0.4,0.4,0.5,1.9,9.8,,coffeam01
385,Amir Coffey,28,PHO,SG,16,1,225,4.6,9.3,.500,1.6,3.8,.417,3.0,5.4,.559,.586,1.4,2.1,.692,2.1,2.9,5.0,2.6,1.0,0.3,0.8,2.6,12.3,,coffeam01
386,Branden Carlson,26,OKC,C,42,4,488,7.2,13.7,.527,2.3,6.3,.360,4.9,7.4,.670,.610,1.1,1.9,.577,2.1,7.0,9.1,2.1,0.6,2.0,1.2,2.7,17.9,,carlsbr01
387,Jamal Cain,26,ORL,SF,40,1,486,5.5,11.3,.487,2.1,5.4,.384,3.4,5.9,.582,.579,2.9,3.4,.848,2.1,3.7,5.8,2.1,0.8,0.3,1.4,3.9,15.9,,cainja01
388,Cam Christie,20,LAC,SG,55,0,480,4.0,10.4,.381,0.9,3.7,.245,3.1,6.8,.456,.424,2.8,3.7,.760,1.4,4.4,5.9,2.3,1.2,0.2,1.6,1.4,11.7,,chrisca02
389,Matisse Thybulle,28,POR,SG,30,0,480,4.3,10.0,.433,2.8,7.0,.398,1.6,3.1,.512,.571,1.6,1.9,.840,1.3,3.2,4.4,2.0,4.5,1.2,2.1,3.2,13.1,,thybuma01
390,Jeremy Sochan,22,2TM,PF,44,0,469,4.9,9.9,.496,0.8,3.5,.244,4.1,6.4,.631,.539,1.5,2.0,.731,2.8,5.4,8.2,3.1,1.3,0.5,1.6,4.8,12.1,,sochaje01
390,Jeremy Sochan,22,SAS,PF,28,0,358,4.7,10.0,.475,0.9,3.5,.257,3.8,6.4,.594,.520,1.1,1.6,.688,2.6,4.7,7.3,2.8,1.0,0.5,1.8,5.0,11.5,,sochaje01
390,Jeremy Sochan,22,NYK,PF,16,0,111,5.5,9.7,.567,0.6,3.2,.200,4.9,6.5,.750,.600,2.6,3.2,.800,3.6,7.5,11.0,3.9,2.3,0.6,1.0,3.9,14.3,,sochaje01
391,Maxi Kleber,34,LAL,PF,43,1,461,2.6,5.7,.452,0.5,2.0,.231,2.1,3.7,.574,.493,1.1,2.0,.538,2.8,3.7,6.6,2.1,1.4,0.9,1.3,4.7,6.7,,klebima01
392,Marcus Sasser,25,DET,PG,38,5,457,5.4,13.9,.390,3.5,8.4,.415,2.0,5.6,.352,.514,1.2,1.4,.833,0.6,2.5,3.1,5.9,1.6,0.3,2.4,3.2,15.5,,sassema01
393,AJ Johnson,21,2TM,SG,48,0,454,4.5,14.0,.324,1.0,4.5,.211,3.6,9.4,.378,.358,2.7,3.2,.850,1.1,3.3,4.4,3.7,0.9,0.2,2.4,2.4,12.7,,johnsaj01
393,AJ Johnson,21,WAS,SG,25,0,214,4.5,14.0,.325,1.2,4.2,.280,3.4,9.8,.345,.367,1.5,2.0,.750,1.3,3.9,5.2,3.7,1.2,0.0,3.0,2.5,11.8,,johnsaj01
393,AJ Johnson,21,DAL,SG,23,0,240,4.5,14.0,.323,0.7,4.8,.156,3.8,9.2,.410,.349,3.7,4.2,.893,0.9,2.7,3.6,3.7,0.6,0.5,1.8,2.3,13.5,,johnsaj01
394,Bogdan Bogdanović,33,LAC,SG,23,3,452,4.7,12.1,.388,2.6,7.6,.347,2.1,4.5,.456,.497,1.6,2.0,.800,0.5,4.2,4.7,4.1,0.8,0.2,2.2,3.7,13.6,,bogdabo01
395,Tony Bradley,28,2TM,C,41,4,450,5.1,9.4,.547,0.2,0.3,.500,5.0,9.0,.549,.556,2.6,3.4,.744,4.8,4.5,9.3,1.8,0.5,0.6,1.4,5.0,13.0,,bradlto01
395,Tony Bradley,28,IND,C,38,3,416,5.1,9.2,.557,0.1,0.2,.500,5.0,9.0,.558,.561,2.8,3.7,.744,4.8,4.4,9.3,1.7,0.5,0.6,1.5,5.2,13.1,,bradlto01
395,Tony Bradley,28,ATL,C,3,1,34,5.3,11.6,.455,1.1,2.1,.500,4.2,9.5,.444,.500,0.0,0.0,,4.2,5.3,9.5,2.1,0.0,0.0,1.1,2.1,11.6,,bradlto01
396,Larry Nance Jr.,33,CLE,PF,35,3,449,4.2,9.9,.419,1.7,5.1,.333,2.5,4.9,.508,.504,0.5,1.0,.462,2.3,5.1,7.5,2.7,1.7,0.5,1.6,4.4,10.5,,nancela02
397,Oscar Tshiebwe,26,UTA,C,27,6,448,7.4,11.7,.634,0.0,0.0,,7.4,11.7,.634,.634,2.2,3.9,.551,6.2,8.2,14.4,2.6,1.3,0.4,1.7,3.1,17.0,,tshieos01
398,Doug McDermott,34,SAC,SF,29,0,439,4.4,11.4,.388,3.9,10.1,.390,0.5,1.3,.375,.561,0.7,0.7,.889,0.6,2.5,3.0,1.8,0.5,0.3,1.1,2.3,13.4,,mcderdo01
399,Leaky Black,26,WAS,SF,15,9,433,3.3,8.6,.388,1.6,4.6,.345,1.7,4.0,.438,.481,0.6,0.7,.875,1.2,5.0,6.2,1.8,1.5,0.7,1.2,3.3,8.8,,blackle01
400,Julian Phillips,22,2TM,SF,48,2,428,4.3,10.2,.421,1.7,5.5,.308,2.6,4.7,.554,.504,1.5,1.9,.783,1.9,2.2,4.1,0.8,1.9,0.6,0.9,3.6,11.8,,phillju01
400,Julian Phillips,22,CHI,SF,35,2,334,4.0,9.5,.420,1.7,5.3,.327,2.3,4.2,.538,.511,1.0,1.2,.818,2.4,2.4,4.7,0.8,1.8,0.6,0.8,3.6,10.7,,phillju01
400,Julian Phillips,22,MIN,SF,13,0,94,5.4,12.6,.424,1.5,6.1,.250,3.8,6.5,.588,.485,3.4,4.6,.750,0.4,1.5,1.9,1.1,1.9,0.4,1.5,3.8,15.7,,phillju01
401,Moritz Wagner,28,ORL,C,36,0,427,7.0,16.4,.426,1.9,5.9,.314,5.1,10.5,.488,.482,5.0,6.1,.819,2.3,7.4,9.7,2.3,1.3,0.2,1.6,4.9,20.8,,wagnemo01
402,Yanic Konan Niederhäuser,22,LAC,C,41,0,424,5.4,8.5,.640,0.1,0.4,.200,5.3,8.1,.663,.645,4.0,5.3,.758,3.1,6.8,9.9,1.0,0.4,2.5,2.0,5.6,14.9,,konanya01
403,Obi Toppin,27,IND,PF,24,3,424,8.5,16.9,.503,3.1,8.9,.352,5.3,8.0,.670,.595,3.6,3.9,.913,1.1,7.9,9.0,4.7,1.0,0.1,2.4,2.4,23.7,,toppiob01
404,Khaman Maluach,19,PHO,C,46,1,411,4.9,9.2,.533,0.4,1.8,.238,4.5,7.4,.607,.557,1.9,2.7,.710,4.3,7.4,11.6,0.5,0.4,2.9,2.2,3.8,12.2,,maluakh01
405,Myron Gardner,24,MIA,SF,45,7,411,5.2,10.8,.480,2.3,5.6,.406,2.9,5.2,.559,.585,1.7,2.3,.731,3.4,7.3,10.7,3.9,1.8,0.7,1.5,6.8,14.3,,gardnmy01
406,Andre Jackson Jr.,24,MIL,SG,48,1,408,3.4,10.5,.328,1.3,5.3,.250,2.1,5.2,.407,.391,1.8,2.8,.625,2.2,4.1,6.4,3.8,1.7,0.4,2.7,3.8,10.0,,jacksan01
407,Killian Hayes,24,SAC,PG,23,3,406,3.7,12.2,.304,1.5,5.6,.270,2.2,6.7,.333,.366,2.3,2.5,.929,0.4,4.4,4.8,7.2,1.9,0.4,2.5,3.2,11.3,,hayeski01
408,Jae'Sean Tate,30,HOU,SF,46,1,405,5.0,9.7,.514,0.9,2.8,.313,4.1,6.8,.597,.560,0.6,1.0,.636,2.9,3.6,6.5,2.2,0.9,0.3,1.4,4.3,11.5,,tateja01
409,Julian Reese,22,WAS,PF,13,10,402,5.6,10.7,.529,0.0,0.0,,5.6,10.7,.529,.529,2.5,3.9,.636,4.9,7.3,12.3,2.1,1.6,0.7,2.9,3.8,13.8,,reeseju01
410,Dejounte Murray,29,NOP,PG,14,14,389,8.1,16.8,.484,1.8,5.7,.306,6.4,11.1,.575,.536,3.6,4.2,.867,0.4,6.6,6.9,8.2,2.1,0.3,4.3,3.1,21.7,,murrade01
411,Trae Young,27,2TM,PG,15,15,384,7.6,16.6,.458,2.5,7.5,.338,5.1,9.1,.557,.534,7.5,9.1,.825,0.4,2.4,2.8,11.3,1.2,0.2,3.7,3.1,25.2,,youngtr01
411,Trae Young,27,ATL,PG,10,10,280,7.2,17.4,.415,2.3,7.6,.305,4.9,9.8,.500,.481,8.1,9.4,.863,0.0,1.9,1.9,11.4,1.3,0.1,3.3,2.6,24.8,,youngtr01
411,Trae Young,27,WAS,PG,5,5,104,8.7,14.5,.595,3.1,7.3,.429,5.5,7.3,.762,.702,5.9,8.3,.708,1.4,3.8,5.2,10.7,1.0,0.3,4.5,4.5,26.3,,youngtr01
412,Tyson Etienne,26,BRK,PG,24,2,380,5.5,13.7,.400,4.1,10.2,.398,1.4,3.5,.405,.548,2.8,3.4,.833,0.5,2.1,2.6,3.8,1.0,0.0,1.5,4.5,17.9,,etienty01
413,Bronny James,21,LAL,SG,42,1,375,4.5,11.0,.409,2.1,5.5,.386,2.4,5.6,.431,.504,0.6,0.7,.857,0.5,1.7,2.2,4.9,1.8,0.4,2.4,2.7,11.7,,jamesbr02
414,Nick Smith Jr.,21,LAL,SG,30,1,375,6.7,15.5,.435,3.3,8.3,.395,3.5,7.2,.480,.540,1.1,1.4,.733,0.3,1.9,2.2,3.0,0.9,0.2,2.0,2.7,17.8,,smithni01
415,Cameron Payne,31,PHI,PG,22,1,374,5.4,14.3,.376,3.1,9.3,.330,2.3,5.0,.462,.483,1.8,2.1,.864,0.3,3.9,4.2,5.6,2.3,0.7,1.1,2.9,15.7,,payneca01
416,Liam McNeeley,20,CHO,SF,31,0,368,3.7,9.3,.400,2.3,5.9,.400,1.4,3.4,.400,.526,3.1,3.8,.821,1.3,5.9,7.1,2.3,0.5,0.3,1.3,3.5,12.9,,mcneeli01
417,Blake Wesley,22,POR,SG,31,0,361,5.6,12.4,.452,1.0,3.6,.278,4.6,8.8,.523,.492,2.6,4.7,.553,0.8,3.1,3.9,6.2,1.6,0.5,3.1,3.4,14.8,,weslebl01
418,Jeremiah Robinson-Earl,25,2TM,PF,22,3,361,3.7,10.0,.370,1.0,4.1,.244,2.7,5.9,.458,.420,1.7,1.8,.944,3.6,6.7,10.3,1.5,0.9,0.1,1.2,2.6,10.1,,robinje02
418,Jeremiah Robinson-Earl,25,IND,PF,17,3,300,3.5,10.0,.349,1.0,4.0,.242,2.5,6.0,.420,.398,1.6,1.7,.929,3.8,6.7,10.6,1.4,0.8,0.1,1.2,2.8,9.5,,robinje02
418,Jeremiah Robinson-Earl,25,DAL,PF,5,0,61,4.7,10.0,.471,1.2,4.7,.250,3.5,5.3,.667,.529,2.4,2.4,1.000,2.4,6.5,8.9,1.8,1.2,0.0,1.2,1.8,13.0,,robinje02
419,Kelly Olynyk,34,SAS,C,42,0,360,4.7,9.6,.490,1.2,4.7,.255,3.5,4.9,.714,.552,2.7,3.8,.711,2.4,5.2,7.6,4.9,1.5,0.3,2.4,3.9,13.3,,olynyke01
420,Malachi Smith,26,BRK,SG,15,4,359,4.8,9.9,.485,2.0,4.6,.435,2.8,5.3,.528,.586,0.8,0.8,1.000,1.2,3.9,5.1,4.9,1.2,0.4,1.4,1.3,12.4,,smithma02
421,Christian Koloko,25,3TM,C,27,4,357,3.1,7.5,.419,0.1,0.9,.111,3.0,6.6,.462,.426,1.0,1.5,.667,3.1,5.0,8.2,1.8,1.4,2.3,1.6,4.8,7.4,,kolokch01
421,Christian Koloko,25,LAL,C,2,0,6,0.0,0.0,,0.0,0.0,,0.0,0.0,,,0.0,0.0,,0.0,6.0,6.0,0.0,0.0,0.0,0.0,6.0,0.0,,kolokch01
421,Christian Koloko,25,MEM,C,11,2,195,2.6,6.5,.400,0.0,0.2,.000,2.6,6.3,.412,.400,0.2,0.7,.250,3.5,4.6,8.1,1.8,1.8,2.4,1.3,3.7,5.4,,kolokch01
421,Christian Koloko,25,ATL,C,14,2,156,3.9,9.0,.436,0.2,1.8,.125,3.7,7.2,.516,.449,2.1,2.5,.818,2.8,5.5,8.3,1.8,0.9,2.3,2.1,6.2,10.2,,kolokch01
422,Kennedy Chandler,23,UTA,PG,11,2,355,6.2,13.9,.445,1.5,3.9,.395,4.7,10.0,.465,.500,2.8,4.4,.651,0.6,3.1,3.8,7.5,1.1,0.2,2.3,2.3,16.7,,chandke01
423,Cam Whitmore,21,WAS,SF,21,0,354,7.8,17.2,.456,1.6,5.7,.286,6.2,11.5,.540,.503,2.3,3.2,.742,1.9,4.0,5.9,1.5,1.5,0.8,1.8,2.5,19.6,,whitmca01
424,E.J. Liddell,25,BRK,PF,26,5,349,5.6,11.4,.486,1.9,5.4,.346,3.7,6.1,.610,.568,2.2,2.7,.808,1.4,5.7,7.1,2.5,0.6,1.0,1.5,4.6,15.2,,liddeej01
425,Brooks Barnhizer,23,OKC,SG,40,0,348,2.8,7.3,.380,0.7,2.5,.292,2.1,4.9,.426,.430,0.7,1.0,.700,2.0,6.1,8.1,2.3,1.1,0.5,1.0,2.8,7.0,,barnhbr01
426,Chaney Johnson,23,BRK,SF,17,1,348,5.3,9.7,.543,0.9,3.1,.300,4.3,6.6,.656,.590,2.9,3.6,.800,3.4,4.8,8.2,3.7,1.6,0.9,2.1,5.3,14.4,,johnsch06
427,Isaiah Livers,27,PHO,PF,36,0,347,2.3,6.6,.344,1.2,4.1,.300,1.0,2.5,.417,.438,0.9,1.2,.750,2.0,4.4,6.3,2.2,1.3,0.8,1.2,2.9,6.7,,liveris01
428,Lachlan Olbrich,22,CHI,C,37,2,344,3.8,8.1,.468,0.2,2.0,.105,3.6,6.1,.586,.481,1.6,4.2,.375,4.7,7.0,11.7,4.4,1.3,0.8,1.7,5.1,9.3,,olbrila01
429,Ty Jerome,28,MEM,SG,15,15,339,10.8,22.8,.474,4.5,10.6,.420,6.4,12.2,.522,.572,5.2,5.9,.875,1.2,3.3,4.5,9.0,1.7,0.4,2.9,3.3,31.3,,jeromty01
430,Ron Harper Jr.,25,BOS,SF,29,3,318,5.2,12.5,.418,3.2,9.1,.350,2.0,3.4,.600,.545,0.3,0.5,.750,1.7,3.7,5.4,2.5,1.1,1.0,0.9,2.3,13.9,,harpero02
431,Joan Beringer,19,MIN,PF,40,3,314,7.5,11.2,.663,0.0,0.0,,7.5,11.2,.663,.663,3.0,4.2,.703,5.2,5.4,10.5,1.4,0.8,3.0,1.3,5.4,17.9,,berinjo01
432,Jalen Slawson,26,IND,SF,13,6,311,3.9,8.9,.442,1.7,4.6,.375,2.2,4.3,.514,.539,1.4,2.0,.706,0.8,5.8,6.6,4.2,2.3,1.6,2.0,3.1,11.0,,slawsja01
433,Kevon Looney,29,NOP,C,21,8,308,2.9,7.0,.417,0.2,1.5,.154,2.7,5.5,.489,.433,0.8,1.2,.700,5.6,8.2,13.8,4.0,1.1,1.2,1.1,4.0,6.9,,looneke01
434,Tyler Burton,25,MEM,SF,12,0,307,4.9,13.1,.375,2.6,7.7,.333,2.3,5.4,.435,.473,2.7,3.2,.852,0.9,4.9,5.9,1.4,1.3,0.5,1.3,3.6,15.1,,burtoty01
435,Yang Hansen,20,POR,C,43,1,300,3.7,12.0,.310,0.6,5.0,.119,3.1,7.0,.448,.335,3.4,4.1,.824,2.4,5.5,7.9,2.6,0.4,1.2,3.8,5.2,11.4,,yangha01
436,Pat Connaughton,33,CHO,SG,42,0,297,4.6,10.3,.447,2.5,6.3,.404,2.1,4.0,.515,.571,1.6,2.4,.650,1.8,5.6,7.4,2.2,1.3,0.1,1.3,1.1,13.3,,connapa01
437,LJ Cryer,24,GSW,PG,18,1,292,5.8,14.4,.402,4.6,11.6,.394,1.2,2.8,.435,.560,2.1,2.3,.895,0.5,3.0,3.5,2.2,0.4,0.0,1.7,3.5,18.2,,cryerlj01
438,Max Strus,29,CLE,SF,12,5,288,5.9,13.2,.443,4.1,10.2,.402,1.7,3.0,.583,.599,0.9,1.1,.778,1.1,7.0,8.1,3.0,0.4,0.0,1.1,4.2,16.7,,strusma01
439,Lindy Waters III,28,SAS,SG,40,0,285,4.2,11.1,.375,3.4,10.0,.342,0.8,1.1,.667,.528,0.3,0.4,.667,0.4,3.3,3.7,2.4,0.8,0.1,0.9,3.0,12.0,,waterli01
440,Blake Hinson,26,UTA,SF,14,3,285,7.5,14.5,.513,4.7,10.0,.468,2.8,4.5,.611,.674,1.5,2.0,.750,1.4,2.8,4.2,2.0,0.6,0.3,0.6,3.0,21.1,,hinsobl01
441,Zach Edey,23,MEM,C,11,11,284,7.9,12.4,.633,0.1,0.6,.200,7.7,11.8,.656,.638,3.2,4.1,.781,5.5,10.0,15.5,1.5,0.9,2.7,3.3,4.7,19.0,,edeyza01
442,Jordan McLaughlin,29,SAS,PG,44,0,282,4.2,10.1,.418,2.2,5.1,.425,2.0,5.0,.410,.525,0.8,0.9,.857,0.9,3.2,4.1,4.9,2.6,0.3,1.9,1.4,11.4,,mclaujo01
443,Keshad Johnson,24,MIA,SF,32,0,280,6.6,13.4,.490,1.7,5.7,.295,4.9,7.7,.633,.553,2.7,3.7,.724,3.3,4.6,8.0,1.0,1.9,1.0,1.7,3.6,17.5,,johnske10
444,Malevy Leons,26,GSW,SF,25,2,276,4.2,9.4,.444,0.5,2.1,.250,3.7,7.3,.500,.472,2.0,2.5,.789,3.9,3.0,6.9,3.0,1.8,1.2,1.7,4.0,10.8,,leonsma01
445,Malaki Branham,22,WAS,SG,28,0,275,5.6,11.9,.473,1.8,4.8,.378,3.8,7.1,.537,.549,3.7,4.5,.824,1.6,4.2,5.8,3.0,1.3,0.4,2.0,2.7,16.8,,branhma01
446,Cormac Ryan,27,MIL,SG,11,2,271,7.0,13.5,.520,3.6,7.8,.458,3.5,5.7,.605,.652,3.2,3.5,.923,1.1,2.7,3.7,2.5,1.5,0.4,2.3,3.6,20.9,,ryanco01
447,Chaz Lanier,24,DET,SG,34,0,262,3.8,12.2,.315,2.6,9.2,.284,1.2,3.0,.409,.421,0.7,0.8,.833,1.1,2.1,3.2,2.3,1.0,0.0,0.4,1.6,11.0,,laniech01
448,Duop Reath,29,POR,C,32,0,258,4.6,10.3,.446,3.2,7.7,.418,1.4,2.7,.526,.601,0.7,0.8,.833,1.4,3.9,5.3,1.4,0.7,1.1,1.0,3.9,13.1,,reathdu01
449,KJ Simpson,23,2TM,PG,20,2,257,4.8,13.9,.343,1.7,5.6,.300,3.1,8.3,.373,.404,1.5,2.5,.611,1.3,3.9,5.2,6.0,2.2,0.0,3.5,2.5,12.7,,simpskj01
449,KJ Simpson,23,CHO,PG,14,2,223,5.0,14.4,.348,1.9,6.3,.308,3.1,8.1,.380,.416,1.6,2.6,.625,0.8,3.9,4.7,5.7,2.4,0.0,3.9,2.3,13.6,,simpskj01
449,KJ Simpson,23,DEN,PG,6,0,34,3.2,10.6,.300,0.0,1.1,.000,3.2,9.5,.333,.300,1.1,2.1,.500,4.2,4.2,8.5,8.5,1.1,0.0,1.1,4.2,7.4,,simpskj01
450,John Poulakidas,22,DAL,SG,13,0,253,5.5,12.9,.429,4.4,11.0,.403,1.1,2.0,.571,.599,0.9,1.0,.857,0.6,3.7,4.3,1.6,1.0,0.6,0.6,4.0,16.4,,poulajo01
451,Jonathan Mogbo,24,TOR,PF,40,0,249,3.8,6.4,.591,0.0,0.1,.000,3.8,6.2,.605,.591,1.3,2.0,.643,2.7,7.1,9.8,3.6,1.6,1.2,2.0,3.8,8.8,,mogbojo01
452,Adama-Alpha Bal,22,MEM,SG,8,1,241,4.2,10.2,.412,2.7,6.6,.409,1.5,3.6,.417,.544,1.3,1.5,.900,0.9,2.8,3.7,2.8,1.3,0.1,0.9,4.0,12.4,,balad01
453,Nate Williams,26,GSW,SG,14,2,239,6.5,13.3,.489,2.0,4.5,.433,4.5,8.7,.517,.563,2.0,2.3,.867,3.0,1.5,4.5,2.1,0.8,0.0,2.3,3.9,16.9,,willije02
454,Drew Timme,25,LAL,PF,27,1,235,5.8,10.1,.576,1.7,3.8,.440,4.1,6.3,.659,.659,0.8,1.4,.556,1.5,3.5,5.1,3.5,0.9,0.0,2.0,3.1,14.1,,timmedr01
455,DeJon Jarreau,28,MEM,SG,11,0,231,5.1,12.9,.398,0.6,4.7,.133,4.5,8.3,.547,.422,2.8,3.6,.783,1.9,6.1,7.9,5.6,1.6,1.2,4.1,4.4,13.7,,jarrede01
456,Chris Paul,40,LAC,PG,16,0,228,2.8,8.8,.321,1.6,4.7,.333,1.3,4.1,.308,.411,0.2,0.3,.500,0.9,3.5,4.4,8.4,1.7,0.0,2.5,3.6,7.4,,paulch01
457,A.J. Lawson,25,TOR,SG,24,0,226,5.4,12.4,.436,3.0,7.2,.422,2.4,5.3,.455,.558,2.2,2.9,.778,1.4,5.4,6.8,1.1,1.9,0.6,1.0,4.3,16.1,,lawsoaj01
458,Lucas Williamson,27,MEM,SG,7,2,224,4.0,12.1,.333,2.4,8.5,.283,1.6,3.5,.455,.433,1.3,1.3,1.000,1.8,4.3,6.1,2.9,1.8,0.2,1.6,4.2,11.7,,willilu01
459,JD Davison,23,HOU,PG,28,0,218,4.0,10.6,.375,1.3,5.3,.250,2.6,5.3,.500,.438,2.1,3.1,.684,0.5,5.1,5.6,5.8,1.0,1.0,1.2,2.8,11.4,,davisjd01
460,Toby Okani,24,MEM,SG,6,4,217,4.1,11.6,.357,1.5,5.1,.290,2.7,6.5,.410,.421,0.2,1.3,.125,1.5,2.0,3.5,1.0,0.7,0.5,0.5,3.3,10.0,,okanito01
461,PJ Hall,23,2TM,C,19,2,214,5.0,9.9,.508,0.5,0.8,.600,4.5,9.1,.500,.534,3.9,4.9,.793,5.6,7.1,12.6,1.7,0.5,1.7,2.7,3.7,14.5,,hallpj01
461,PJ Hall,23,MEM,C,7,0,27,6.7,12.0,.556,1.3,4.0,.333,5.3,8.0,.667,.611,2.7,4.0,.667,4.0,8.0,12.0,2.7,0.0,2.7,1.3,4.0,17.3,,hallpj01
461,PJ Hall,23,CHO,C,12,2,187,4.8,9.6,.500,0.4,0.4,1.000,4.4,9.2,.479,.520,4.0,5.0,.808,5.8,6.9,12.7,1.5,0.6,1.5,2.9,3.7,14.1,,hallpj01
462,Scotty Pippen Jr.,25,MEM,PG,10,6,212,7.3,16.3,.448,1.7,5.4,.313,5.6,10.9,.516,.500,3.1,3.9,.783,1.4,2.4,3.7,8.0,3.2,0.7,4.6,5.3,19.4,,pippesc02
463,DaRon Holmes,23,DEN,PF,25,6,210,5.3,10.5,.508,3.4,7.7,.444,1.9,2.7,.688,.672,1.9,2.4,.786,1.4,4.6,6.0,2.7,0.2,1.0,2.1,3.3,15.9,,holmeda01
464,Yuki Kawamura,24,CHI,PG,18,0,209,2.9,9.0,.327,1.9,6.4,.297,1.0,2.6,.400,.433,2.9,3.3,.895,1.2,4.5,5.7,8.1,1.6,0.0,2.4,2.6,10.7,,kawamyu01
465,RayJ Dennis,24,3TM,PG,17,0,206,4.5,14.5,.313,2.4,7.9,.311,2.1,6.6,.316,.398,1.4,1.6,.889,1.4,3.1,4.5,5.8,0.7,0.7,3.0,3.7,12.9,,dennira01
465,RayJ Dennis,24,IND,PG,13,0,168,4.7,15.4,.306,2.6,8.1,.316,2.1,7.3,.294,.389,1.7,1.9,.889,1.7,2.8,4.5,5.6,0.6,0.9,3.0,3.4,13.7,,dennira01
465,RayJ Dennis,24,LAC,PG,1,0,4,0.0,0.0,,0.0,0.0,,0.0,0.0,,,0.0,0.0,,0.0,18.0,18.0,0.0,0.0,0.0,9.0,0.0,0.0,,dennira01
465,RayJ Dennis,24,ATL,PG,3,0,34,4.2,11.6,.364,2.1,7.4,.286,2.1,4.2,.500,.455,0.0,0.0,,0.0,3.2,3.2,7.4,1.1,0.0,2.1,5.3,10.6,,dennira01
466,DeAndre Jordan,37,NOP,C,12,7,199,3.8,5.8,.656,0.0,0.0,,3.8,5.8,.656,.656,2.0,3.1,.647,4.7,9.0,13.7,2.0,0.7,1.8,1.6,2.9,9.6,,jordade01
467,Garrison Mathews,29,IND,SG,15,1,196,3.9,9.6,.404,3.1,8.4,.370,0.7,1.1,.667,.567,3.5,4.2,.826,0.4,2.8,3.1,1.8,1.1,0.6,0.6,3.5,14.3,,mathega01
468,MarJon Beauchamp,25,PHI,SF,14,1,196,6.1,14.0,.434,2.9,8.6,.340,3.1,5.3,.586,.539,2.4,3.5,.684,1.3,4.6,5.9,2.8,1.7,0.7,2.4,2.4,17.4,,beaucma01
469,Nigel Hayes-Davis,31,PHO,SF,27,0,195,2.8,8.5,.326,0.4,3.0,.125,2.4,5.5,.433,.348,0.4,0.7,.500,2.2,3.9,6.1,1.3,1.5,0.4,1.5,3.0,6.3,,hayesni01
470,Chris Youngblood,23,2TM,SG,34,0,185,4.3,12.3,.349,3.5,10.5,.333,0.8,1.8,.444,.492,1.8,1.9,.900,1.4,4.1,5.4,2.3,0.8,0.6,0.4,4.3,13.8,,youngch01
470,Chris Youngblood,23,OKC,SG,32,0,174,4.1,12.4,.333,3.3,10.6,.314,0.8,1.9,.444,.467,1.9,2.1,.900,1.4,4.3,5.8,2.3,0.8,0.6,0.4,4.1,13.4,,youngch01
470,Chris Youngblood,23,POR,SG,2,0,11,6.5,9.8,.667,6.5,9.8,.667,0.0,0.0,,1.000,0.0,0.0,,0.0,0.0,0.0,3.3,0.0,0.0,0.0,6.5,19.6,,youngch01
471,Zach Collins,28,CHI,C,10,0,184,7.2,12.5,.578,1.8,4.1,.429,5.5,8.4,.651,.648,2.7,3.9,.700,3.1,7.8,11.0,2.9,0.4,0.8,2.0,3.5,19.0,,colliza01
472,Dariq Whitehead,21,MEM,SF,6,2,183,7.3,18.3,.398,3.7,11.8,.317,3.5,6.5,.545,.500,1.0,1.4,.714,0.4,4.3,4.7,1.8,0.8,0.0,2.0,2.6,19.3,,whiteda01
473,Xavier Tillman Sr.,27,2TM,C,30,1,183,3.9,9.0,.435,0.6,3.5,.167,3.3,5.5,.607,.467,0.2,0.8,.250,3.7,4.7,8.5,2.6,1.8,1.0,1.6,3.0,8.7,,tillmxa01
473,Xavier Tillman Sr.,27,BOS,C,14,1,111,4.5,10.1,.452,1.0,4.9,.200,3.6,5.2,.688,.500,0.0,0.0,,3.2,4.9,8.1,1.6,1.9,0.6,1.6,2.9,10.1,,tillmxa01
473,Xavier Tillman Sr.,27,CHO,C,16,0,72,3.0,7.5,.400,0.0,1.5,.000,3.0,6.0,.500,.400,0.5,2.0,.250,4.5,4.5,9.0,4.0,1.5,1.5,1.5,3.0,6.5,,tillmxa01
474,Tre Scott,29,BRK,PF,6,4,182,3.8,9.9,.380,1.2,3.8,.316,2.6,6.1,.419,.440,0.8,1.2,.667,2.0,4.2,6.1,2.0,1.6,1.0,0.8,2.4,9.5,,scotttr01
475,Jeff Green,39,HOU,PF,30,0,175,5.1,14.0,.368,2.5,9.1,.273,2.7,4.9,.542,.456,1.0,1.0,1.000,1.4,3.7,5.1,1.6,0.4,0.4,0.8,2.5,13.8,,greenje02
476,Mason Plumlee,35,2TM,C,20,3,172,2.3,2.9,.786,0.0,0.0,,2.3,2.9,.786,.786,1.9,2.9,.643,3.6,7.5,11.1,4.2,2.1,0.0,2.5,3.6,6.5,,plumlma01
476,Mason Plumlee,35,CHO,C,14,2,125,2.6,3.5,.750,0.0,0.0,,2.6,3.5,.750,.750,2.3,3.5,.667,2.9,8.6,11.5,4.6,1.7,0.0,2.6,2.9,7.5,,plumlma01
476,Mason Plumlee,35,SAS,C,6,1,47,1.5,1.5,1.000,0.0,0.0,,1.5,1.5,1.000,1.000,0.8,1.5,.500,5.4,4.6,10.0,3.1,3.1,0.0,2.3,5.4,3.8,,plumlma01
477,Andersson Garcia,25,UTA,SF,5,2,169,1.9,6.2,.310,0.2,2.8,.077,1.7,3.4,.500,.328,1.5,1.9,.778,3.6,5.3,8.9,3.0,1.7,0.9,1.5,3.4,5.5,,garcian01
478,Tyler Smith,21,DAL,PF,12,0,166,4.6,10.8,.420,2.2,7.6,.286,2.4,3.3,.733,.520,0.9,1.3,.667,2.6,4.6,7.2,1.1,1.3,0.0,1.3,2.8,12.1,,smithty02
479,Hunter Tyson,25,DEN,PF,21,2,162,3.1,11.6,.269,1.6,7.3,.212,1.6,4.2,.368,.337,2.4,2.9,.846,0.9,7.1,8.0,3.8,0.4,0.2,1.1,2.9,10.2,,tysonhu01
480,Nikola Topić,20,OKC,PG,10,2,160,5.0,11.5,.431,1.4,3.4,.400,3.6,8.1,.444,.490,0.5,1.1,.400,1.6,2.7,4.3,9.9,1.1,0.0,5.6,2.9,11.7,,topicni01
481,Kevin McCullar Jr.,24,NYK,SF,21,0,155,4.6,10.9,.426,1.9,5.6,.333,2.8,5.3,.522,.511,0.5,1.2,.400,2.6,3.9,6.5,4.6,2.1,0.0,2.8,5.1,11.6,,mcculke01
482,Walker Kessler,24,UTA,C,5,5,154,6.1,8.6,.703,1.4,1.9,.750,4.7,6.8,.690,.784,3.3,4.7,.700,5.4,7.2,12.6,3.5,1.6,2.1,3.7,5.1,16.8,,kesslwa01
483,Joe Ingles,38,MIN,SF,27,2,153,3.8,6.4,.593,1.6,3.8,.438,2.1,2.6,.818,.722,0.5,0.5,1.000,0.0,4.5,4.5,8.0,2.1,0.5,3.3,2.1,9.6,,inglejo01
484,Charles Bassey,25,4TM,C,13,0,153,7.3,11.1,.660,0.0,0.0,,7.3,11.1,.660,.660,3.3,4.7,.700,5.4,8.0,13.4,1.6,0.9,2.6,1.4,4.5,17.9,,bassech01
484,Charles Bassey,25,MEM,C,2,0,31,3.5,9.3,.375,0.0,0.0,,3.5,9.3,.375,.375,1.2,3.5,.333,8.1,9.3,17.4,2.3,1.2,1.2,1.2,5.8,8.1,,bassech01
484,Charles Bassey,25,PHI,C,1,0,5,7.2,7.2,1.000,0.0,0.0,,7.2,7.2,1.000,1.000,0.0,0.0,,0.0,0.0,0.0,0.0,0.0,7.2,0.0,0.0,14.4,,bassech01
484,Charles Bassey,25,BOS,C,5,0,17,12.7,14.8,.857,0.0,0.0,,12.7,14.8,.857,.857,4.2,8.5,.500,8.5,4.2,12.7,0.0,2.1,4.2,2.1,6.4,29.6,,bassech01
484,Charles Bassey,25,GSW,C,5,0,100,7.6,11.2,.677,0.0,0.0,,7.6,11.2,.677,.677,4.0,4.7,.846,4.3,8.6,13.0,1.8,0.7,2.5,1.4,4.0,19.1,,bassech01
485,Adou Thiero,21,LAL,SF,25,0,149,3.9,7.5,.516,0.2,0.7,.333,3.6,6.8,.536,.532,3.4,5.3,.636,2.2,4.6,6.8,2.4,1.7,0.5,2.2,4.6,11.4,,thierad01
486,Thanasis Antetokounmpo,33,MIL,SF,34,0,148,3.6,7.8,.469,0.0,1.0,.000,3.6,6.8,.536,.469,4.1,7.3,.567,2.9,4.4,7.3,3.6,3.2,1.5,2.4,4.4,11.4,,antetth01
487,Alijah Martin,24,TOR,SG,23,0,146,3.9,12.3,.320,1.0,5.2,.190,3.0,7.2,.414,.360,3.7,4.7,.789,2.2,3.0,5.2,3.0,2.0,1.0,2.0,3.0,12.6,,martial01
488,Amari Williams,24,BOS,PF,22,2,146,2.5,4.9,.500,0.0,0.0,,2.5,4.9,.500,.500,2.5,3.5,.714,2.2,7.6,9.9,2.5,0.7,2.5,2.7,4.7,7.4,,william01
489,Bismack Biyombo,33,SAS,C,25,1,141,2.3,3.8,.600,0.0,0.0,,2.3,3.8,.600,.600,1.3,1.8,.714,1.3,5.4,6.6,1.3,1.0,0.5,2.0,6.9,5.9,,biyombi01
490,Tolu Smith,25,DET,PF,15,0,137,4.7,9.5,.500,0.0,0.0,,4.7,9.5,.500,.500,5.3,7.9,.667,5.8,7.1,12.9,3.4,0.5,1.6,1.8,6.0,14.7,,smithto05
491,Pacôme Dadiet,20,NYK,SG,29,0,136,4.2,12.7,.333,1.9,8.5,.219,2.4,4.2,.563,.406,2.4,2.9,.818,1.1,6.1,7.1,3.2,0.8,0.3,0.8,2.1,12.7,,dadiepa01
492,Mac McClung,27,2TM,SG,11,0,135,6.1,15.7,.390,1.9,8.0,.233,4.3,7.7,.552,.449,3.7,4.8,.778,0.5,2.1,2.7,2.7,2.9,0.8,2.4,5.1,17.9,,mccluma01
492,Mac McClung,27,IND,SG,3,0,34,7.4,19.1,.389,2.1,10.6,.200,5.3,8.5,.625,.444,3.2,4.2,.750,0.0,4.2,4.2,1.1,5.3,1.1,2.1,6.4,20.1,,mccluma01
492,Mac McClung,27,CHI,SG,8,0,101,5.7,14.6,.390,1.8,7.1,.250,3.9,7.5,.524,.451,3.9,5.0,.786,0.7,1.4,2.1,3.2,2.1,0.7,2.5,4.6,17.1,,mccluma01
493,Miles Kelly,23,DAL,PG,14,0,134,4.3,11.8,.364,2.7,8.9,.303,1.6,3.0,.545,.477,0.3,0.3,1.000,1.3,5.1,6.4,3.2,1.1,0.3,1.6,3.2,11.6,,kellymi02
494,Seth Curry,35,GSW,SG,10,0,133,6.5,13.3,.490,3.2,6.8,.480,3.2,6.5,.500,.612,3.0,3.2,.917,1.1,2.2,3.2,2.7,0.8,0.0,0.5,1.9,19.2,,curryse01
495,Bradley Beal,32,LAC,SG,6,6,121,5.4,14.3,.375,2.1,5.7,.368,3.3,8.6,.379,.448,1.8,2.4,.750,0.6,0.9,1.5,3.0,0.9,0.0,2.7,4.2,14.6,,bealbr01
496,Kobe Bufkin,22,LAL,SG,16,1,119,4.5,15.1,.300,1.5,7.9,.192,3.0,7.3,.417,.350,3.3,3.6,.917,0.3,3.6,3.9,3.0,0.6,0.9,1.5,2.7,13.9,,bufkiko01
497,Kyle Lowry,39,PHI,PG,14,0,118,1.2,7.6,.160,1.2,7.6,.160,0.0,0.0,,.240,1.5,1.8,.833,0.0,2.7,2.7,3.4,0.6,0.6,1.2,2.4,5.2,,lowryky01
498,Dereck Lively II,21,DAL,C,7,4,115,3.4,5.6,.611,0.0,0.0,,3.4,5.6,.611,.611,2.5,3.1,.800,4.4,7.2,11.6,4.1,1.3,3.4,3.1,6.6,9.4,,livelde01
499,Trey Alexander,22,NOP,SG,9,0,111,6.2,12.0,.514,1.9,3.9,.500,4.2,8.1,.520,.595,1.0,1.6,.600,0.3,3.2,3.6,2.9,1.9,0.6,1.0,4.2,15.2,,alexatr01
500,Omer Yurtseven,27,GSW,C,9,0,104,3.8,9.0,.423,0.0,1.4,.000,3.8,7.6,.500,.423,4.2,6.2,.667,4.5,5.9,10.4,2.8,0.7,0.3,3.1,5.2,11.8,,yurtsom01
501,Luke Travers,24,CLE,SG,12,0,103,3.1,12.6,.250,0.3,5.6,.063,2.8,7.0,.400,.264,3.1,3.1,1.000,3.1,5.2,8.4,3.1,2.4,1.4,1.0,2.1,9.8,,travelu01
502,Patrick Baldwin Jr.,23,3TM,SF,9,1,102,3.9,9.5,.407,2.1,4.9,.429,1.8,4.6,.385,.519,1.8,2.5,.714,4.2,3.9,8.1,1.8,1.1,1.8,1.8,5.3,11.6,,baldwpa01
502,Patrick Baldwin Jr.,23,LAC,SF,2,0,12,9.0,12.0,.750,6.0,9.0,.667,3.0,3.0,1.000,1.000,6.0,6.0,1.000,0.0,3.0,3.0,0.0,0.0,0.0,3.0,6.0,30.0,,baldwpa01
502,Patrick Baldwin Jr.,23,PHI,SF,1,0,2,0.0,0.0,,0.0,0.0,,0.0,0.0,,,0.0,0.0,,0.0,18.0,18.0,0.0,0.0,0.0,0.0,0.0,0.0,,baldwpa01
502,Patrick Baldwin Jr.,23,SAC,SF,6,1,88,3.3,9.4,.348,1.6,4.5,.364,1.6,4.9,.333,.435,1.2,2.0,.600,4.9,3.7,8.6,2.0,1.2,2.0,1.6,5.3,9.4,,baldwpa01
503,Alondes Williams,26,WAS,SG,4,0,101,5.7,9.3,.615,1.8,5.0,.357,3.9,4.3,.917,.712,2.5,2.9,.875,1.8,7.1,8.9,4.3,1.1,1.1,1.8,1.4,15.7,,willial06
504,Taj Gibson,40,MEM,C,10,1,97,4.5,9.6,.462,1.1,2.2,.500,3.3,7.4,.450,.519,2.6,3.0,.875,4.1,5.9,10.0,2.2,0.7,0.4,0.4,5.2,12.6,,gibsota01
505,Javonte Cooke,26,POR,SG,19,0,94,3.4,15.7,.220,1.1,8.8,.130,2.3,6.9,.333,.256,0.8,0.8,1.000,1.5,5.7,7.3,2.7,2.3,0.0,3.4,2.3,8.8,,cookeja01
506,Chris Boucher,33,BOS,PF,9,0,94,3.1,9.6,.320,0.8,5.7,.133,2.3,3.8,.600,.360,1.1,1.5,.750,0.8,6.1,6.9,1.1,1.9,2.7,0.4,6.5,8.0,,bouchch01
507,Isaiah Crawford,24,HOU,SF,14,0,92,3.9,9.4,.417,1.2,5.1,.231,2.7,4.3,.636,.479,2.0,2.3,.833,1.2,5.1,6.3,2.0,0.8,1.2,1.6,1.6,11.0,,crawfis01
508,Haywood Highsmith,29,PHO,SF,7,0,91,4.7,9.1,.522,3.2,5.5,.571,1.6,3.6,.444,.696,2.4,2.8,.857,2.4,2.8,5.1,2.8,1.6,0.0,0.0,3.6,15.0,,highsha01
509,Johnny Juzang,24,MIN,SG,21,0,88,6.5,15.5,.421,2.5,9.8,.250,4.1,5.7,.714,.500,2.0,3.3,.625,2.0,4.9,7.0,2.5,0.8,0.4,2.0,1.2,17.6,,juzanjo01
510,TyTy Washington Jr.,24,LAC,PG,16,0,88,3.7,7.8,.474,1.2,3.3,.375,2.5,4.5,.545,.553,0.0,0.0,,0.4,2.0,2.5,7.0,2.5,1.2,1.2,2.9,8.6,,washity02
511,Curtis Jones,24,DEN,SG,10,0,88,4.5,11.0,.407,2.5,7.4,.333,2.0,3.7,.556,.519,0.4,0.8,.500,0.8,3.7,4.5,4.1,1.6,0.0,0.8,2.5,11.9,,jonescu01
512,Tristan Enaruna,24,CLE,SF,9,0,85,5.9,11.9,.500,1.3,4.2,.300,4.7,7.6,.611,.554,2.5,3.4,.750,3.0,3.0,5.9,3.0,2.1,0.0,1.3,1.3,15.7,,enarutr01
513,Koby Brea,23,PHO,SG,12,0,84,6.4,15.4,.417,5.6,12.9,.433,0.9,2.6,.333,.597,0.9,0.9,1.000,0.4,3.0,3.4,4.3,0.4,0.0,1.7,2.6,19.3,,breako01
514,Trey Jemison,26,NYK,C,13,0,82,2.6,4.4,.600,0.0,0.0,,2.6,4.4,.600,.600,0.4,0.4,1.000,3.5,4.4,7.9,2.2,0.4,0.9,4.4,4.8,5.7,,jemistr01
515,Josh Oduro,25,NOP,PF,3,1,82,4.8,7.5,.647,0.0,0.9,.000,4.8,6.6,.733,.647,1.3,2.6,.500,4.8,5.3,10.1,1.8,0.0,0.0,0.9,6.1,11.0,,odurojo01
516,Caleb Houstan,23,ATL,SF,18,0,75,6.7,12.5,.538,5.3,10.1,.524,1.4,2.4,.600,.750,1.4,1.4,1.000,2.4,2.9,5.3,1.9,1.0,0.5,1.9,5.3,20.2,,houstca01
517,Eric Gordon,37,PHI,SG,6,0,74,5.8,10.2,.571,3.9,6.8,.571,1.9,3.4,.571,.762,0.5,1.0,.500,0.5,0.5,1.0,1.5,1.9,0.5,1.5,1.5,16.1,,gordoer01
518,Keshon Gilbert,22,2TM,SG,4,0,74,2.4,5.8,.417,0.0,1.5,.000,2.4,4.4,.556,.417,3.4,3.4,1.000,1.0,1.5,2.4,5.8,1.5,1.9,3.9,2.4,8.3,,gilbeke01
518,Keshon Gilbert,22,WAS,PG,3,0,48,0.7,3.0,.250,0.0,1.5,.000,0.7,1.5,.500,.250,3.0,3.0,1.000,1.5,2.3,3.7,2.3,1.5,3.0,4.5,2.3,4.5,,gilbeke01
518,Keshon Gilbert,22,ATL,SG,1,0,26,5.5,11.1,.500,0.0,1.4,.000,5.5,9.7,.571,.500,4.2,4.2,1.000,0.0,0.0,0.0,12.5,1.4,0.0,2.8,2.8,15.2,,gilbeke01
519,Garrett Temple,39,TOR,SG,22,0,73,2.0,7.4,.267,1.5,5.9,.250,0.5,1.5,.333,.367,3.0,4.4,.667,0.5,3.9,4.4,4.4,2.0,1.0,3.5,3.0,8.4,,templga01
520,David Roddy,24,DEN,PF,5,0,73,7.4,14.8,.500,1.5,5.4,.273,5.9,9.4,.632,.550,3.5,3.5,1.000,3.9,5.9,9.9,2.0,2.0,0.5,1.0,3.5,19.7,,roddyda01
521,Bobi Klintman,22,DET,SF,12,0,71,4.6,13.7,.333,2.0,6.6,.308,2.5,7.1,.357,.407,0.0,1.5,.000,2.5,7.1,9.6,3.0,1.5,0.0,3.0,5.6,11.2,,klintbo01
522,David Jones García,24,SAS,SF,11,0,68,6.9,13.2,.520,1.6,2.6,.600,5.3,10.6,.500,.580,1.6,3.2,.500,2.1,4.8,6.9,9.5,3.2,0.5,2.6,3.2,16.9,,jonesda06
523,Antonio Reeves,25,CHO,SG,10,0,68,5.3,10.6,.500,3.7,6.9,.538,1.6,3.7,.429,.675,0.0,0.0,,1.1,3.2,4.2,1.6,0.5,0.0,0.5,1.6,14.3,,reevean01
524,Kadary Richmond,24,WAS,SG,3,0,67,5.4,8.6,.625,1.1,2.1,.500,4.3,6.4,.667,.688,1.6,1.6,1.000,0.5,4.8,5.4,4.3,4.3,0.5,1.1,1.1,13.4,,richmka01
525,Monte Morris,30,IND,PG,6,0,65,3.9,11.1,.350,1.1,4.4,.250,2.8,6.6,.417,.400,1.1,2.2,.500,0.6,3.3,3.9,5.0,0.6,0.6,1.1,1.7,10.0,,morrimo01
526,Drew Peterson,26,CHO,PF,6,0,64,1.1,9.0,.125,0.0,6.8,.000,1.1,2.3,.500,.125,0.6,1.1,.500,1.7,3.4,5.1,1.1,1.7,0.6,0.0,1.7,2.8,,peterdr01
527,Payton Sandfort,23,OKC,SF,4,0,63,7.4,14.9,.500,4.0,9.7,.412,3.4,5.1,.667,.635,1.1,2.3,.500,0.6,5.1,5.7,0.0,0.6,0.0,0.6,4.6,20.0,,sandfpa01
528,Dalano Banton,26,2TM,PG,6,0,62,2.3,7.0,.333,0.0,0.6,.000,2.3,6.4,.364,.333,2.3,2.3,1.000,1.2,1.7,2.9,6.4,1.2,2.9,4.6,1.7,7.0,,bantoda01
528,Dalano Banton,26,LAC,PG,2,0,10,10.8,14.4,.750,0.0,0.0,,10.8,14.4,.750,.750,0.0,0.0,,3.6,0.0,3.6,7.2,3.6,0.0,3.6,0.0,21.6,,bantoda01
528,Dalano Banton,26,BOS,PG,4,0,52,0.7,5.5,.125,0.0,0.7,.000,0.7,4.8,.143,.125,2.8,2.8,1.000,0.7,2.1,2.8,6.2,0.7,3.5,4.8,2.1,4.2,,bantoda01
529,Wendell Moore Jr.,24,DET,SG,6,0,60,2.4,4.2,.571,0.0,0.6,.000,2.4,3.6,.667,.571,1.2,1.2,1.000,0.6,3.0,3.6,2.4,1.2,1.2,0.6,1.8,6.0,,moorewe01
530,DaQuan Jeffries,28,SAC,SG,3,0,60,6.6,11.4,.579,2.4,5.4,.444,4.2,6.0,.700,.684,3.0,3.0,1.000,1.8,1.2,3.0,0.6,1.2,0.0,0.0,5.4,18.6,,jeffrda01
531,Jahmir Young,25,MIA,PG,14,0,58,6.2,15.5,.400,1.9,5.6,.333,4.3,9.9,.438,.460,1.2,1.2,1.000,1.2,1.2,2.5,5.6,0.6,0.0,1.9,4.3,15.5,,youngja05
532,James Wiseman,24,IND,C,4,1,58,3.7,6.2,.600,0.0,0.0,,3.7,6.2,.600,.600,0.6,1.2,.500,3.1,1.9,5.0,1.9,0.0,0.6,3.1,6.2,8.1,,wisemja01
533,Riley Minix,25,2TM,SF,9,0,58,8.7,14.3,.609,2.5,7.4,.333,6.2,6.8,.909,.696,1.9,1.9,1.000,1.2,2.5,3.7,3.1,1.2,0.6,1.9,3.1,21.7,,minixri01
533,Riley Minix,25,SAS,SF,3,0,8,18.0,27.0,.667,4.5,13.5,.333,13.5,13.5,1.000,.750,0.0,0.0,,4.5,4.5,9.0,4.5,4.5,0.0,0.0,4.5,40.5,,minixri01
533,Riley Minix,25,CLE,SF,6,0,50,7.2,12.2,.588,2.2,6.5,.333,5.0,5.8,.875,.676,2.2,2.2,1.000,0.7,2.2,2.9,2.9,0.7,0.7,2.2,2.9,18.7,,minixri01
534,Johni Broome,23,PHI,C,11,0,55,2.6,15.7,.167,0.0,3.3,.000,2.6,12.4,.211,.167,1.3,3.9,.333,4.6,5.9,10.5,2.6,2.0,1.3,2.0,4.6,6.5,,broomjo01
535,Cody Martin,30,IND,SF,4,0,55,1.3,6.5,.200,0.0,3.3,.000,1.3,3.3,.400,.200,2.0,3.9,.500,0.7,8.5,9.2,1.3,2.6,1.3,2.6,3.3,4.6,,martico01
536,Lawson Lovering,22,MEM,C,2,1,49,4.4,7.3,.600,0.0,0.0,,4.4,7.3,.600,.600,1.5,3.7,.400,4.4,6.6,11.0,2.2,2.2,0.7,1.5,5.1,10.3,,loverla01
537,Chris Mañon,24,LAL,SG,9,0,46,1.6,4.7,.333,0.0,2.3,.000,1.6,2.3,.667,.333,2.3,3.1,.750,1.6,6.3,7.8,2.3,3.9,1.6,0.8,4.7,5.5,,manonch01
538,Mouhamadou Gueye,27,CHI,PF,2,0,45,4.8,8.8,.545,0.8,4.0,.200,4.0,4.8,.833,.591,2.4,3.2,.750,1.6,3.2,4.8,4.8,1.6,0.8,2.4,3.2,12.8,,gueyemo01
539,Mo Bamba,27,2TM,C,4,0,44,4.1,9.0,.455,0.0,0.0,,4.1,9.0,.455,.455,0.0,0.0,,8.2,9.8,18.0,0.8,0.0,2.5,1.6,4.9,8.2,,bambamo01
539,Mo Bamba,27,TOR,C,2,0,6,0.0,12.0,.000,0.0,0.0,,0.0,12.0,.000,.000,0.0,0.0,,6.0,6.0,12.0,0.0,0.0,6.0,0.0,12.0,0.0,,bambamo01
539,Mo Bamba,27,UTA,C,2,0,38,4.7,8.5,.556,0.0,0.0,,4.7,8.5,.556,.556,0.0,0.0,,8.5,10.4,18.9,0.9,0.0,1.9,1.9,3.8,9.5,,bambamo01
540,Zyon Pullin,24,MIN,SG,5,0,43,7.5,10.9,.692,0.8,2.5,.333,6.7,8.4,.800,.731,3.3,3.3,1.000,0.8,1.7,2.5,7.5,0.8,0.0,2.5,5.0,19.3,,pullizy01
541,Isaiah Stevens,25,SAC,PG,3,0,43,2.5,5.9,.429,0.0,0.8,.000,2.5,5.0,.500,.429,3.3,3.3,1.000,1.7,0.8,2.5,8.4,4.2,0.0,1.7,1.7,8.4,,steveis01
542,John Tonje,24,BOS,SG,6,0,42,3.4,12.0,.286,2.6,8.6,.300,0.9,3.4,.250,.393,3.4,3.4,1.000,0.0,5.1,5.1,1.7,1.7,0.0,0.0,4.3,12.9,,tonjejo01
543,Hunter Dickinson,25,NOP,C,5,0,42,4.3,12.0,.357,0.0,3.4,.000,4.3,8.6,.500,.357,1.7,1.7,1.000,1.7,2.6,4.3,1.7,0.9,1.7,2.6,5.1,10.3,,dickihu01
544,Dario Šarić,31,SAC,C,5,0,41,0.9,5.3,.167,0.9,2.6,.333,0.0,2.6,.000,.250,1.8,1.8,1.000,0.9,4.4,5.3,1.8,0.0,0.0,1.8,2.6,4.4,,saricda01
545,CJ Huntley,24,PHO,SF,4,0,40,5.4,9.9,.545,0.0,2.7,.000,5.4,7.2,.750,.545,0.0,0.0,,1.8,2.7,4.5,1.8,0.9,0.0,0.0,1.8,10.8,,huntlcj01
546,Dillon Jones,24,NYK,SF,7,0,39,1.8,8.3,.222,0.9,4.6,.200,0.9,3.7,.250,.278,3.7,3.7,1.000,1.8,4.6,6.5,3.7,2.8,0.0,0.0,5.5,8.3,,jonesdi01
547,Olivier Sarr,26,CLE,C,4,0,39,4.6,6.5,.714,1.8,2.8,.667,2.8,3.7,.750,.857,1.8,4.6,.400,1.8,8.3,10.2,4.6,1.8,2.8,1.8,8.3,12.9,,sarrol01
548,Skal Labissière,29,WAS,PF,3,0,38,5.7,9.5,.600,0.9,4.7,.200,4.7,4.7,1.000,.650,0.0,0.0,,2.8,5.7,8.5,2.8,1.9,0.9,0.9,2.8,12.3,,labissk01
549,Enrique Freeman,25,MIN,PF,4,0,37,3.9,7.8,.500,1.9,3.9,.500,1.9,3.9,.500,.625,2.9,3.9,.750,1.9,7.8,9.7,1.9,1.9,2.9,1.9,4.9,12.6,,freemen01
550,Max Shulga,23,BOS,SG,11,1,36,2.0,8.0,.250,1.0,4.0,.250,1.0,4.0,.250,.313,2.0,2.0,1.000,3.0,3.0,6.0,2.0,1.0,0.0,3.0,10.0,7.0,,shulgma01
551,Markelle Fultz,27,TOR,PG,5,0,36,2.0,11.0,.182,0.0,0.0,,2.0,11.0,.182,.182,0.0,0.0,,0.0,1.0,1.0,8.0,2.0,0.0,4.0,2.0,4.0,,fultzma01
552,Rocco Zikarsky,19,MIN,C,5,0,36,5.0,8.0,.625,0.0,0.0,,5.0,8.0,.625,.625,4.0,4.0,1.000,2.0,12.0,14.0,2.0,0.0,5.0,1.0,3.0,14.0,,zikarro01
553,Isaac Jones,25,2TM,PF,7,1,36,3.0,7.0,.429,0.0,2.0,.000,3.0,5.0,.600,.429,3.0,4.0,.750,2.0,3.0,5.0,1.0,0.0,1.0,1.0,4.0,9.0,,jonesis01
553,Isaac Jones,25,SAC,PF,3,1,17,2.1,4.2,.500,0.0,2.1,.000,2.1,2.1,1.000,.500,2.1,4.2,.500,4.2,0.0,4.2,2.1,0.0,0.0,0.0,8.5,6.4,,jonesis01
553,Isaac Jones,25,DET,PF,4,0,19,3.8,9.5,.400,0.0,1.9,.000,3.8,7.6,.500,.400,3.8,3.8,1.000,0.0,5.7,5.7,0.0,0.0,1.9,1.9,0.0,11.4,,jonesis01
554,Grant Nelson,23,BRK,PF,4,0,35,5.1,9.3,.556,0.0,0.0,,5.1,9.3,.556,.556,7.2,10.3,.700,1.0,5.1,6.2,5.1,1.0,5.1,4.1,6.2,17.5,,nelsogr02
555,Emanuel Miller,25,CHI,PF,5,0,33,6.5,14.2,.462,2.2,6.5,.333,4.4,7.6,.571,.538,1.1,2.2,.500,1.1,2.2,3.3,4.4,2.2,0.0,0.0,2.2,16.4,,milleem01
556,Jahmyl Telfort,24,LAC,PF,8,0,32,0.0,4.5,.000,0.0,4.5,.000,0.0,0.0,,.000,1.1,4.5,.250,0.0,3.4,3.4,1.1,1.1,0.0,1.1,5.6,1.1,,telfoja01
557,Sean Pedulla,23,LAC,PG,7,0,31,5.8,17.4,.333,3.5,11.6,.300,2.3,5.8,.400,.433,0.0,0.0,,0.0,3.5,3.5,5.8,0.0,0.0,1.2,4.6,15.1,,pedulse01
558,Harrison Ingram,23,SAS,SF,7,0,26,6.9,8.3,.833,1.4,1.4,1.000,5.5,6.9,.800,.917,0.0,0.0,,4.2,0.0,4.2,1.4,0.0,0.0,1.4,2.8,15.2,,ingraha01
559,Hunter Sallis,22,PHI,SG,7,0,26,4.2,6.9,.600,0.0,0.0,,4.2,6.9,.600,.600,1.4,2.8,.500,0.0,1.4,1.4,5.5,0.0,1.4,6.9,2.8,9.7,,sallihu01
560,Mark Sears,23,MIL,PG,7,0,26,8.3,18.0,.462,5.5,11.1,.500,2.8,6.9,.400,.615,8.3,11.1,.750,1.4,1.4,2.8,2.8,0.0,0.0,5.5,5.5,30.5,,searsma01
561,Orlando Robinson,25,ORL,C,4,1,25,4.3,7.2,.600,1.4,2.9,.500,2.9,4.3,.667,.700,0.0,0.0,,2.9,2.9,5.8,4.3,1.4,0.0,0.0,4.3,10.1,,robinor01
562,Hayden Gray,22,UTA,SG,1,0,25,2.9,4.3,.667,0.0,1.4,.000,2.9,2.9,1.000,.667,2.9,2.9,1.000,0.0,0.0,0.0,1.4,1.4,1.4,1.4,0.0,8.6,,grayha01
563,Vladislav Goldin,24,MIA,C,9,0,24,4.5,6.0,.750,0.0,0.0,,4.5,6.0,.750,.750,1.5,1.5,1.000,4.5,9.0,13.5,4.5,0.0,4.5,4.5,7.5,10.5,,goldivl01
564,Norchad Omier,24,LAC,PF,6,0,24,10.5,15.0,.700,0.0,1.5,.000,10.5,13.5,.778,.700,4.5,4.5,1.000,6.0,4.5,10.5,3.0,1.5,0.0,0.0,6.0,25.5,,omierno01
565,Alex Morales,28,ORL,PG,4,0,24,4.5,10.5,.429,0.0,1.5,.000,4.5,9.0,.500,.429,3.0,3.0,1.000,1.5,3.0,4.5,6.0,0.0,0.0,6.0,10.5,12.0,,moralal01
566,Jayson Kent,23,POR,SF,5,0,22,6.5,11.5,.571,1.6,6.5,.250,4.9,4.9,1.000,.643,1.6,1.6,1.000,0.0,8.2,8.2,0.0,1.6,1.6,0.0,1.6,16.4,,kentja01
567,Alex Antetokounmpo,24,MIL,SF,6,0,21,5.1,13.7,.375,3.4,12.0,.286,1.7,1.7,1.000,.500,18.9,25.7,.733,3.4,6.9,10.3,1.7,0.0,1.7,1.7,1.7,32.6,,antetal01
568,Colin Castleton,25,ORL,C,4,0,21,3.4,8.6,.400,0.0,0.0,,3.4,8.6,.400,.400,1.7,1.7,1.000,3.4,10.3,13.7,1.7,1.7,0.0,3.4,3.4,8.6,,castlco01
569,Brandon Clarke,29,MEM,PF,2,2,20,5.4,16.2,.333,0.0,0.0,,5.4,16.2,.333,.333,3.6,7.2,.500,7.2,3.6,10.8,1.8,3.6,0.0,0.0,9.0,14.4,,clarkbr01
570,Jacob Toppin,25,ATL,SF,5,0,17,8.5,12.7,.667,0.0,0.0,,8.5,12.7,.667,.667,0.0,0.0,,0.0,2.1,2.1,2.1,0.0,2.1,0.0,2.1,16.9,,toppija01
571,Chris Livingston,22,CLE,SF,3,0,17,8.5,14.8,.571,0.0,6.4,.000,8.5,8.5,1.000,.571,2.1,2.1,1.000,0.0,6.4,6.4,2.1,2.1,0.0,0.0,8.5,19.1,,livinch01
572,Trevor Keels,22,MIA,SG,8,0,15,7.2,28.8,.250,4.8,21.6,.222,2.4,7.2,.333,.333,0.0,0.0,,0.0,4.8,4.8,0.0,2.4,0.0,0.0,0.0,19.2,,keelstr01
573,Buddy Boeheim,26,OKC,SF,4,0,15,4.8,14.4,.333,4.8,14.4,.333,0.0,0.0,,.500,0.0,0.0,,0.0,0.0,0.0,0.0,0.0,0.0,0.0,2.4,14.4,,boehebu01
574,N'Faly Dante,24,ATL,C,4,0,15,2.4,9.6,.250,0.0,0.0,,2.4,9.6,.250,.250,2.4,2.4,1.000,7.2,9.6,16.8,0.0,4.8,0.0,2.4,2.4,7.2,,nfalyda01
575,Chucky Hepburn,22,TOR,PG,2,0,13,0.0,16.6,.000,0.0,13.8,.000,0.0,2.8,.000,.000,0.0,0.0,,0.0,2.8,2.8,5.5,2.8,0.0,2.8,5.5,0.0,,hepbuch01
576,Tristen Newton,24,HOU,SG,1,0,12,12.0,27.0,.444,6.0,15.0,.400,6.0,12.0,.500,.556,6.0,9.0,.667,6.0,3.0,9.0,0.0,3.0,0.0,0.0,0.0,36.0,,newtotr01
577,Tosan Evbuomwan,24,NYK,SF,5,0,8,0.0,4.5,.000,0.0,0.0,,0.0,4.5,.000,.000,0.0,0.0,,4.5,4.5,9.0,0.0,0.0,0.0,0.0,4.5,0.0,,evbuoto01
578,Stanley Umude,26,SAS,SG,2,0,7,5.1,10.3,.500,0.0,5.1,.000,5.1,5.1,1.000,.500,0.0,0.0,,0.0,0.0,0.0,5.1,5.1,0.0,0.0,10.3,10.3,,umudest01
579,Colby Jones,23,DET,SG,1,0,7,5.1,15.4,.333,0.0,10.3,.000,5.1,5.1,1.000,.333,0.0,0.0,,0.0,20.6,20.6,10.3,0.0,0.0,0.0,5.1,10.3,,jonesco02
580,Noa Essengue,19,CHI,PF,2,0,6,0.0,18.0,.000,0.0,12.0,.000,0.0,6.0,.000,.000,0.0,0.0,,0.0,0.0,0.0,0.0,6.0,0.0,0.0,6.0,0.0,,essenno01
581,Trentyn Flowers,20,CHI,SF,2,0,6,12.0,18.0,.667,0.0,6.0,.000,12.0,12.0,1.000,.667,0.0,0.0,,6.0,0.0,6.0,6.0,0.0,0.0,6.0,6.0,24.0,,flowetr01
582,Darius Brown II,26,CLE,SG,1,0,3,0.0,12.0,.000,0.0,0.0,,0.0,12.0,.000,.000,0.0,0.0,,0.0,12.0,12.0,0.0,0.0,0.0,0.0,0.0,0.0,,brownda04
,League Average,,,,,,,,,.471,,,.360,,,.550,.546,,,.783,,,,,,,,,,,-9999